sous_chapitre,theme,indicateur,reg,date_lib,date,valeur,type,nom_region
Épidémies Hivernales,Grippe,Niveau d'alerte épidémique,02,2023-S39,2023-09-25,1,Catégorielle,Martinique
Épidémies Hivernales,Grippe,Niveau d'alerte épidémique,07,2023-S39,2023-09-25,1,Catégorielle,
Épidémies Hivernales,Grippe,Niveau d'alerte épidémique,11,2023-S39,2023-09-25,1,Catégorielle,Île-de-France
Épidémies Hivernales,Grippe,Niveau d'alerte épidémique,52,2023-S39,2023-09-25,1,Catégorielle,Pays de la Loire
Épidémies Hivernales,Grippe,Niveau d'alerte épidémique,75,2023-S39,2023-09-25,1,Catégorielle,Nouvelle-Aquitaine
Épidémies Hivernales,Grippe,Niveau d'alerte épidémique,93,2023-S39,2023-09-25,1,Catégorielle,Provence-Alpes-Côte d'Azur
Épidémies Hivernales,Grippe,Niveau d'alerte épidémique,07,2023-S40,2023-10-02,1,Catégorielle,
Épidémies Hivernales,Grippe,Niveau d'alerte épidémique,24,2023-S40,2023-10-02,1,Catégorielle,Centre-Val de Loire
Épidémies Hivernales,Grippe,Niveau d'alerte épidémique,32,2023-S40,2023-10-02,1,Catégorielle,Hauts-de-France
Épidémies Hivernales,Grippe,Niveau d'alerte épidémique,75,2023-S40,2023-10-02,1,Catégorielle,Nouvelle-Aquitaine
Épidémies Hivernales,Grippe,Niveau d'alerte épidémique,93,2023-S40,2023-10-02,1,Catégorielle,Provence-Alpes-Côte d'Azur
Épidémies Hivernales,Grippe,Niveau d'alerte épidémique,94,2023-S40,2023-10-02,1,Catégorielle,Corse
Épidémies Hivernales,Grippe,Niveau d'alerte épidémique,02,2023-S41,2023-10-09,1,Catégorielle,Martinique
Épidémies Hivernales,Grippe,Niveau d'alerte épidémique,03,2023-S41,2023-10-09,1,Catégorielle,Guyane
Épidémies Hivernales,Grippe,Niveau d'alerte épidémique,27,2023-S41,2023-10-09,1,Catégorielle,Bourgogne-Franche-Comté
Épidémies Hivernales,Grippe,Niveau d'alerte épidémique,28,2023-S41,2023-10-09,1,Catégorielle,Normandie
Épidémies Hivernales,Grippe,Niveau d'alerte épidémique,76,2023-S41,2023-10-09,1,Catégorielle,Occitanie
Épidémies Hivernales,Grippe,Niveau d'alerte épidémique,94,2023-S41,2023-10-09,1,Catégorielle,Corse
Épidémies Hivernales,Grippe,Niveau d'alerte épidémique,01,2023-S42,2023-10-16,1,Catégorielle,Guadeloupe
Épidémies Hivernales,Grippe,Niveau d'alerte épidémique,02,2023-S42,2023-10-16,1,Catégorielle,Martinique
Épidémies Hivernales,Grippe,Niveau d'alerte épidémique,04,2023-S42,2023-10-16,3,Catégorielle,La Réunion
Épidémies Hivernales,Grippe,Niveau d'alerte épidémique,06,2023-S42,2023-10-16,2,Catégorielle,Mayotte
Épidémies Hivernales,Grippe,Niveau d'alerte épidémique,08,2023-S42,2023-10-16,1,Catégorielle,
Épidémies Hivernales,Grippe,Niveau d'alerte épidémique,52,2023-S42,2023-10-16,1,Catégorielle,Pays de la Loire
Épidémies Hivernales,Grippe,Niveau d'alerte épidémique,76,2023-S42,2023-10-16,1,Catégorielle,Occitanie
Épidémies Hivernales,Grippe,Niveau d'alerte épidémique,11,2023-S43,2023-10-23,1,Catégorielle,Île-de-France
Épidémies Hivernales,Grippe,Niveau d'alerte épidémique,32,2023-S43,2023-10-23,1,Catégorielle,Hauts-de-France
Épidémies Hivernales,Grippe,Niveau d'alerte épidémique,84,2023-S43,2023-10-23,1,Catégorielle,Auvergne-Rhône-Alpes
Épidémies Hivernales,Grippe,Niveau d'alerte épidémique,02,2023-S44,2023-10-30,1,Catégorielle,Martinique
Épidémies Hivernales,Grippe,Niveau d'alerte épidémique,04,2023-S44,2023-10-30,3,Catégorielle,La Réunion
Épidémies Hivernales,Grippe,Niveau d'alerte épidémique,07,2023-S44,2023-10-30,1,Catégorielle,
Épidémies Hivernales,Grippe,Niveau d'alerte épidémique,08,2023-S44,2023-10-30,1,Catégorielle,
Épidémies Hivernales,Grippe,Niveau d'alerte épidémique,11,2023-S44,2023-10-30,1,Catégorielle,Île-de-France
Épidémies Hivernales,Grippe,Niveau d'alerte épidémique,28,2023-S44,2023-10-30,1,Catégorielle,Normandie
Épidémies Hivernales,Grippe,Niveau d'alerte épidémique,44,2023-S44,2023-10-30,1,Catégorielle,Grand Est
Épidémies Hivernales,Grippe,Niveau d'alerte épidémique,75,2023-S44,2023-10-30,1,Catégorielle,Nouvelle-Aquitaine
Épidémies Hivernales,Grippe,Niveau d'alerte épidémique,84,2023-S44,2023-10-30,1,Catégorielle,Auvergne-Rhône-Alpes
Épidémies Hivernales,Grippe,Niveau d'alerte épidémique,02,2023-S45,2023-11-06,1,Catégorielle,Martinique
Épidémies Hivernales,Grippe,Niveau d'alerte épidémique,03,2023-S45,2023-11-06,1,Catégorielle,Guyane
Épidémies Hivernales,Grippe,Niveau d'alerte épidémique,04,2023-S45,2023-11-06,4,Catégorielle,La Réunion
Épidémies Hivernales,Grippe,Niveau d'alerte épidémique,07,2023-S45,2023-11-06,1,Catégorielle,
Épidémies Hivernales,Grippe,Niveau d'alerte épidémique,08,2023-S45,2023-11-06,1,Catégorielle,
Épidémies Hivernales,Grippe,Niveau d'alerte épidémique,24,2023-S45,2023-11-06,1,Catégorielle,Centre-Val de Loire
Épidémies Hivernales,Grippe,Niveau d'alerte épidémique,27,2023-S45,2023-11-06,1,Catégorielle,Bourgogne-Franche-Comté
Épidémies Hivernales,Grippe,Niveau d'alerte épidémique,52,2023-S45,2023-11-06,1,Catégorielle,Pays de la Loire
Épidémies Hivernales,Grippe,Niveau d'alerte épidémique,75,2023-S45,2023-11-06,1,Catégorielle,Nouvelle-Aquitaine
Épidémies Hivernales,Grippe,Niveau d'alerte épidémique,76,2023-S45,2023-11-06,1,Catégorielle,Occitanie
Épidémies Hivernales,Grippe,Niveau d'alerte épidémique,84,2023-S45,2023-11-06,1,Catégorielle,Auvergne-Rhône-Alpes
Épidémies Hivernales,Grippe,Niveau d'alerte épidémique,01,2023-S46,2023-11-13,1,Catégorielle,Guadeloupe
Épidémies Hivernales,Grippe,Niveau d'alerte épidémique,02,2023-S46,2023-11-13,1,Catégorielle,Martinique
Épidémies Hivernales,Grippe,Niveau d'alerte épidémique,03,2023-S46,2023-11-13,1,Catégorielle,Guyane
Épidémies Hivernales,Grippe,Niveau d'alerte épidémique,24,2023-S46,2023-11-13,1,Catégorielle,Centre-Val de Loire
Épidémies Hivernales,Grippe,Niveau d'alerte épidémique,32,2023-S46,2023-11-13,1,Catégorielle,Hauts-de-France
Épidémies Hivernales,Grippe,Niveau d'alerte épidémique,44,2023-S46,2023-11-13,1,Catégorielle,Grand Est
Épidémies Hivernales,Grippe,Niveau d'alerte épidémique,76,2023-S46,2023-11-13,1,Catégorielle,Occitanie
Épidémies Hivernales,Grippe,Niveau d'alerte épidémique,27,2023-S47,2023-11-20,1,Catégorielle,Bourgogne-Franche-Comté
Épidémies Hivernales,Grippe,Niveau d'alerte épidémique,28,2023-S47,2023-11-20,1,Catégorielle,Normandie
Épidémies Hivernales,Grippe,Niveau d'alerte épidémique,52,2023-S47,2023-11-20,1,Catégorielle,Pays de la Loire
Épidémies Hivernales,Grippe,Niveau d'alerte épidémique,94,2023-S47,2023-11-20,1,Catégorielle,Corse
Épidémies Hivernales,Grippe,Niveau d'alerte épidémique,02,2023-S48,2023-11-27,1,Catégorielle,Martinique
Épidémies Hivernales,Grippe,Niveau d'alerte épidémique,06,2023-S48,2023-11-27,3,Catégorielle,Mayotte
Épidémies Hivernales,Grippe,Niveau d'alerte épidémique,11,2023-S48,2023-11-27,2,Catégorielle,Île-de-France
Épidémies Hivernales,Grippe,Niveau d'alerte épidémique,27,2023-S48,2023-11-27,2,Catégorielle,Bourgogne-Franche-Comté
Épidémies Hivernales,Grippe,Niveau d'alerte épidémique,44,2023-S48,2023-11-27,2,Catégorielle,Grand Est
Épidémies Hivernales,Grippe,Niveau d'alerte épidémique,53,2023-S48,2023-11-27,1,Catégorielle,Bretagne
Épidémies Hivernales,Grippe,Niveau d'alerte épidémique,76,2023-S48,2023-11-27,1,Catégorielle,Occitanie
Épidémies Hivernales,Grippe,Niveau d'alerte épidémique,93,2023-S48,2023-11-27,2,Catégorielle,Provence-Alpes-Côte d'Azur
Épidémies Hivernales,Grippe,Niveau d'alerte épidémique,07,2023-S49,2023-12-04,1,Catégorielle,
Épidémies Hivernales,Grippe,Niveau d'alerte épidémique,11,2023-S49,2023-12-04,2,Catégorielle,Île-de-France
Épidémies Hivernales,Grippe,Niveau d'alerte épidémique,24,2023-S49,2023-12-04,2,Catégorielle,Centre-Val de Loire
Épidémies Hivernales,Grippe,Niveau d'alerte épidémique,27,2023-S49,2023-12-04,2,Catégorielle,Bourgogne-Franche-Comté
Épidémies Hivernales,Grippe,Niveau d'alerte épidémique,28,2023-S49,2023-12-04,1,Catégorielle,Normandie
Épidémies Hivernales,Grippe,Niveau d'alerte épidémique,32,2023-S49,2023-12-04,2,Catégorielle,Hauts-de-France
Épidémies Hivernales,Grippe,Niveau d'alerte épidémique,93,2023-S49,2023-12-04,3,Catégorielle,Provence-Alpes-Côte d'Azur
Épidémies Hivernales,Grippe,Niveau d'alerte épidémique,94,2023-S49,2023-12-04,1,Catégorielle,Corse
Épidémies Hivernales,Grippe,Niveau d'alerte épidémique,02,2023-S50,2023-12-11,1,Catégorielle,Martinique
Épidémies Hivernales,Grippe,Niveau d'alerte épidémique,08,2023-S50,2023-12-11,1,Catégorielle,
Épidémies Hivernales,Grippe,Niveau d'alerte épidémique,27,2023-S50,2023-12-11,3,Catégorielle,Bourgogne-Franche-Comté
Épidémies Hivernales,Grippe,Niveau d'alerte épidémique,28,2023-S50,2023-12-11,1,Catégorielle,Normandie
Épidémies Hivernales,Grippe,Niveau d'alerte épidémique,44,2023-S50,2023-12-11,3,Catégorielle,Grand Est
Épidémies Hivernales,Grippe,Niveau d'alerte épidémique,53,2023-S50,2023-12-11,1,Catégorielle,Bretagne
Épidémies Hivernales,Grippe,Niveau d'alerte épidémique,76,2023-S50,2023-12-11,3,Catégorielle,Occitanie
Épidémies Hivernales,Grippe,Niveau d'alerte épidémique,93,2023-S50,2023-12-11,3,Catégorielle,Provence-Alpes-Côte d'Azur
Épidémies Hivernales,Grippe,Niveau d'alerte épidémique,94,2023-S50,2023-12-11,1,Catégorielle,Corse
Épidémies Hivernales,Grippe,Niveau d'alerte épidémique,02,2023-S51,2023-12-18,1,Catégorielle,Martinique
Épidémies Hivernales,Grippe,Niveau d'alerte épidémique,03,2023-S51,2023-12-18,3,Catégorielle,Guyane
Épidémies Hivernales,Grippe,Niveau d'alerte épidémique,04,2023-S51,2023-12-18,4,Catégorielle,La Réunion
Épidémies Hivernales,Grippe,Niveau d'alerte épidémique,06,2023-S51,2023-12-18,3,Catégorielle,Mayotte
Épidémies Hivernales,Grippe,Niveau d'alerte épidémique,11,2023-S51,2023-12-18,3,Catégorielle,Île-de-France
Épidémies Hivernales,Grippe,Niveau d'alerte épidémique,28,2023-S51,2023-12-18,2,Catégorielle,Normandie
Épidémies Hivernales,Grippe,Niveau d'alerte épidémique,44,2023-S51,2023-12-18,3,Catégorielle,Grand Est
Épidémies Hivernales,Grippe,Niveau d'alerte épidémique,53,2023-S51,2023-12-18,2,Catégorielle,Bretagne
Épidémies Hivernales,Grippe,Niveau d'alerte épidémique,75,2023-S51,2023-12-18,2,Catégorielle,Nouvelle-Aquitaine
Épidémies Hivernales,Grippe,Niveau d'alerte épidémique,02,2023-S52,2023-12-25,1,Catégorielle,Martinique
Épidémies Hivernales,Grippe,Niveau d'alerte épidémique,03,2023-S52,2023-12-25,3,Catégorielle,Guyane
Épidémies Hivernales,Grippe,Niveau d'alerte épidémique,04,2023-S52,2023-12-25,1,Catégorielle,La Réunion
Épidémies Hivernales,Grippe,Niveau d'alerte épidémique,08,2023-S52,2023-12-25,2,Catégorielle,
Épidémies Hivernales,Grippe,Niveau d'alerte épidémique,27,2023-S52,2023-12-25,3,Catégorielle,Bourgogne-Franche-Comté
Épidémies Hivernales,Grippe,Niveau d'alerte épidémique,32,2023-S52,2023-12-25,3,Catégorielle,Hauts-de-France
Épidémies Hivernales,Grippe,Niveau d'alerte épidémique,53,2023-S52,2023-12-25,2,Catégorielle,Bretagne
Épidémies Hivernales,Grippe,Niveau d'alerte épidémique,01,2024-S01,2024-01-01,3,Catégorielle,Guadeloupe
Épidémies Hivernales,Grippe,Niveau d'alerte épidémique,04,2024-S01,2024-01-01,1,Catégorielle,La Réunion
Épidémies Hivernales,Grippe,Niveau d'alerte épidémique,06,2024-S01,2024-01-01,4,Catégorielle,Mayotte
Épidémies Hivernales,Grippe,Niveau d'alerte épidémique,52,2024-S01,2024-01-01,3,Catégorielle,Pays de la Loire
Épidémies Hivernales,Grippe,Niveau d'alerte épidémique,53,2024-S01,2024-01-01,2,Catégorielle,Bretagne
Épidémies Hivernales,Grippe,Niveau d'alerte épidémique,75,2024-S01,2024-01-01,3,Catégorielle,Nouvelle-Aquitaine
Épidémies Hivernales,Grippe,Niveau d'alerte épidémique,93,2024-S01,2024-01-01,3,Catégorielle,Provence-Alpes-Côte d'Azur
Épidémies Hivernales,Grippe,Niveau d'alerte épidémique,01,2024-S02,2024-01-08,3,Catégorielle,Guadeloupe
Épidémies Hivernales,Grippe,Niveau d'alerte épidémique,04,2024-S02,2024-01-08,1,Catégorielle,La Réunion
Épidémies Hivernales,Grippe,Niveau d'alerte épidémique,06,2024-S02,2024-01-08,4,Catégorielle,Mayotte
Épidémies Hivernales,Grippe,Niveau d'alerte épidémique,11,2024-S02,2024-01-08,3,Catégorielle,Île-de-France
Épidémies Hivernales,Grippe,Niveau d'alerte épidémique,28,2024-S02,2024-01-08,2,Catégorielle,Normandie
Épidémies Hivernales,Grippe,Niveau d'alerte épidémique,53,2024-S02,2024-01-08,2,Catégorielle,Bretagne
Épidémies Hivernales,Grippe,Niveau d'alerte épidémique,93,2024-S02,2024-01-08,3,Catégorielle,Provence-Alpes-Côte d'Azur
Épidémies Hivernales,Grippe,Niveau d'alerte épidémique,94,2024-S02,2024-01-08,3,Catégorielle,Corse
Épidémies Hivernales,Grippe,Niveau d'alerte épidémique,02,2024-S03,2024-01-15,3,Catégorielle,Martinique
Épidémies Hivernales,Grippe,Niveau d'alerte épidémique,03,2024-S03,2024-01-15,3,Catégorielle,Guyane
Épidémies Hivernales,Grippe,Niveau d'alerte épidémique,06,2024-S03,2024-01-15,4,Catégorielle,Mayotte
Épidémies Hivernales,Grippe,Niveau d'alerte épidémique,28,2024-S03,2024-01-15,3,Catégorielle,Normandie
Épidémies Hivernales,Grippe,Niveau d'alerte épidémique,44,2024-S03,2024-01-15,3,Catégorielle,Grand Est
Épidémies Hivernales,Grippe,Niveau d'alerte épidémique,75,2024-S03,2024-01-15,3,Catégorielle,Nouvelle-Aquitaine
Épidémies Hivernales,Grippe,Niveau d'alerte épidémique,84,2024-S03,2024-01-15,3,Catégorielle,Auvergne-Rhône-Alpes
Épidémies Hivernales,Grippe,Niveau d'alerte épidémique,93,2024-S03,2024-01-15,3,Catégorielle,Provence-Alpes-Côte d'Azur
Épidémies Hivernales,Grippe,Niveau d'alerte épidémique,94,2024-S03,2024-01-15,3,Catégorielle,Corse
Épidémies Hivernales,Grippe,Niveau d'alerte épidémique,03,2024-S04,2024-01-22,3,Catégorielle,Guyane
Épidémies Hivernales,Grippe,Niveau d'alerte épidémique,06,2024-S04,2024-01-22,1,Catégorielle,Mayotte
Épidémies Hivernales,Grippe,Niveau d'alerte épidémique,07,2024-S04,2024-01-22,3,Catégorielle,
Épidémies Hivernales,Grippe,Niveau d'alerte épidémique,11,2024-S04,2024-01-22,3,Catégorielle,Île-de-France
Épidémies Hivernales,Grippe,Niveau d'alerte épidémique,24,2024-S04,2024-01-22,3,Catégorielle,Centre-Val de Loire
Épidémies Hivernales,Grippe,Niveau d'alerte épidémique,27,2024-S04,2024-01-22,3,Catégorielle,Bourgogne-Franche-Comté
Épidémies Hivernales,Grippe,Niveau d'alerte épidémique,44,2024-S04,2024-01-22,3,Catégorielle,Grand Est
Épidémies Hivernales,Grippe,Niveau d'alerte épidémique,52,2024-S04,2024-01-22,3,Catégorielle,Pays de la Loire
Épidémies Hivernales,Grippe,Niveau d'alerte épidémique,84,2024-S04,2024-01-22,3,Catégorielle,Auvergne-Rhône-Alpes
Épidémies Hivernales,Grippe,Niveau d'alerte épidémique,01,2024-S05,2024-01-29,3,Catégorielle,Guadeloupe
Épidémies Hivernales,Grippe,Niveau d'alerte épidémique,04,2024-S05,2024-01-29,1,Catégorielle,La Réunion
Épidémies Hivernales,Grippe,Niveau d'alerte épidémique,08,2024-S05,2024-01-29,3,Catégorielle,
Épidémies Hivernales,Grippe,Niveau d'alerte épidémique,24,2024-S05,2024-01-29,3,Catégorielle,Centre-Val de Loire
Épidémies Hivernales,Grippe,Niveau d'alerte épidémique,53,2024-S05,2024-01-29,3,Catégorielle,Bretagne
Épidémies Hivernales,Grippe,Niveau d'alerte épidémique,76,2024-S05,2024-01-29,3,Catégorielle,Occitanie
Épidémies Hivernales,Grippe,Niveau d'alerte épidémique,94,2024-S05,2024-01-29,3,Catégorielle,Corse
Épidémies Hivernales,Grippe,Niveau d'alerte épidémique,06,2024-S06,2024-02-05,1,Catégorielle,Mayotte
Épidémies Hivernales,Grippe,Niveau d'alerte épidémique,07,2024-S06,2024-02-05,3,Catégorielle,
Épidémies Hivernales,Grippe,Niveau d'alerte épidémique,27,2024-S06,2024-02-05,3,Catégorielle,Bourgogne-Franche-Comté
Épidémies Hivernales,Grippe,Niveau d'alerte épidémique,28,2024-S06,2024-02-05,3,Catégorielle,Normandie
Épidémies Hivernales,Grippe,Niveau d'alerte épidémique,52,2024-S06,2024-02-05,3,Catégorielle,Pays de la Loire
Épidémies Hivernales,Grippe,Niveau d'alerte épidémique,75,2024-S06,2024-02-05,3,Catégorielle,Nouvelle-Aquitaine
Épidémies Hivernales,Grippe,Niveau d'alerte épidémique,84,2024-S06,2024-02-05,3,Catégorielle,Auvergne-Rhône-Alpes
Épidémies Hivernales,Grippe,Niveau d'alerte épidémique,94,2024-S06,2024-02-05,3,Catégorielle,Corse
Épidémies Hivernales,Grippe,Niveau d'alerte épidémique,03,2024-S07,2024-02-12,3,Catégorielle,Guyane
Épidémies Hivernales,Grippe,Niveau d'alerte épidémique,06,2024-S07,2024-02-12,1,Catégorielle,Mayotte
Épidémies Hivernales,Grippe,Niveau d'alerte épidémique,08,2024-S07,2024-02-12,3,Catégorielle,
Épidémies Hivernales,Grippe,Niveau d'alerte épidémique,11,2024-S07,2024-02-12,3,Catégorielle,Île-de-France
Épidémies Hivernales,Grippe,Niveau d'alerte épidémique,32,2024-S07,2024-02-12,3,Catégorielle,Hauts-de-France
Épidémies Hivernales,Grippe,Niveau d'alerte épidémique,52,2024-S07,2024-02-12,3,Catégorielle,Pays de la Loire
Épidémies Hivernales,Grippe,Niveau d'alerte épidémique,84,2024-S07,2024-02-12,3,Catégorielle,Auvergne-Rhône-Alpes
Épidémies Hivernales,Grippe,Niveau d'alerte épidémique,94,2024-S07,2024-02-12,3,Catégorielle,Corse
Épidémies Hivernales,Grippe,Niveau d'alerte épidémique,08,2024-S08,2024-02-19,3,Catégorielle,
Épidémies Hivernales,Grippe,Niveau d'alerte épidémique,11,2024-S08,2024-02-19,3,Catégorielle,Île-de-France
Épidémies Hivernales,Grippe,Niveau d'alerte épidémique,28,2024-S08,2024-02-19,3,Catégorielle,Normandie
Épidémies Hivernales,Grippe,Niveau d'alerte épidémique,44,2024-S08,2024-02-19,3,Catégorielle,Grand Est
Épidémies Hivernales,Grippe,Niveau d'alerte épidémique,76,2024-S08,2024-02-19,3,Catégorielle,Occitanie
Épidémies Hivernales,Grippe,Niveau d'alerte épidémique,84,2024-S08,2024-02-19,3,Catégorielle,Auvergne-Rhône-Alpes
Épidémies Hivernales,Grippe,Niveau d'alerte épidémique,93,2024-S08,2024-02-19,3,Catégorielle,Provence-Alpes-Côte d'Azur
Épidémies Hivernales,Grippe,Niveau d'alerte épidémique,07,2024-S09,2024-02-26,4,Catégorielle,
Épidémies Hivernales,Grippe,Niveau d'alerte épidémique,08,2024-S09,2024-02-26,3,Catégorielle,
Épidémies Hivernales,Grippe,Niveau d'alerte épidémique,24,2024-S09,2024-02-26,3,Catégorielle,Centre-Val de Loire
Épidémies Hivernales,Grippe,Niveau d'alerte épidémique,27,2024-S09,2024-02-26,3,Catégorielle,Bourgogne-Franche-Comté
Épidémies Hivernales,Grippe,Niveau d'alerte épidémique,32,2024-S09,2024-02-26,4,Catégorielle,Hauts-de-France
Épidémies Hivernales,Grippe,Niveau d'alerte épidémique,84,2024-S09,2024-02-26,4,Catégorielle,Auvergne-Rhône-Alpes
Épidémies Hivernales,Grippe,Niveau d'alerte épidémique,94,2024-S09,2024-02-26,4,Catégorielle,Corse
Épidémies Hivernales,Grippe,Niveau d'alerte épidémique,02,2024-S10,2024-03-04,3,Catégorielle,Martinique
Épidémies Hivernales,Grippe,Niveau d'alerte épidémique,03,2024-S10,2024-03-04,4,Catégorielle,Guyane
Épidémies Hivernales,Grippe,Niveau d'alerte épidémique,27,2024-S10,2024-03-04,4,Catégorielle,Bourgogne-Franche-Comté
Épidémies Hivernales,Grippe,Niveau d'alerte épidémique,84,2024-S10,2024-03-04,4,Catégorielle,Auvergne-Rhône-Alpes
Épidémies Hivernales,Grippe,Niveau d'alerte épidémique,03,2024-S11,2024-03-11,4,Catégorielle,Guyane
Épidémies Hivernales,Grippe,Niveau d'alerte épidémique,06,2024-S11,2024-03-11,1,Catégorielle,Mayotte
Épidémies Hivernales,Grippe,Niveau d'alerte épidémique,08,2024-S11,2024-03-11,4,Catégorielle,
Épidémies Hivernales,Grippe,Niveau d'alerte épidémique,27,2024-S11,2024-03-11,4,Catégorielle,Bourgogne-Franche-Comté
Épidémies Hivernales,Grippe,Niveau d'alerte épidémique,28,2024-S11,2024-03-11,4,Catégorielle,Normandie
Épidémies Hivernales,Grippe,Niveau d'alerte épidémique,52,2024-S11,2024-03-11,4,Catégorielle,Pays de la Loire
Épidémies Hivernales,Grippe,Niveau d'alerte épidémique,84,2024-S11,2024-03-11,4,Catégorielle,Auvergne-Rhône-Alpes
Épidémies Hivernales,Grippe,Niveau d'alerte épidémique,01,2024-S12,2024-03-18,3,Catégorielle,Guadeloupe
Épidémies Hivernales,Grippe,Niveau d'alerte épidémique,11,2024-S12,2024-03-18,1,Catégorielle,Île-de-France
Épidémies Hivernales,Grippe,Niveau d'alerte épidémique,24,2024-S12,2024-03-18,4,Catégorielle,Centre-Val de Loire
Épidémies Hivernales,Grippe,Niveau d'alerte épidémique,32,2024-S12,2024-03-18,1,Catégorielle,Hauts-de-France
Épidémies Hivernales,Grippe,Niveau d'alerte épidémique,52,2024-S12,2024-03-18,1,Catégorielle,Pays de la Loire
Épidémies Hivernales,Grippe,Niveau d'alerte épidémique,93,2024-S12,2024-03-18,1,Catégorielle,Provence-Alpes-Côte d'Azur
Épidémies Hivernales,Grippe,Niveau d'alerte épidémique,07,2024-S13,2024-03-25,1,Catégorielle,
Épidémies Hivernales,Grippe,Niveau d'alerte épidémique,24,2024-S13,2024-03-25,1,Catégorielle,Centre-Val de Loire
Épidémies Hivernales,Grippe,Niveau d'alerte épidémique,44,2024-S13,2024-03-25,1,Catégorielle,Grand Est
Épidémies Hivernales,Grippe,Niveau d'alerte épidémique,76,2024-S13,2024-03-25,1,Catégorielle,Occitanie
Épidémies Hivernales,Grippe,Niveau d'alerte épidémique,84,2024-S13,2024-03-25,1,Catégorielle,Auvergne-Rhône-Alpes
Épidémies Hivernales,Grippe,Niveau d'alerte épidémique,02,2024-S14,2024-04-01,4,Catégorielle,Martinique
Épidémies Hivernales,Grippe,Niveau d'alerte épidémique,07,2024-S14,2024-04-01,1,Catégorielle,
Épidémies Hivernales,Grippe,Niveau d'alerte épidémique,24,2024-S14,2024-04-01,1,Catégorielle,Centre-Val de Loire
Épidémies Hivernales,Grippe,Niveau d'alerte épidémique,27,2024-S14,2024-04-01,1,Catégorielle,Bourgogne-Franche-Comté
Épidémies Hivernales,Grippe,Niveau d'alerte épidémique,28,2024-S14,2024-04-01,1,Catégorielle,Normandie
Épidémies Hivernales,Grippe,Niveau d'alerte épidémique,32,2024-S14,2024-04-01,1,Catégorielle,Hauts-de-France
Épidémies Hivernales,Grippe,Niveau d'alerte épidémique,44,2024-S14,2024-04-01,1,Catégorielle,Grand Est
Épidémies Hivernales,Grippe,Niveau d'alerte épidémique,94,2024-S14,2024-04-01,1,Catégorielle,Corse
Épidémies Hivernales,Grippe,Niveau d'alerte épidémique,02,2024-S15,2024-04-08,4,Catégorielle,Martinique
Épidémies Hivernales,Grippe,Niveau d'alerte épidémique,03,2024-S15,2024-04-08,1,Catégorielle,Guyane
Épidémies Hivernales,Grippe,Niveau d'alerte épidémique,04,2024-S15,2024-04-08,1,Catégorielle,La Réunion
Épidémies Hivernales,Grippe,Niveau d'alerte épidémique,06,2024-S15,2024-04-08,1,Catégorielle,Mayotte
Épidémies Hivernales,Grippe,Niveau d'alerte épidémique,08,2024-S15,2024-04-08,1,Catégorielle,
Épidémies Hivernales,Grippe,Niveau d'alerte épidémique,24,2024-S15,2024-04-08,1,Catégorielle,Centre-Val de Loire
Épidémies Hivernales,Grippe,Niveau d'alerte épidémique,27,2024-S15,2024-04-08,1,Catégorielle,Bourgogne-Franche-Comté
Épidémies Hivernales,Grippe,Niveau d'alerte épidémique,76,2024-S15,2024-04-08,1,Catégorielle,Occitanie
Épidémies Hivernales,Grippe,Niveau d'alerte épidémique,11,2024-S39,2024-09-23,1,Catégorielle,Île-de-France
Épidémies Hivernales,Grippe,Niveau d'alerte épidémique,04,2024-S40,2024-09-30,3,Catégorielle,La Réunion
Épidémies Hivernales,Grippe,Niveau d'alerte épidémique,06,2024-S40,2024-09-30,1,Catégorielle,Mayotte
Épidémies Hivernales,Grippe,Niveau d'alerte épidémique,08,2024-S40,2024-09-30,1,Catégorielle,
Épidémies Hivernales,Grippe,Niveau d'alerte épidémique,53,2024-S40,2024-09-30,1,Catégorielle,Bretagne
Épidémies Hivernales,Grippe,Niveau d'alerte épidémique,93,2024-S40,2024-09-30,1,Catégorielle,Provence-Alpes-Côte d'Azur
Épidémies Hivernales,Grippe,Niveau d'alerte épidémique,03,2024-S41,2024-10-07,1,Catégorielle,Guyane
Épidémies Hivernales,Grippe,Niveau d'alerte épidémique,06,2024-S41,2024-10-07,1,Catégorielle,Mayotte
Épidémies Hivernales,Grippe,Niveau d'alerte épidémique,11,2024-S41,2024-10-07,1,Catégorielle,Île-de-France
Épidémies Hivernales,Grippe,Niveau d'alerte épidémique,27,2024-S41,2024-10-07,1,Catégorielle,Bourgogne-Franche-Comté
Épidémies Hivernales,Grippe,Niveau d'alerte épidémique,28,2024-S41,2024-10-07,1,Catégorielle,Normandie
Épidémies Hivernales,Grippe,Niveau d'alerte épidémique,32,2024-S41,2024-10-07,1,Catégorielle,Hauts-de-France
Épidémies Hivernales,Grippe,Niveau d'alerte épidémique,76,2024-S41,2024-10-07,1,Catégorielle,Occitanie
Épidémies Hivernales,Grippe,Niveau d'alerte épidémique,01,2024-S42,2024-10-14,1,Catégorielle,Guadeloupe
Épidémies Hivernales,Grippe,Niveau d'alerte épidémique,02,2024-S42,2024-10-14,1,Catégorielle,Martinique
Épidémies Hivernales,Grippe,Niveau d'alerte épidémique,08,2024-S42,2024-10-14,1,Catégorielle,
Épidémies Hivernales,Grippe,Niveau d'alerte épidémique,32,2024-S42,2024-10-14,1,Catégorielle,Hauts-de-France
Épidémies Hivernales,Grippe,Niveau d'alerte épidémique,02,2024-S43,2024-10-21,1,Catégorielle,Martinique
Épidémies Hivernales,Grippe,Niveau d'alerte épidémique,06,2024-S43,2024-10-21,1,Catégorielle,Mayotte
Épidémies Hivernales,Grippe,Niveau d'alerte épidémique,11,2024-S43,2024-10-21,1,Catégorielle,Île-de-France
Épidémies Hivernales,Grippe,Niveau d'alerte épidémique,32,2024-S43,2024-10-21,1,Catégorielle,Hauts-de-France
Épidémies Hivernales,Grippe,Niveau d'alerte épidémique,52,2024-S43,2024-10-21,1,Catégorielle,Pays de la Loire
Épidémies Hivernales,Grippe,Niveau d'alerte épidémique,75,2024-S43,2024-10-21,1,Catégorielle,Nouvelle-Aquitaine
Épidémies Hivernales,Grippe,Niveau d'alerte épidémique,93,2024-S43,2024-10-21,1,Catégorielle,Provence-Alpes-Côte d'Azur
Épidémies Hivernales,Grippe,Niveau d'alerte épidémique,94,2024-S43,2024-10-21,1,Catégorielle,Corse
Épidémies Hivernales,Grippe,Niveau d'alerte épidémique,04,2024-S44,2024-10-28,3,Catégorielle,La Réunion
Épidémies Hivernales,Grippe,Niveau d'alerte épidémique,07,2024-S44,2024-10-28,2,Catégorielle,
Épidémies Hivernales,Grippe,Niveau d'alerte épidémique,08,2024-S44,2024-10-28,1,Catégorielle,
Épidémies Hivernales,Grippe,Niveau d'alerte épidémique,11,2024-S44,2024-10-28,1,Catégorielle,Île-de-France
Épidémies Hivernales,Grippe,Niveau d'alerte épidémique,75,2024-S44,2024-10-28,1,Catégorielle,Nouvelle-Aquitaine
Épidémies Hivernales,Grippe,Niveau d'alerte épidémique,02,2024-S45,2024-11-04,1,Catégorielle,Martinique
Épidémies Hivernales,Grippe,Niveau d'alerte épidémique,04,2024-S45,2024-11-04,4,Catégorielle,La Réunion
Épidémies Hivernales,Grippe,Niveau d'alerte épidémique,07,2024-S45,2024-11-04,2,Catégorielle,
Épidémies Hivernales,Grippe,Niveau d'alerte épidémique,52,2024-S45,2024-11-04,1,Catégorielle,Pays de la Loire
Épidémies Hivernales,Grippe,Niveau d'alerte épidémique,75,2024-S45,2024-11-04,1,Catégorielle,Nouvelle-Aquitaine
Épidémies Hivernales,Grippe,Niveau d'alerte épidémique,76,2024-S45,2024-11-04,1,Catégorielle,Occitanie
Épidémies Hivernales,Grippe,Niveau d'alerte épidémique,93,2024-S45,2024-11-04,1,Catégorielle,Provence-Alpes-Côte d'Azur
Épidémies Hivernales,Grippe,Niveau d'alerte épidémique,94,2024-S45,2024-11-04,1,Catégorielle,Corse
Épidémies Hivernales,Grippe,Niveau d'alerte épidémique,01,2024-S46,2024-11-11,1,Catégorielle,Guadeloupe
Épidémies Hivernales,Grippe,Niveau d'alerte épidémique,03,2024-S46,2024-11-11,1,Catégorielle,Guyane
Épidémies Hivernales,Grippe,Niveau d'alerte épidémique,11,2024-S46,2024-11-11,2,Catégorielle,Île-de-France
Épidémies Hivernales,Grippe,Niveau d'alerte épidémique,27,2024-S46,2024-11-11,1,Catégorielle,Bourgogne-Franche-Comté
Épidémies Hivernales,Grippe,Niveau d'alerte épidémique,53,2024-S46,2024-11-11,1,Catégorielle,Bretagne
Épidémies Hivernales,Grippe,Niveau d'alerte épidémique,75,2024-S46,2024-11-11,1,Catégorielle,Nouvelle-Aquitaine
Épidémies Hivernales,Grippe,Niveau d'alerte épidémique,76,2024-S46,2024-11-11,1,Catégorielle,Occitanie
Épidémies Hivernales,Grippe,Niveau d'alerte épidémique,94,2024-S46,2024-11-11,1,Catégorielle,Corse
Épidémies Hivernales,Grippe,Niveau d'alerte épidémique,01,2024-S47,2024-11-18,1,Catégorielle,Guadeloupe
Épidémies Hivernales,Grippe,Niveau d'alerte épidémique,04,2024-S47,2024-11-18,1,Catégorielle,La Réunion
Épidémies Hivernales,Grippe,Niveau d'alerte épidémique,06,2024-S47,2024-11-18,1,Catégorielle,Mayotte
Épidémies Hivernales,Grippe,Niveau d'alerte épidémique,11,2024-S47,2024-11-18,2,Catégorielle,Île-de-France
Épidémies Hivernales,Grippe,Niveau d'alerte épidémique,24,2024-S47,2024-11-18,1,Catégorielle,Centre-Val de Loire
Épidémies Hivernales,Grippe,Niveau d'alerte épidémique,28,2024-S47,2024-11-18,2,Catégorielle,Normandie
Épidémies Hivernales,Grippe,Niveau d'alerte épidémique,75,2024-S47,2024-11-18,1,Catégorielle,Nouvelle-Aquitaine
Épidémies Hivernales,Grippe,Niveau d'alerte épidémique,84,2024-S47,2024-11-18,1,Catégorielle,Auvergne-Rhône-Alpes
Épidémies Hivernales,Grippe,Niveau d'alerte épidémique,93,2024-S47,2024-11-18,1,Catégorielle,Provence-Alpes-Côte d'Azur
Épidémies Hivernales,Grippe,Niveau d'alerte épidémique,94,2024-S47,2024-11-18,1,Catégorielle,Corse
Épidémies Hivernales,Grippe,Niveau d'alerte épidémique,03,2024-S48,2024-11-25,1,Catégorielle,Guyane
Épidémies Hivernales,Grippe,Niveau d'alerte épidémique,04,2024-S48,2024-11-25,1,Catégorielle,La Réunion
Épidémies Hivernales,Grippe,Niveau d'alerte épidémique,07,2024-S48,2024-11-25,1,Catégorielle,
Épidémies Hivernales,Grippe,Niveau d'alerte épidémique,44,2024-S48,2024-11-25,2,Catégorielle,Grand Est
Épidémies Hivernales,Grippe,Niveau d'alerte épidémique,84,2024-S48,2024-11-25,2,Catégorielle,Auvergne-Rhône-Alpes
Épidémies Hivernales,Grippe,Niveau d'alerte épidémique,93,2024-S48,2024-11-25,1,Catégorielle,Provence-Alpes-Côte d'Azur
Épidémies Hivernales,Grippe,Niveau d'alerte épidémique,01,2024-S49,2024-12-02,1,Catégorielle,Guadeloupe
Épidémies Hivernales,Grippe,Niveau d'alerte épidémique,03,2024-S49,2024-12-02,1,Catégorielle,Guyane
Épidémies Hivernales,Grippe,Niveau d'alerte épidémique,24,2024-S49,2024-12-02,2,Catégorielle,Centre-Val de Loire
Épidémies Hivernales,Grippe,Niveau d'alerte épidémique,27,2024-S49,2024-12-02,3,Catégorielle,Bourgogne-Franche-Comté
Épidémies Hivernales,Grippe,Niveau d'alerte épidémique,28,2024-S49,2024-12-02,3,Catégorielle,Normandie
Épidémies Hivernales,Grippe,Niveau d'alerte épidémique,32,2024-S49,2024-12-02,3,Catégorielle,Hauts-de-France
Épidémies Hivernales,Grippe,Niveau d'alerte épidémique,53,2024-S49,2024-12-02,2,Catégorielle,Bretagne
Épidémies Hivernales,Grippe,Niveau d'alerte épidémique,76,2024-S49,2024-12-02,2,Catégorielle,Occitanie
Épidémies Hivernales,Grippe,Niveau d'alerte épidémique,93,2024-S49,2024-12-02,2,Catégorielle,Provence-Alpes-Côte d'Azur
Épidémies Hivernales,Grippe,Niveau d'alerte épidémique,94,2024-S49,2024-12-02,1,Catégorielle,Corse
Épidémies Hivernales,Grippe,Niveau d'alerte épidémique,01,2024-S50,2024-12-09,1,Catégorielle,Guadeloupe
Épidémies Hivernales,Grippe,Niveau d'alerte épidémique,11,2024-S50,2024-12-09,3,Catégorielle,Île-de-France
Épidémies Hivernales,Grippe,Niveau d'alerte épidémique,27,2024-S50,2024-12-09,3,Catégorielle,Bourgogne-Franche-Comté
Épidémies Hivernales,Grippe,Niveau d'alerte épidémique,32,2024-S50,2024-12-09,3,Catégorielle,Hauts-de-France
Épidémies Hivernales,Grippe,Niveau d'alerte épidémique,44,2024-S50,2024-12-09,3,Catégorielle,Grand Est
Épidémies Hivernales,Grippe,Niveau d'alerte épidémique,75,2024-S50,2024-12-09,3,Catégorielle,Nouvelle-Aquitaine
Épidémies Hivernales,Grippe,Niveau d'alerte épidémique,94,2024-S50,2024-12-09,2,Catégorielle,Corse
Épidémies Hivernales,Grippe,Niveau d'alerte épidémique,01,2024-S51,2024-12-16,1,Catégorielle,Guadeloupe
Épidémies Hivernales,Grippe,Niveau d'alerte épidémique,02,2024-S51,2024-12-16,2,Catégorielle,Martinique
Épidémies Hivernales,Grippe,Niveau d'alerte épidémique,24,2024-S51,2024-12-16,3,Catégorielle,Centre-Val de Loire
Épidémies Hivernales,Grippe,Niveau d'alerte épidémique,27,2024-S51,2024-12-16,3,Catégorielle,Bourgogne-Franche-Comté
Épidémies Hivernales,Grippe,Niveau d'alerte épidémique,76,2024-S51,2024-12-16,3,Catégorielle,Occitanie
Épidémies Hivernales,Grippe,Niveau d'alerte épidémique,84,2024-S51,2024-12-16,3,Catégorielle,Auvergne-Rhône-Alpes
Épidémies Hivernales,Grippe,Niveau d'alerte épidémique,02,2024-S52,2024-12-23,3,Catégorielle,Martinique
Épidémies Hivernales,Grippe,Niveau d'alerte épidémique,11,2024-S52,2024-12-23,3,Catégorielle,Île-de-France
Épidémies Hivernales,Grippe,Niveau d'alerte épidémique,24,2024-S52,2024-12-23,3,Catégorielle,Centre-Val de Loire
Épidémies Hivernales,Grippe,Niveau d'alerte épidémique,27,2024-S52,2024-12-23,3,Catégorielle,Bourgogne-Franche-Comté
Épidémies Hivernales,Grippe,Niveau d'alerte épidémique,44,2024-S52,2024-12-23,3,Catégorielle,Grand Est
Épidémies Hivernales,Grippe,Niveau d'alerte épidémique,53,2024-S52,2024-12-23,3,Catégorielle,Bretagne
Épidémies Hivernales,Grippe,Niveau d'alerte épidémique,75,2024-S52,2024-12-23,3,Catégorielle,Nouvelle-Aquitaine
Épidémies Hivernales,Grippe,Niveau d'alerte épidémique,76,2024-S52,2024-12-23,3,Catégorielle,Occitanie
Épidémies Hivernales,Grippe,Niveau d'alerte épidémique,01,2025-S01,2024-12-30,3,Catégorielle,Guadeloupe
Épidémies Hivernales,Grippe,Niveau d'alerte épidémique,11,2025-S01,2024-12-30,3,Catégorielle,Île-de-France
Épidémies Hivernales,Grippe,Niveau d'alerte épidémique,53,2025-S01,2024-12-30,3,Catégorielle,Bretagne
Épidémies Hivernales,Grippe,Niveau d'alerte épidémique,75,2025-S01,2024-12-30,3,Catégorielle,Nouvelle-Aquitaine
Épidémies Hivernales,Grippe,Niveau d'alerte épidémique,84,2025-S01,2024-12-30,3,Catégorielle,Auvergne-Rhône-Alpes
Épidémies Hivernales,Grippe,Niveau d'alerte épidémique,06,2025-S02,2025-01-06,2,Catégorielle,Mayotte
Épidémies Hivernales,Grippe,Niveau d'alerte épidémique,11,2025-S02,2025-01-06,3,Catégorielle,Île-de-France
Épidémies Hivernales,Grippe,Niveau d'alerte épidémique,24,2025-S02,2025-01-06,3,Catégorielle,Centre-Val de Loire
Épidémies Hivernales,Grippe,Niveau d'alerte épidémique,28,2025-S02,2025-01-06,3,Catégorielle,Normandie
Épidémies Hivernales,Grippe,Niveau d'alerte épidémique,53,2025-S02,2025-01-06,3,Catégorielle,Bretagne
Épidémies Hivernales,Grippe,Niveau d'alerte épidémique,75,2025-S02,2025-01-06,3,Catégorielle,Nouvelle-Aquitaine
Épidémies Hivernales,Grippe,Niveau d'alerte épidémique,76,2025-S02,2025-01-06,3,Catégorielle,Occitanie
Épidémies Hivernales,Grippe,Niveau d'alerte épidémique,93,2025-S02,2025-01-06,3,Catégorielle,Provence-Alpes-Côte d'Azur
Épidémies Hivernales,Grippe,Niveau d'alerte épidémique,01,2025-S03,2025-01-13,3,Catégorielle,Guadeloupe
Épidémies Hivernales,Grippe,Niveau d'alerte épidémique,02,2025-S03,2025-01-13,3,Catégorielle,Martinique
Épidémies Hivernales,Grippe,Niveau d'alerte épidémique,06,2025-S03,2025-01-13,2,Catégorielle,Mayotte
Épidémies Hivernales,Grippe,Niveau d'alerte épidémique,11,2025-S03,2025-01-13,3,Catégorielle,Île-de-France
Épidémies Hivernales,Grippe,Niveau d'alerte épidémique,24,2025-S03,2025-01-13,3,Catégorielle,Centre-Val de Loire
Épidémies Hivernales,Grippe,Niveau d'alerte épidémique,27,2025-S03,2025-01-13,3,Catégorielle,Bourgogne-Franche-Comté
Épidémies Hivernales,Grippe,Niveau d'alerte épidémique,94,2025-S03,2025-01-13,3,Catégorielle,Corse
Épidémies Hivernales,Grippe,Niveau d'alerte épidémique,01,2025-S04,2025-01-20,3,Catégorielle,Guadeloupe
Épidémies Hivernales,Grippe,Niveau d'alerte épidémique,02,2025-S04,2025-01-20,3,Catégorielle,Martinique
Épidémies Hivernales,Grippe,Niveau d'alerte épidémique,07,2025-S04,2025-01-20,3,Catégorielle,
Épidémies Hivernales,Grippe,Niveau d'alerte épidémique,08,2025-S04,2025-01-20,3,Catégorielle,
Épidémies Hivernales,Grippe,Niveau d'alerte épidémique,27,2025-S04,2025-01-20,3,Catégorielle,Bourgogne-Franche-Comté
Épidémies Hivernales,Grippe,Niveau d'alerte épidémique,28,2025-S04,2025-01-20,3,Catégorielle,Normandie
Épidémies Hivernales,Grippe,Niveau d'alerte épidémique,84,2025-S04,2025-01-20,3,Catégorielle,Auvergne-Rhône-Alpes
Épidémies Hivernales,Grippe,Niveau d'alerte épidémique,02,2025-S05,2025-01-27,3,Catégorielle,Martinique
Épidémies Hivernales,Grippe,Niveau d'alerte épidémique,04,2025-S05,2025-01-27,1,Catégorielle,La Réunion
Épidémies Hivernales,Grippe,Niveau d'alerte épidémique,11,2025-S05,2025-01-27,3,Catégorielle,Île-de-France
Épidémies Hivernales,Grippe,Niveau d'alerte épidémique,28,2025-S05,2025-01-27,3,Catégorielle,Normandie
Épidémies Hivernales,Grippe,Niveau d'alerte épidémique,93,2025-S05,2025-01-27,3,Catégorielle,Provence-Alpes-Côte d'Azur
Épidémies Hivernales,Grippe,Niveau d'alerte épidémique,94,2025-S05,2025-01-27,3,Catégorielle,Corse
Épidémies Hivernales,Grippe,Niveau d'alerte épidémique,01,2025-S06,2025-02-03,3,Catégorielle,Guadeloupe
Épidémies Hivernales,Grippe,Niveau d'alerte épidémique,04,2025-S06,2025-02-03,1,Catégorielle,La Réunion
Épidémies Hivernales,Grippe,Niveau d'alerte épidémique,06,2025-S06,2025-02-03,3,Catégorielle,Mayotte
Épidémies Hivernales,Grippe,Niveau d'alerte épidémique,07,2025-S06,2025-02-03,3,Catégorielle,
Épidémies Hivernales,Grippe,Niveau d'alerte épidémique,08,2025-S06,2025-02-03,3,Catégorielle,
Épidémies Hivernales,Grippe,Niveau d'alerte épidémique,11,2025-S06,2025-02-03,3,Catégorielle,Île-de-France
Épidémies Hivernales,Grippe,Niveau d'alerte épidémique,94,2025-S06,2025-02-03,3,Catégorielle,Corse
Épidémies Hivernales,Grippe,Niveau d'alerte épidémique,01,2025-S07,2025-02-10,3,Catégorielle,Guadeloupe
Épidémies Hivernales,Grippe,Niveau d'alerte épidémique,02,2025-S07,2025-02-10,3,Catégorielle,Martinique
Épidémies Hivernales,Grippe,Niveau d'alerte épidémique,08,2025-S07,2025-02-10,3,Catégorielle,
Épidémies Hivernales,Grippe,Niveau d'alerte épidémique,11,2025-S07,2025-02-10,3,Catégorielle,Île-de-France
Épidémies Hivernales,Grippe,Niveau d'alerte épidémique,24,2025-S07,2025-02-10,3,Catégorielle,Centre-Val de Loire
Épidémies Hivernales,Grippe,Niveau d'alerte épidémique,28,2025-S07,2025-02-10,3,Catégorielle,Normandie
Épidémies Hivernales,Grippe,Niveau d'alerte épidémique,52,2025-S07,2025-02-10,3,Catégorielle,Pays de la Loire
Épidémies Hivernales,Grippe,Niveau d'alerte épidémique,75,2025-S07,2025-02-10,3,Catégorielle,Nouvelle-Aquitaine
Épidémies Hivernales,Grippe,Niveau d'alerte épidémique,93,2025-S07,2025-02-10,3,Catégorielle,Provence-Alpes-Côte d'Azur
Épidémies Hivernales,Grippe,Niveau d'alerte épidémique,02,2025-S08,2025-02-17,3,Catégorielle,Martinique
Épidémies Hivernales,Grippe,Niveau d'alerte épidémique,11,2025-S08,2025-02-17,3,Catégorielle,Île-de-France
Épidémies Hivernales,Grippe,Niveau d'alerte épidémique,24,2025-S08,2025-02-17,3,Catégorielle,Centre-Val de Loire
Épidémies Hivernales,Grippe,Niveau d'alerte épidémique,28,2025-S08,2025-02-17,3,Catégorielle,Normandie
Épidémies Hivernales,Grippe,Niveau d'alerte épidémique,75,2025-S08,2025-02-17,3,Catégorielle,Nouvelle-Aquitaine
Épidémies Hivernales,Grippe,Niveau d'alerte épidémique,84,2025-S08,2025-02-17,3,Catégorielle,Auvergne-Rhône-Alpes
Épidémies Hivernales,Grippe,Niveau d'alerte épidémique,94,2025-S08,2025-02-17,3,Catégorielle,Corse
Épidémies Hivernales,Grippe,Niveau d'alerte épidémique,01,2025-S09,2025-02-24,3,Catégorielle,Guadeloupe
Épidémies Hivernales,Grippe,Niveau d'alerte épidémique,08,2025-S09,2025-02-24,3,Catégorielle,
Épidémies Hivernales,Grippe,Niveau d'alerte épidémique,52,2025-S09,2025-02-24,3,Catégorielle,Pays de la Loire
Épidémies Hivernales,Grippe,Niveau d'alerte épidémique,93,2025-S09,2025-02-24,3,Catégorielle,Provence-Alpes-Côte d'Azur
Épidémies Hivernales,Grippe,Niveau d'alerte épidémique,02,2025-S10,2025-03-03,3,Catégorielle,Martinique
Épidémies Hivernales,Grippe,Niveau d'alerte épidémique,08,2025-S10,2025-03-03,3,Catégorielle,
Épidémies Hivernales,Grippe,Niveau d'alerte épidémique,76,2025-S10,2025-03-03,4,Catégorielle,Occitanie
Épidémies Hivernales,Grippe,Niveau d'alerte épidémique,01,2025-S11,2025-03-10,3,Catégorielle,Guadeloupe
Épidémies Hivernales,Grippe,Niveau d'alerte épidémique,04,2025-S11,2025-03-10,1,Catégorielle,La Réunion
Épidémies Hivernales,Grippe,Niveau d'alerte épidémique,06,2025-S11,2025-03-10,3,Catégorielle,Mayotte
Épidémies Hivernales,Grippe,Niveau d'alerte épidémique,24,2025-S11,2025-03-10,4,Catégorielle,Centre-Val de Loire
Épidémies Hivernales,Grippe,Niveau d'alerte épidémique,27,2025-S11,2025-03-10,4,Catégorielle,Bourgogne-Franche-Comté
Épidémies Hivernales,Grippe,Niveau d'alerte épidémique,52,2025-S11,2025-03-10,4,Catégorielle,Pays de la Loire
Épidémies Hivernales,Grippe,Niveau d'alerte épidémique,93,2025-S11,2025-03-10,4,Catégorielle,Provence-Alpes-Côte d'Azur
Épidémies Hivernales,Grippe,Niveau d'alerte épidémique,94,2025-S11,2025-03-10,4,Catégorielle,Corse
Épidémies Hivernales,Grippe,Niveau d'alerte épidémique,01,2025-S12,2025-03-17,3,Catégorielle,Guadeloupe
Épidémies Hivernales,Grippe,Niveau d'alerte épidémique,04,2025-S12,2025-03-17,1,Catégorielle,La Réunion
Épidémies Hivernales,Grippe,Niveau d'alerte épidémique,08,2025-S12,2025-03-17,3,Catégorielle,
Épidémies Hivernales,Grippe,Niveau d'alerte épidémique,24,2025-S12,2025-03-17,4,Catégorielle,Centre-Val de Loire
Épidémies Hivernales,Grippe,Niveau d'alerte épidémique,27,2025-S12,2025-03-17,4,Catégorielle,Bourgogne-Franche-Comté
Épidémies Hivernales,Grippe,Niveau d'alerte épidémique,53,2025-S12,2025-03-17,4,Catégorielle,Bretagne
Épidémies Hivernales,Grippe,Niveau d'alerte épidémique,76,2025-S12,2025-03-17,1,Catégorielle,Occitanie
Épidémies Hivernales,Grippe,Niveau d'alerte épidémique,01,2025-S13,2025-03-24,3,Catégorielle,Guadeloupe
Épidémies Hivernales,Grippe,Niveau d'alerte épidémique,11,2025-S13,2025-03-24,1,Catégorielle,Île-de-France
Épidémies Hivernales,Grippe,Niveau d'alerte épidémique,28,2025-S13,2025-03-24,1,Catégorielle,Normandie
Épidémies Hivernales,Grippe,Niveau d'alerte épidémique,53,2025-S13,2025-03-24,4,Catégorielle,Bretagne
Épidémies Hivernales,Grippe,Niveau d'alerte épidémique,75,2025-S13,2025-03-24,1,Catégorielle,Nouvelle-Aquitaine
Épidémies Hivernales,Grippe,Niveau d'alerte épidémique,94,2025-S13,2025-03-24,1,Catégorielle,Corse
Épidémies Hivernales,Grippe,Niveau d'alerte épidémique,04,2025-S14,2025-03-31,1,Catégorielle,La Réunion
Épidémies Hivernales,Grippe,Niveau d'alerte épidémique,07,2025-S14,2025-03-31,4,Catégorielle,
Épidémies Hivernales,Grippe,Niveau d'alerte épidémique,11,2025-S14,2025-03-31,1,Catégorielle,Île-de-France
Épidémies Hivernales,Grippe,Niveau d'alerte épidémique,24,2025-S14,2025-03-31,1,Catégorielle,Centre-Val de Loire
Épidémies Hivernales,Grippe,Niveau d'alerte épidémique,28,2025-S14,2025-03-31,1,Catégorielle,Normandie
Épidémies Hivernales,Grippe,Niveau d'alerte épidémique,52,2025-S14,2025-03-31,1,Catégorielle,Pays de la Loire
Épidémies Hivernales,Grippe,Niveau d'alerte épidémique,53,2025-S14,2025-03-31,1,Catégorielle,Bretagne
Épidémies Hivernales,Grippe,Niveau d'alerte épidémique,06,2025-S15,2025-04-07,4,Catégorielle,Mayotte
Épidémies Hivernales,Grippe,Niveau d'alerte épidémique,44,2025-S15,2025-04-07,1,Catégorielle,Grand Est
Épidémies Hivernales,Grippe,Niveau d'alerte épidémique,53,2025-S15,2025-04-07,1,Catégorielle,Bretagne
Épidémies Hivernales,Grippe,Niveau d'alerte épidémique,75,2025-S15,2025-04-07,1,Catégorielle,Nouvelle-Aquitaine
Épidémies Hivernales,Grippe,Niveau d'alerte épidémique,03,2025-S16,2025-04-14,3,Catégorielle,Guyane
Épidémies Hivernales,Grippe,Niveau d'alerte épidémique,04,2025-S16,2025-04-14,1,Catégorielle,La Réunion
Épidémies Hivernales,Grippe,Niveau d'alerte épidémique,04,2025-S17,2025-04-21,1,Catégorielle,La Réunion
Épidémies Hivernales,Grippe,Niveau d'alerte épidémique,03,2025-S18,2025-04-28,3,Catégorielle,Guyane
Épidémies Hivernales,Grippe,Niveau d'alerte épidémique,04,2025-S19,2025-05-05,1,Catégorielle,La Réunion
Épidémies Hivernales,Grippe,Niveau d'alerte épidémique,11,2025-S37,2025-09-08,1,Catégorielle,Île-de-France
Épidémies Hivernales,Grippe,Niveau d'alerte épidémique,11,2025-S39,2025-09-22,1,Catégorielle,Île-de-France
Épidémies Hivernales,Grippe,Niveau d'alerte épidémique,02,2025-S40,2025-09-29,1,Catégorielle,Martinique
Épidémies Hivernales,Grippe,Niveau d'alerte épidémique,04,2025-S40,2025-09-29,4,Catégorielle,La Réunion
Épidémies Hivernales,Grippe,Niveau d'alerte épidémique,07,2025-S40,2025-09-29,1,Catégorielle,
Épidémies Hivernales,Grippe,Niveau d'alerte épidémique,27,2025-S40,2025-09-29,1,Catégorielle,Bourgogne-Franche-Comté
Épidémies Hivernales,Grippe,Niveau d'alerte épidémique,75,2025-S40,2025-09-29,1,Catégorielle,Nouvelle-Aquitaine
Épidémies Hivernales,Grippe,Niveau d'alerte épidémique,84,2025-S40,2025-09-29,1,Catégorielle,Auvergne-Rhône-Alpes
Épidémies Hivernales,Grippe,Niveau d'alerte épidémique,02,2025-S41,2025-10-06,1,Catégorielle,Martinique
Épidémies Hivernales,Grippe,Niveau d'alerte épidémique,03,2025-S41,2025-10-06,1,Catégorielle,Guyane
Épidémies Hivernales,Grippe,Niveau d'alerte épidémique,06,2025-S41,2025-10-06,1,Catégorielle,Mayotte
Épidémies Hivernales,Grippe,Niveau d'alerte épidémique,11,2025-S41,2025-10-06,1,Catégorielle,Île-de-France
Épidémies Hivernales,Grippe,Niveau d'alerte épidémique,24,2025-S41,2025-10-06,1,Catégorielle,Centre-Val de Loire
Épidémies Hivernales,Grippe,Niveau d'alerte épidémique,27,2025-S41,2025-10-06,1,Catégorielle,Bourgogne-Franche-Comté
Épidémies Hivernales,Grippe,Niveau d'alerte épidémique,52,2025-S41,2025-10-06,1,Catégorielle,Pays de la Loire
Épidémies Hivernales,Grippe,Niveau d'alerte épidémique,02,2025-S42,2025-10-13,1,Catégorielle,Martinique
Épidémies Hivernales,Grippe,Niveau d'alerte épidémique,04,2025-S42,2025-10-13,1,Catégorielle,La Réunion
Épidémies Hivernales,Grippe,Niveau d'alerte épidémique,24,2025-S42,2025-10-13,1,Catégorielle,Centre-Val de Loire
Épidémies Hivernales,Grippe,Niveau d'alerte épidémique,53,2025-S42,2025-10-13,1,Catégorielle,Bretagne
Épidémies Hivernales,Grippe,Niveau d'alerte épidémique,75,2025-S42,2025-10-13,1,Catégorielle,Nouvelle-Aquitaine
Épidémies Hivernales,Grippe,Niveau d'alerte épidémique,84,2025-S42,2025-10-13,1,Catégorielle,Auvergne-Rhône-Alpes
Épidémies Hivernales,Grippe,Niveau d'alerte épidémique,03,2025-S43,2025-10-20,1,Catégorielle,Guyane
Épidémies Hivernales,Grippe,Niveau d'alerte épidémique,06,2025-S43,2025-10-20,1,Catégorielle,Mayotte
Épidémies Hivernales,Grippe,Niveau d'alerte épidémique,24,2025-S43,2025-10-20,1,Catégorielle,Centre-Val de Loire
Épidémies Hivernales,Grippe,Niveau d'alerte épidémique,28,2025-S43,2025-10-20,1,Catégorielle,Normandie
Épidémies Hivernales,Grippe,Niveau d'alerte épidémique,32,2025-S43,2025-10-20,1,Catégorielle,Hauts-de-France
Épidémies Hivernales,Grippe,Niveau d'alerte épidémique,44,2025-S43,2025-10-20,1,Catégorielle,Grand Est
Épidémies Hivernales,Grippe,Niveau d'alerte épidémique,52,2025-S43,2025-10-20,1,Catégorielle,Pays de la Loire
Épidémies Hivernales,Grippe,Niveau d'alerte épidémique,76,2025-S43,2025-10-20,1,Catégorielle,Occitanie
Épidémies Hivernales,Grippe,Niveau d'alerte épidémique,06,2025-S44,2025-10-27,2,Catégorielle,Mayotte
Épidémies Hivernales,Grippe,Niveau d'alerte épidémique,11,2025-S44,2025-10-27,1,Catégorielle,Île-de-France
Épidémies Hivernales,Grippe,Niveau d'alerte épidémique,27,2025-S44,2025-10-27,1,Catégorielle,Bourgogne-Franche-Comté
Épidémies Hivernales,Grippe,Niveau d'alerte épidémique,32,2025-S44,2025-10-27,1,Catégorielle,Hauts-de-France
Épidémies Hivernales,Grippe,Niveau d'alerte épidémique,52,2025-S44,2025-10-27,1,Catégorielle,Pays de la Loire
Épidémies Hivernales,Grippe,Niveau d'alerte épidémique,53,2025-S44,2025-10-27,1,Catégorielle,Bretagne
Épidémies Hivernales,Grippe,Niveau d'alerte épidémique,94,2025-S44,2025-10-27,1,Catégorielle,Corse
Épidémies Hivernales,Grippe,Niveau d'alerte épidémique,02,2025-S45,2025-11-03,1,Catégorielle,Martinique
Épidémies Hivernales,Grippe,Niveau d'alerte épidémique,04,2025-S45,2025-11-03,1,Catégorielle,La Réunion
Épidémies Hivernales,Grippe,Niveau d'alerte épidémique,06,2025-S45,2025-11-03,2,Catégorielle,Mayotte
Épidémies Hivernales,Grippe,Niveau d'alerte épidémique,07,2025-S45,2025-11-03,1,Catégorielle,
Épidémies Hivernales,Grippe,Niveau d'alerte épidémique,08,2025-S45,2025-11-03,1,Catégorielle,
Épidémies Hivernales,Grippe,Niveau d'alerte épidémique,76,2025-S45,2025-11-03,1,Catégorielle,Occitanie
Épidémies Hivernales,Grippe,Niveau d'alerte épidémique,93,2025-S45,2025-11-03,1,Catégorielle,Provence-Alpes-Côte d'Azur
Épidémies Hivernales,Grippe,Niveau d'alerte épidémique,94,2025-S45,2025-11-03,1,Catégorielle,Corse
Épidémies Hivernales,Grippe,Niveau d'alerte épidémique,04,2025-S46,2025-11-10,1,Catégorielle,La Réunion
Épidémies Hivernales,Grippe,Niveau d'alerte épidémique,11,2025-S46,2025-11-10,1,Catégorielle,Île-de-France
Épidémies Hivernales,Grippe,Niveau d'alerte épidémique,24,2025-S46,2025-11-10,1,Catégorielle,Centre-Val de Loire
Épidémies Hivernales,Grippe,Niveau d'alerte épidémique,27,2025-S46,2025-11-10,1,Catégorielle,Bourgogne-Franche-Comté
Épidémies Hivernales,Grippe,Niveau d'alerte épidémique,76,2025-S46,2025-11-10,1,Catégorielle,Occitanie
Épidémies Hivernales,Grippe,Niveau d'alerte épidémique,94,2025-S46,2025-11-10,1,Catégorielle,Corse
Épidémies Hivernales,Grippe,Niveau d'alerte épidémique,02,2025-S47,2025-11-17,1,Catégorielle,Martinique
Épidémies Hivernales,Grippe,Niveau d'alerte épidémique,06,2025-S47,2025-11-17,3,Catégorielle,Mayotte
Épidémies Hivernales,Grippe,Niveau d'alerte épidémique,08,2025-S47,2025-11-17,1,Catégorielle,
Épidémies Hivernales,Grippe,Niveau d'alerte épidémique,11,2025-S47,2025-11-17,2,Catégorielle,Île-de-France
Épidémies Hivernales,Grippe,Niveau d'alerte épidémique,27,2025-S47,2025-11-17,1,Catégorielle,Bourgogne-Franche-Comté
Épidémies Hivernales,Grippe,Niveau d'alerte épidémique,44,2025-S47,2025-11-17,1,Catégorielle,Grand Est
Épidémies Hivernales,Grippe,Niveau d'alerte épidémique,52,2025-S47,2025-11-17,1,Catégorielle,Pays de la Loire
Épidémies Hivernales,Grippe,Niveau d'alerte épidémique,75,2025-S47,2025-11-17,2,Catégorielle,Nouvelle-Aquitaine
Épidémies Hivernales,Grippe,Niveau d'alerte épidémique,84,2025-S47,2025-11-17,1,Catégorielle,Auvergne-Rhône-Alpes
Épidémies Hivernales,Grippe,Niveau d'alerte épidémique,93,2025-S47,2025-11-17,1,Catégorielle,Provence-Alpes-Côte d'Azur
Épidémies Hivernales,Grippe,Niveau d'alerte épidémique,04,2025-S48,2025-11-24,1,Catégorielle,La Réunion
Épidémies Hivernales,Grippe,Niveau d'alerte épidémique,08,2025-S48,2025-11-24,1,Catégorielle,
Épidémies Hivernales,Grippe,Niveau d'alerte épidémique,24,2025-S48,2025-11-24,2,Catégorielle,Centre-Val de Loire
Épidémies Hivernales,Grippe,Niveau d'alerte épidémique,28,2025-S48,2025-11-24,3,Catégorielle,Normandie
Épidémies Hivernales,Grippe,Niveau d'alerte épidémique,32,2025-S48,2025-11-24,2,Catégorielle,Hauts-de-France
Épidémies Hivernales,Grippe,Niveau d'alerte épidémique,84,2025-S48,2025-11-24,2,Catégorielle,Auvergne-Rhône-Alpes
Épidémies Hivernales,Grippe,Niveau d'alerte épidémique,02,2025-S49,2025-12-01,1,Catégorielle,Martinique
Épidémies Hivernales,Grippe,Niveau d'alerte épidémique,32,2025-S49,2025-12-01,3,Catégorielle,Hauts-de-France
Épidémies Hivernales,Grippe,Niveau d'alerte épidémique,75,2025-S49,2025-12-01,3,Catégorielle,Nouvelle-Aquitaine
Épidémies Hivernales,Grippe,Niveau d'alerte épidémique,76,2025-S49,2025-12-01,3,Catégorielle,Occitanie
Épidémies Hivernales,Grippe,Niveau d'alerte épidémique,84,2025-S49,2025-12-01,3,Catégorielle,Auvergne-Rhône-Alpes
Épidémies Hivernales,Grippe,Niveau d'alerte épidémique,94,2025-S49,2025-12-01,2,Catégorielle,Corse
Épidémies Hivernales,Grippe,Niveau d'alerte épidémique,01,2025-S50,2025-12-08,2,Catégorielle,Guadeloupe
Épidémies Hivernales,Grippe,Niveau d'alerte épidémique,24,2025-S50,2025-12-08,3,Catégorielle,Centre-Val de Loire
Épidémies Hivernales,Grippe,Niveau d'alerte épidémique,44,2025-S50,2025-12-08,3,Catégorielle,Grand Est
Épidémies Hivernales,Grippe,Niveau d'alerte épidémique,01,2025-S51,2025-12-15,3,Catégorielle,Guadeloupe
Épidémies Hivernales,Grippe,Niveau d'alerte épidémique,27,2025-S51,2025-12-15,3,Catégorielle,Bourgogne-Franche-Comté
Épidémies Hivernales,Grippe,Niveau d'alerte épidémique,28,2025-S51,2025-12-15,3,Catégorielle,Normandie
Épidémies Hivernales,Grippe,Niveau d'alerte épidémique,32,2025-S51,2025-12-15,3,Catégorielle,Hauts-de-France
Épidémies Hivernales,Grippe,Niveau d'alerte épidémique,53,2025-S51,2025-12-15,3,Catégorielle,Bretagne
Épidémies Hivernales,Grippe,Niveau d'alerte épidémique,93,2025-S51,2025-12-15,3,Catégorielle,Provence-Alpes-Côte d'Azur
Épidémies Hivernales,Grippe,Niveau d'alerte épidémique,04,2025-S52,2025-12-22,1,Catégorielle,La Réunion
Épidémies Hivernales,Grippe,Niveau d'alerte épidémique,24,2025-S52,2025-12-22,3,Catégorielle,Centre-Val de Loire
Épidémies Hivernales,Grippe,Niveau d'alerte épidémique,52,2025-S52,2025-12-22,3,Catégorielle,Pays de la Loire
Épidémies Hivernales,Grippe,Niveau d'alerte épidémique,75,2025-S52,2025-12-22,3,Catégorielle,Nouvelle-Aquitaine
Épidémies Hivernales,Grippe,Niveau d'alerte épidémique,76,2025-S52,2025-12-22,3,Catégorielle,Occitanie
Épidémies Hivernales,Grippe,Niveau d'alerte épidémique,01,2026-S01,2025-12-29,3,Catégorielle,Guadeloupe
Épidémies Hivernales,Grippe,Niveau d'alerte épidémique,02,2026-S01,2025-12-29,3,Catégorielle,Martinique
Épidémies Hivernales,Grippe,Niveau d'alerte épidémique,11,2026-S01,2025-12-29,3,Catégorielle,Île-de-France
Épidémies Hivernales,Grippe,Niveau d'alerte épidémique,24,2026-S01,2025-12-29,3,Catégorielle,Centre-Val de Loire
Épidémies Hivernales,Grippe,Niveau d'alerte épidémique,27,2026-S01,2025-12-29,3,Catégorielle,Bourgogne-Franche-Comté
Épidémies Hivernales,Grippe,Niveau d'alerte épidémique,32,2026-S01,2025-12-29,3,Catégorielle,Hauts-de-France
Épidémies Hivernales,Grippe,Niveau d'alerte épidémique,52,2026-S01,2025-12-29,3,Catégorielle,Pays de la Loire
Épidémies Hivernales,Grippe,Niveau d'alerte épidémique,75,2026-S01,2025-12-29,3,Catégorielle,Nouvelle-Aquitaine
Épidémies Hivernales,Grippe,Niveau d'alerte épidémique,84,2026-S01,2025-12-29,3,Catégorielle,Auvergne-Rhône-Alpes
Épidémies Hivernales,Grippe,Niveau d'alerte épidémique,93,2026-S01,2025-12-29,3,Catégorielle,Provence-Alpes-Côte d'Azur
Épidémies Hivernales,Grippe,Niveau d'alerte épidémique,02,2026-S02,2026-01-05,3,Catégorielle,Martinique
Épidémies Hivernales,Grippe,Niveau d'alerte épidémique,04,2026-S02,2026-01-05,2,Catégorielle,La Réunion
Épidémies Hivernales,Grippe,Niveau d'alerte épidémique,08,2026-S02,2026-01-05,3,Catégorielle,
Épidémies Hivernales,Grippe,Niveau d'alerte épidémique,27,2026-S02,2026-01-05,3,Catégorielle,Bourgogne-Franche-Comté
Épidémies Hivernales,Grippe,Niveau d'alerte épidémique,28,2026-S02,2026-01-05,3,Catégorielle,Normandie
Épidémies Hivernales,Grippe,Niveau d'alerte épidémique,44,2026-S02,2026-01-05,3,Catégorielle,Grand Est
Épidémies Hivernales,Grippe,Niveau d'alerte épidémique,76,2026-S02,2026-01-05,3,Catégorielle,Occitanie
Épidémies Hivernales,Grippe,Niveau d'alerte épidémique,01,2026-S03,2026-01-12,3,Catégorielle,Guadeloupe
Épidémies Hivernales,Grippe,Niveau d'alerte épidémique,27,2026-S03,2026-01-12,3,Catégorielle,Bourgogne-Franche-Comté
Épidémies Hivernales,Grippe,Niveau d'alerte épidémique,76,2026-S03,2026-01-12,3,Catégorielle,Occitanie
Épidémies Hivernales,Grippe,Niveau d'alerte épidémique,94,2026-S03,2026-01-12,3,Catégorielle,Corse
Épidémies Hivernales,Grippe,Niveau d'alerte épidémique,32,2026-S04,2026-01-19,3,Catégorielle,Hauts-de-France
Épidémies Hivernales,Grippe,Niveau d'alerte épidémique,27,2026-S05,2026-01-26,3,Catégorielle,Bourgogne-Franche-Comté
Épidémies Hivernales,Grippe,Niveau d'alerte épidémique,75,2026-S05,2026-01-26,3,Catégorielle,Nouvelle-Aquitaine
Épidémies Hivernales,Grippe,Niveau d'alerte épidémique,01,2026-S06,2026-02-02,3,Catégorielle,Guadeloupe
Épidémies Hivernales,Grippe,Niveau d'alerte épidémique,02,2026-S06,2026-02-02,3,Catégorielle,Martinique
Épidémies Hivernales,Grippe,Niveau d'alerte épidémique,03,2026-S06,2026-02-02,3,Catégorielle,Guyane
Épidémies Hivernales,Grippe,Niveau d'alerte épidémique,04,2026-S06,2026-02-02,1,Catégorielle,La Réunion
Épidémies Hivernales,Grippe,Niveau d'alerte épidémique,27,2026-S06,2026-02-02,3,Catégorielle,Bourgogne-Franche-Comté
Épidémies Hivernales,Grippe,Niveau d'alerte épidémique,44,2026-S06,2026-02-02,3,Catégorielle,Grand Est
Épidémies Hivernales,Grippe,Niveau d'alerte épidémique,52,2026-S06,2026-02-02,3,Catégorielle,Pays de la Loire
Épidémies Hivernales,Grippe,Niveau d'alerte épidémique,53,2026-S06,2026-02-02,3,Catégorielle,Bretagne
Épidémies Hivernales,Grippe,Niveau d'alerte épidémique,11,2026-S07,2026-02-09,4,Catégorielle,Île-de-France
Épidémies Hivernales,Grippe,Niveau d'alerte épidémique,28,2026-S07,2026-02-09,4,Catégorielle,Normandie
Épidémies Hivernales,Grippe,Niveau d'alerte épidémique,44,2026-S07,2026-02-09,3,Catégorielle,Grand Est
Épidémies Hivernales,Grippe,Niveau d'alerte épidémique,53,2026-S07,2026-02-09,4,Catégorielle,Bretagne
Épidémies Hivernales,Grippe,Niveau d'alerte épidémique,93,2026-S07,2026-02-09,3,Catégorielle,Provence-Alpes-Côte d'Azur
Épidémies Hivernales,Grippe,Niveau d'alerte épidémique,02,2026-S08,2026-02-16,3,Catégorielle,Martinique
Épidémies Hivernales,Grippe,Niveau d'alerte épidémique,11,2026-S08,2026-02-16,1,Catégorielle,Île-de-France
Épidémies Hivernales,Grippe,Niveau d'alerte épidémique,28,2026-S08,2026-02-16,4,Catégorielle,Normandie
Épidémies Hivernales,Grippe,Niveau d'alerte épidémique,75,2026-S08,2026-02-16,1,Catégorielle,Nouvelle-Aquitaine
Épidémies Hivernales,Grippe,Niveau d'alerte épidémique,84,2026-S08,2026-02-16,1,Catégorielle,Auvergne-Rhône-Alpes
Épidémies Hivernales,Grippe,Niveau d'alerte épidémique,93,2026-S08,2026-02-16,4,Catégorielle,Provence-Alpes-Côte d'Azur
Épidémies Hivernales,Grippe,Niveau d'alerte épidémique,03,2026-S09,2026-02-23,4,Catégorielle,Guyane
Épidémies Hivernales,Grippe,Niveau d'alerte épidémique,75,2026-S09,2026-02-23,1,Catégorielle,Nouvelle-Aquitaine
Épidémies Hivernales,Grippe,Niveau d'alerte épidémique,76,2026-S09,2026-02-23,1,Catégorielle,Occitanie
Épidémies Hivernales,Grippe,Niveau d'alerte épidémique,93,2026-S09,2026-02-23,1,Catégorielle,Provence-Alpes-Côte d'Azur
Épidémies Hivernales,Grippe,Niveau d'alerte épidémique,04,2026-S10,2026-03-02,1,Catégorielle,La Réunion
Épidémies Hivernales,Grippe,Niveau d'alerte épidémique,11,2026-S10,2026-03-02,1,Catégorielle,Île-de-France
Épidémies Hivernales,Grippe,Niveau d'alerte épidémique,27,2026-S10,2026-03-02,1,Catégorielle,Bourgogne-Franche-Comté
Épidémies Hivernales,Grippe,Niveau d'alerte épidémique,28,2026-S10,2026-03-02,1,Catégorielle,Normandie
Épidémies Hivernales,Grippe,Niveau d'alerte épidémique,52,2026-S10,2026-03-02,1,Catégorielle,Pays de la Loire
Épidémies Hivernales,Grippe,Niveau d'alerte épidémique,04,2026-S11,2026-03-09,1,Catégorielle,La Réunion
Épidémies Hivernales,Grippe,Niveau d'alerte épidémique,27,2026-S11,2026-03-09,1,Catégorielle,Bourgogne-Franche-Comté
Épidémies Hivernales,Grippe,Niveau d'alerte épidémique,75,2026-S11,2026-03-09,1,Catégorielle,Nouvelle-Aquitaine
Épidémies Hivernales,Grippe,Niveau d'alerte épidémique,94,2026-S11,2026-03-09,1,Catégorielle,Corse
Épidémies Hivernales,Grippe,Niveau d'alerte épidémique,01,2026-S12,2026-03-16,4,Catégorielle,Guadeloupe
Épidémies Hivernales,Grippe,Niveau d'alerte épidémique,03,2026-S12,2026-03-16,1,Catégorielle,Guyane
Épidémies Hivernales,Grippe,Niveau d'alerte épidémique,11,2026-S12,2026-03-16,1,Catégorielle,Île-de-France
Épidémies Hivernales,Grippe,Niveau d'alerte épidémique,27,2026-S12,2026-03-16,1,Catégorielle,Bourgogne-Franche-Comté
Épidémies Hivernales,Grippe,Niveau d'alerte épidémique,28,2026-S12,2026-03-16,1,Catégorielle,Normandie
Épidémies Hivernales,Grippe,Niveau d'alerte épidémique,32,2026-S12,2026-03-16,1,Catégorielle,Hauts-de-France
Épidémies Hivernales,Grippe,Niveau d'alerte épidémique,52,2026-S12,2026-03-16,1,Catégorielle,Pays de la Loire
Épidémies Hivernales,Grippe,Niveau d'alerte épidémique,53,2026-S12,2026-03-16,1,Catégorielle,Bretagne
Épidémies Hivernales,Grippe,Niveau d'alerte épidémique,03,2026-S13,2026-03-23,1,Catégorielle,Guyane
Épidémies Hivernales,Grippe,Niveau d'alerte épidémique,32,2026-S13,2026-03-23,1,Catégorielle,Hauts-de-France
Épidémies Hivernales,Grippe,Niveau d'alerte épidémique,52,2026-S13,2026-03-23,1,Catégorielle,Pays de la Loire
Épidémies Hivernales,Grippe,Niveau d'alerte épidémique,53,2026-S13,2026-03-23,1,Catégorielle,Bretagne
Épidémies Hivernales,Grippe,Niveau d'alerte épidémique,76,2026-S13,2026-03-23,1,Catégorielle,Occitanie
Épidémies Hivernales,Grippe,Niveau d'alerte épidémique,84,2026-S13,2026-03-23,1,Catégorielle,Auvergne-Rhône-Alpes
Épidémies Hivernales,Grippe,Niveau d'alerte épidémique,02,2026-S14,2026-03-30,3,Catégorielle,Martinique
Épidémies Hivernales,Grippe,Niveau d'alerte épidémique,28,2026-S14,2026-03-30,1,Catégorielle,Normandie
Épidémies Hivernales,Grippe,Niveau d'alerte épidémique,53,2026-S14,2026-03-30,1,Catégorielle,Bretagne
Épidémies Hivernales,Grippe,Niveau d'alerte épidémique,02,2026-S15,2026-04-06,3,Catégorielle,Martinique
Épidémies Hivernales,Grippe,Niveau d'alerte épidémique,28,2026-S15,2026-04-06,1,Catégorielle,Normandie
Épidémies Hivernales,Grippe,Niveau d'alerte épidémique,53,2026-S15,2026-04-06,1,Catégorielle,Bretagne
Épidémies Hivernales,Grippe,Niveau d'alerte épidémique,76,2026-S15,2026-04-06,1,Catégorielle,Occitanie
Épidémies Hivernales,Grippe,Niveau d'alerte épidémique,94,2026-S15,2026-04-06,1,Catégorielle,Corse
Épidémies Hivernales,Bronchiolite,Niveau d'alerte épidémique,01,2023-S37,2023-09-11,1,Catégorielle,Guadeloupe
Épidémies Hivernales,Bronchiolite,Niveau d'alerte épidémique,02,2023-S37,2023-09-11,1,Catégorielle,Martinique
Épidémies Hivernales,Bronchiolite,Niveau d'alerte épidémique,06,2023-S37,2023-09-11,1,Catégorielle,Mayotte
Épidémies Hivernales,Bronchiolite,Niveau d'alerte épidémique,11,2023-S37,2023-09-11,1,Catégorielle,Île-de-France
Épidémies Hivernales,Bronchiolite,Niveau d'alerte épidémique,28,2023-S37,2023-09-11,1,Catégorielle,Normandie
Épidémies Hivernales,Bronchiolite,Niveau d'alerte épidémique,84,2023-S37,2023-09-11,1,Catégorielle,Auvergne-Rhône-Alpes
Épidémies Hivernales,Bronchiolite,Niveau d'alerte épidémique,93,2023-S37,2023-09-11,1,Catégorielle,Provence-Alpes-Côte d'Azur
Épidémies Hivernales,Bronchiolite,Niveau d'alerte épidémique,03,2023-S38,2023-09-18,1,Catégorielle,Guyane
Épidémies Hivernales,Bronchiolite,Niveau d'alerte épidémique,06,2023-S38,2023-09-18,1,Catégorielle,Mayotte
Épidémies Hivernales,Bronchiolite,Niveau d'alerte épidémique,11,2023-S38,2023-09-18,1,Catégorielle,Île-de-France
Épidémies Hivernales,Bronchiolite,Niveau d'alerte épidémique,28,2023-S38,2023-09-18,1,Catégorielle,Normandie
Épidémies Hivernales,Bronchiolite,Niveau d'alerte épidémique,84,2023-S38,2023-09-18,1,Catégorielle,Auvergne-Rhône-Alpes
Épidémies Hivernales,Bronchiolite,Niveau d'alerte épidémique,06,2023-S39,2023-09-25,1,Catégorielle,Mayotte
Épidémies Hivernales,Bronchiolite,Niveau d'alerte épidémique,07,2023-S39,2023-09-25,1,Catégorielle,
Épidémies Hivernales,Bronchiolite,Niveau d'alerte épidémique,08,2023-S39,2023-09-25,1,Catégorielle,
Épidémies Hivernales,Bronchiolite,Niveau d'alerte épidémique,44,2023-S39,2023-09-25,2,Catégorielle,Grand Est
Épidémies Hivernales,Bronchiolite,Niveau d'alerte épidémique,93,2023-S39,2023-09-25,1,Catégorielle,Provence-Alpes-Côte d'Azur
Épidémies Hivernales,Bronchiolite,Niveau d'alerte épidémique,24,2023-S40,2023-10-02,1,Catégorielle,Centre-Val de Loire
Épidémies Hivernales,Bronchiolite,Niveau d'alerte épidémique,28,2023-S40,2023-10-02,2,Catégorielle,Normandie
Épidémies Hivernales,Bronchiolite,Niveau d'alerte épidémique,44,2023-S40,2023-10-02,2,Catégorielle,Grand Est
Épidémies Hivernales,Bronchiolite,Niveau d'alerte épidémique,76,2023-S40,2023-10-02,2,Catégorielle,Occitanie
Épidémies Hivernales,Bronchiolite,Niveau d'alerte épidémique,94,2023-S40,2023-10-02,1,Catégorielle,Corse
Épidémies Hivernales,Bronchiolite,Niveau d'alerte épidémique,06,2023-S41,2023-10-09,1,Catégorielle,Mayotte
Épidémies Hivernales,Bronchiolite,Niveau d'alerte épidémique,11,2023-S41,2023-10-09,3,Catégorielle,Île-de-France
Épidémies Hivernales,Bronchiolite,Niveau d'alerte épidémique,52,2023-S41,2023-10-09,3,Catégorielle,Pays de la Loire
Épidémies Hivernales,Bronchiolite,Niveau d'alerte épidémique,93,2023-S41,2023-10-09,1,Catégorielle,Provence-Alpes-Côte d'Azur
Épidémies Hivernales,Bronchiolite,Niveau d'alerte épidémique,01,2023-S42,2023-10-16,3,Catégorielle,Guadeloupe
Épidémies Hivernales,Bronchiolite,Niveau d'alerte épidémique,02,2023-S42,2023-10-16,3,Catégorielle,Martinique
Épidémies Hivernales,Bronchiolite,Niveau d'alerte épidémique,03,2023-S42,2023-10-16,3,Catégorielle,Guyane
Épidémies Hivernales,Bronchiolite,Niveau d'alerte épidémique,04,2023-S42,2023-10-16,1,Catégorielle,La Réunion
Épidémies Hivernales,Bronchiolite,Niveau d'alerte épidémique,11,2023-S42,2023-10-16,3,Catégorielle,Île-de-France
Épidémies Hivernales,Bronchiolite,Niveau d'alerte épidémique,24,2023-S42,2023-10-16,2,Catégorielle,Centre-Val de Loire
Épidémies Hivernales,Bronchiolite,Niveau d'alerte épidémique,32,2023-S42,2023-10-16,2,Catégorielle,Hauts-de-France
Épidémies Hivernales,Bronchiolite,Niveau d'alerte épidémique,44,2023-S42,2023-10-16,2,Catégorielle,Grand Est
Épidémies Hivernales,Bronchiolite,Niveau d'alerte épidémique,53,2023-S42,2023-10-16,3,Catégorielle,Bretagne
Épidémies Hivernales,Bronchiolite,Niveau d'alerte épidémique,75,2023-S42,2023-10-16,2,Catégorielle,Nouvelle-Aquitaine
Épidémies Hivernales,Bronchiolite,Niveau d'alerte épidémique,76,2023-S42,2023-10-16,2,Catégorielle,Occitanie
Épidémies Hivernales,Bronchiolite,Niveau d'alerte épidémique,93,2023-S42,2023-10-16,1,Catégorielle,Provence-Alpes-Côte d'Azur
Épidémies Hivernales,Bronchiolite,Niveau d'alerte épidémique,94,2023-S42,2023-10-16,1,Catégorielle,Corse
Épidémies Hivernales,Bronchiolite,Niveau d'alerte épidémique,03,2023-S43,2023-10-23,3,Catégorielle,Guyane
Épidémies Hivernales,Bronchiolite,Niveau d'alerte épidémique,11,2023-S43,2023-10-23,3,Catégorielle,Île-de-France
Épidémies Hivernales,Bronchiolite,Niveau d'alerte épidémique,27,2023-S43,2023-10-23,2,Catégorielle,Bourgogne-Franche-Comté
Épidémies Hivernales,Bronchiolite,Niveau d'alerte épidémique,44,2023-S43,2023-10-23,3,Catégorielle,Grand Est
Épidémies Hivernales,Bronchiolite,Niveau d'alerte épidémique,52,2023-S43,2023-10-23,3,Catégorielle,Pays de la Loire
Épidémies Hivernales,Bronchiolite,Niveau d'alerte épidémique,75,2023-S43,2023-10-23,2,Catégorielle,Nouvelle-Aquitaine
Épidémies Hivernales,Bronchiolite,Niveau d'alerte épidémique,93,2023-S43,2023-10-23,2,Catégorielle,Provence-Alpes-Côte d'Azur
Épidémies Hivernales,Bronchiolite,Niveau d'alerte épidémique,04,2023-S44,2023-10-30,1,Catégorielle,La Réunion
Épidémies Hivernales,Bronchiolite,Niveau d'alerte épidémique,06,2023-S44,2023-10-30,1,Catégorielle,Mayotte
Épidémies Hivernales,Bronchiolite,Niveau d'alerte épidémique,52,2023-S44,2023-10-30,3,Catégorielle,Pays de la Loire
Épidémies Hivernales,Bronchiolite,Niveau d'alerte épidémique,94,2023-S44,2023-10-30,1,Catégorielle,Corse
Épidémies Hivernales,Bronchiolite,Niveau d'alerte épidémique,01,2023-S45,2023-11-06,3,Catégorielle,Guadeloupe
Épidémies Hivernales,Bronchiolite,Niveau d'alerte épidémique,02,2023-S45,2023-11-06,3,Catégorielle,Martinique
Épidémies Hivernales,Bronchiolite,Niveau d'alerte épidémique,04,2023-S45,2023-11-06,1,Catégorielle,La Réunion
Épidémies Hivernales,Bronchiolite,Niveau d'alerte épidémique,06,2023-S45,2023-11-06,1,Catégorielle,Mayotte
Épidémies Hivernales,Bronchiolite,Niveau d'alerte épidémique,08,2023-S45,2023-11-06,1,Catégorielle,
Épidémies Hivernales,Bronchiolite,Niveau d'alerte épidémique,27,2023-S45,2023-11-06,3,Catégorielle,Bourgogne-Franche-Comté
Épidémies Hivernales,Bronchiolite,Niveau d'alerte épidémique,32,2023-S45,2023-11-06,3,Catégorielle,Hauts-de-France
Épidémies Hivernales,Bronchiolite,Niveau d'alerte épidémique,44,2023-S45,2023-11-06,3,Catégorielle,Grand Est
Épidémies Hivernales,Bronchiolite,Niveau d'alerte épidémique,53,2023-S45,2023-11-06,3,Catégorielle,Bretagne
Épidémies Hivernales,Bronchiolite,Niveau d'alerte épidémique,76,2023-S45,2023-11-06,3,Catégorielle,Occitanie
Épidémies Hivernales,Bronchiolite,Niveau d'alerte épidémique,94,2023-S45,2023-11-06,1,Catégorielle,Corse
Épidémies Hivernales,Bronchiolite,Niveau d'alerte épidémique,01,2023-S46,2023-11-13,3,Catégorielle,Guadeloupe
Épidémies Hivernales,Bronchiolite,Niveau d'alerte épidémique,02,2023-S46,2023-11-13,3,Catégorielle,Martinique
Épidémies Hivernales,Bronchiolite,Niveau d'alerte épidémique,08,2023-S46,2023-11-13,1,Catégorielle,
Épidémies Hivernales,Bronchiolite,Niveau d'alerte épidémique,24,2023-S46,2023-11-13,3,Catégorielle,Centre-Val de Loire
Épidémies Hivernales,Bronchiolite,Niveau d'alerte épidémique,28,2023-S46,2023-11-13,3,Catégorielle,Normandie
Épidémies Hivernales,Bronchiolite,Niveau d'alerte épidémique,44,2023-S46,2023-11-13,3,Catégorielle,Grand Est
Épidémies Hivernales,Bronchiolite,Niveau d'alerte épidémique,84,2023-S46,2023-11-13,3,Catégorielle,Auvergne-Rhône-Alpes
Épidémies Hivernales,Bronchiolite,Niveau d'alerte épidémique,06,2023-S47,2023-11-20,1,Catégorielle,Mayotte
Épidémies Hivernales,Bronchiolite,Niveau d'alerte épidémique,07,2023-S47,2023-11-20,1,Catégorielle,
Épidémies Hivernales,Bronchiolite,Niveau d'alerte épidémique,28,2023-S47,2023-11-20,3,Catégorielle,Normandie
Épidémies Hivernales,Bronchiolite,Niveau d'alerte épidémique,53,2023-S47,2023-11-20,3,Catégorielle,Bretagne
Épidémies Hivernales,Bronchiolite,Niveau d'alerte épidémique,75,2023-S47,2023-11-20,3,Catégorielle,Nouvelle-Aquitaine
Épidémies Hivernales,Bronchiolite,Niveau d'alerte épidémique,01,2023-S48,2023-11-27,3,Catégorielle,Guadeloupe
Épidémies Hivernales,Bronchiolite,Niveau d'alerte épidémique,02,2023-S48,2023-11-27,3,Catégorielle,Martinique
Épidémies Hivernales,Bronchiolite,Niveau d'alerte épidémique,03,2023-S48,2023-11-27,3,Catégorielle,Guyane
Épidémies Hivernales,Bronchiolite,Niveau d'alerte épidémique,28,2023-S48,2023-11-27,3,Catégorielle,Normandie
Épidémies Hivernales,Bronchiolite,Niveau d'alerte épidémique,32,2023-S48,2023-11-27,3,Catégorielle,Hauts-de-France
Épidémies Hivernales,Bronchiolite,Niveau d'alerte épidémique,52,2023-S48,2023-11-27,3,Catégorielle,Pays de la Loire
Épidémies Hivernales,Bronchiolite,Niveau d'alerte épidémique,53,2023-S48,2023-11-27,3,Catégorielle,Bretagne
Épidémies Hivernales,Bronchiolite,Niveau d'alerte épidémique,76,2023-S48,2023-11-27,3,Catégorielle,Occitanie
Épidémies Hivernales,Bronchiolite,Niveau d'alerte épidémique,01,2023-S49,2023-12-04,3,Catégorielle,Guadeloupe
Épidémies Hivernales,Bronchiolite,Niveau d'alerte épidémique,03,2023-S49,2023-12-04,3,Catégorielle,Guyane
Épidémies Hivernales,Bronchiolite,Niveau d'alerte épidémique,11,2023-S49,2023-12-04,3,Catégorielle,Île-de-France
Épidémies Hivernales,Bronchiolite,Niveau d'alerte épidémique,24,2023-S49,2023-12-04,3,Catégorielle,Centre-Val de Loire
Épidémies Hivernales,Bronchiolite,Niveau d'alerte épidémique,28,2023-S49,2023-12-04,3,Catégorielle,Normandie
Épidémies Hivernales,Bronchiolite,Niveau d'alerte épidémique,06,2023-S50,2023-12-11,2,Catégorielle,Mayotte
Épidémies Hivernales,Bronchiolite,Niveau d'alerte épidémique,84,2023-S50,2023-12-11,3,Catégorielle,Auvergne-Rhône-Alpes
Épidémies Hivernales,Bronchiolite,Niveau d'alerte épidémique,04,2023-S51,2023-12-18,1,Catégorielle,La Réunion
Épidémies Hivernales,Bronchiolite,Niveau d'alerte épidémique,07,2023-S51,2023-12-18,1,Catégorielle,
Épidémies Hivernales,Bronchiolite,Niveau d'alerte épidémique,08,2023-S51,2023-12-18,1,Catégorielle,
Épidémies Hivernales,Bronchiolite,Niveau d'alerte épidémique,24,2023-S51,2023-12-18,3,Catégorielle,Centre-Val de Loire
Épidémies Hivernales,Bronchiolite,Niveau d'alerte épidémique,76,2023-S51,2023-12-18,3,Catégorielle,Occitanie
Épidémies Hivernales,Bronchiolite,Niveau d'alerte épidémique,01,2023-S52,2023-12-25,3,Catégorielle,Guadeloupe
Épidémies Hivernales,Bronchiolite,Niveau d'alerte épidémique,04,2023-S52,2023-12-25,3,Catégorielle,La Réunion
Épidémies Hivernales,Bronchiolite,Niveau d'alerte épidémique,11,2023-S52,2023-12-25,3,Catégorielle,Île-de-France
Épidémies Hivernales,Bronchiolite,Niveau d'alerte épidémique,32,2023-S52,2023-12-25,3,Catégorielle,Hauts-de-France
Épidémies Hivernales,Bronchiolite,Niveau d'alerte épidémique,44,2023-S52,2023-12-25,3,Catégorielle,Grand Est
Épidémies Hivernales,Bronchiolite,Niveau d'alerte épidémique,75,2023-S52,2023-12-25,3,Catégorielle,Nouvelle-Aquitaine
Épidémies Hivernales,Bronchiolite,Niveau d'alerte épidémique,84,2023-S52,2023-12-25,3,Catégorielle,Auvergne-Rhône-Alpes
Épidémies Hivernales,Bronchiolite,Niveau d'alerte épidémique,93,2023-S52,2023-12-25,3,Catégorielle,Provence-Alpes-Côte d'Azur
Épidémies Hivernales,Bronchiolite,Niveau d'alerte épidémique,94,2023-S52,2023-12-25,3,Catégorielle,Corse
Épidémies Hivernales,Bronchiolite,Niveau d'alerte épidémique,03,2024-S01,2024-01-01,3,Catégorielle,Guyane
Épidémies Hivernales,Bronchiolite,Niveau d'alerte épidémique,04,2024-S01,2024-01-01,3,Catégorielle,La Réunion
Épidémies Hivernales,Bronchiolite,Niveau d'alerte épidémique,08,2024-S01,2024-01-01,1,Catégorielle,
Épidémies Hivernales,Bronchiolite,Niveau d'alerte épidémique,24,2024-S01,2024-01-01,4,Catégorielle,Centre-Val de Loire
Épidémies Hivernales,Bronchiolite,Niveau d'alerte épidémique,28,2024-S01,2024-01-01,4,Catégorielle,Normandie
Épidémies Hivernales,Bronchiolite,Niveau d'alerte épidémique,32,2024-S01,2024-01-01,3,Catégorielle,Hauts-de-France
Épidémies Hivernales,Bronchiolite,Niveau d'alerte épidémique,44,2024-S01,2024-01-01,3,Catégorielle,Grand Est
Épidémies Hivernales,Bronchiolite,Niveau d'alerte épidémique,52,2024-S01,2024-01-01,4,Catégorielle,Pays de la Loire
Épidémies Hivernales,Bronchiolite,Niveau d'alerte épidémique,75,2024-S01,2024-01-01,3,Catégorielle,Nouvelle-Aquitaine
Épidémies Hivernales,Bronchiolite,Niveau d'alerte épidémique,84,2024-S01,2024-01-01,3,Catégorielle,Auvergne-Rhône-Alpes
Épidémies Hivernales,Bronchiolite,Niveau d'alerte épidémique,03,2024-S02,2024-01-08,3,Catégorielle,Guyane
Épidémies Hivernales,Bronchiolite,Niveau d'alerte épidémique,27,2024-S02,2024-01-08,3,Catégorielle,Bourgogne-Franche-Comté
Épidémies Hivernales,Bronchiolite,Niveau d'alerte épidémique,32,2024-S02,2024-01-08,4,Catégorielle,Hauts-de-France
Épidémies Hivernales,Bronchiolite,Niveau d'alerte épidémique,44,2024-S02,2024-01-08,4,Catégorielle,Grand Est
Épidémies Hivernales,Bronchiolite,Niveau d'alerte épidémique,75,2024-S02,2024-01-08,4,Catégorielle,Nouvelle-Aquitaine
Épidémies Hivernales,Bronchiolite,Niveau d'alerte épidémique,84,2024-S02,2024-01-08,4,Catégorielle,Auvergne-Rhône-Alpes
Épidémies Hivernales,Bronchiolite,Niveau d'alerte épidémique,94,2024-S02,2024-01-08,3,Catégorielle,Corse
Épidémies Hivernales,Bronchiolite,Niveau d'alerte épidémique,01,2024-S03,2024-01-15,3,Catégorielle,Guadeloupe
Épidémies Hivernales,Bronchiolite,Niveau d'alerte épidémique,04,2024-S03,2024-01-15,3,Catégorielle,La Réunion
Épidémies Hivernales,Bronchiolite,Niveau d'alerte épidémique,08,2024-S03,2024-01-15,1,Catégorielle,
Épidémies Hivernales,Bronchiolite,Niveau d'alerte épidémique,27,2024-S03,2024-01-15,4,Catégorielle,Bourgogne-Franche-Comté
Épidémies Hivernales,Bronchiolite,Niveau d'alerte épidémique,32,2024-S03,2024-01-15,1,Catégorielle,Hauts-de-France
Épidémies Hivernales,Bronchiolite,Niveau d'alerte épidémique,52,2024-S03,2024-01-15,1,Catégorielle,Pays de la Loire
Épidémies Hivernales,Bronchiolite,Niveau d'alerte épidémique,93,2024-S03,2024-01-15,4,Catégorielle,Provence-Alpes-Côte d'Azur
Épidémies Hivernales,Bronchiolite,Niveau d'alerte épidémique,94,2024-S03,2024-01-15,4,Catégorielle,Corse
Épidémies Hivernales,Bronchiolite,Niveau d'alerte épidémique,02,2024-S04,2024-01-22,4,Catégorielle,Martinique
Épidémies Hivernales,Bronchiolite,Niveau d'alerte épidémique,04,2024-S04,2024-01-22,3,Catégorielle,La Réunion
Épidémies Hivernales,Bronchiolite,Niveau d'alerte épidémique,08,2024-S04,2024-01-22,1,Catégorielle,
Épidémies Hivernales,Bronchiolite,Niveau d'alerte épidémique,11,2024-S04,2024-01-22,1,Catégorielle,Île-de-France
Épidémies Hivernales,Bronchiolite,Niveau d'alerte épidémique,44,2024-S04,2024-01-22,1,Catégorielle,Grand Est
Épidémies Hivernales,Bronchiolite,Niveau d'alerte épidémique,52,2024-S04,2024-01-22,1,Catégorielle,Pays de la Loire
Épidémies Hivernales,Bronchiolite,Niveau d'alerte épidémique,53,2024-S04,2024-01-22,1,Catégorielle,Bretagne
Épidémies Hivernales,Bronchiolite,Niveau d'alerte épidémique,02,2024-S05,2024-01-29,1,Catégorielle,Martinique
Épidémies Hivernales,Bronchiolite,Niveau d'alerte épidémique,03,2024-S05,2024-01-29,1,Catégorielle,Guyane
Épidémies Hivernales,Bronchiolite,Niveau d'alerte épidémique,04,2024-S05,2024-01-29,3,Catégorielle,La Réunion
Épidémies Hivernales,Bronchiolite,Niveau d'alerte épidémique,06,2024-S05,2024-01-29,3,Catégorielle,Mayotte
Épidémies Hivernales,Bronchiolite,Niveau d'alerte épidémique,11,2024-S05,2024-01-29,1,Catégorielle,Île-de-France
Épidémies Hivernales,Bronchiolite,Niveau d'alerte épidémique,28,2024-S05,2024-01-29,1,Catégorielle,Normandie
Épidémies Hivernales,Bronchiolite,Niveau d'alerte épidémique,44,2024-S05,2024-01-29,3,Catégorielle,Grand Est
Épidémies Hivernales,Bronchiolite,Niveau d'alerte épidémique,44,2024-S05,2024-01-29,1,Catégorielle,Grand Est
Épidémies Hivernales,Bronchiolite,Niveau d'alerte épidémique,94,2024-S05,2024-01-29,4,Catégorielle,Corse
Épidémies Hivernales,Bronchiolite,Niveau d'alerte épidémique,03,2024-S06,2024-02-05,1,Catégorielle,Guyane
Épidémies Hivernales,Bronchiolite,Niveau d'alerte épidémique,07,2024-S06,2024-02-05,1,Catégorielle,
Épidémies Hivernales,Bronchiolite,Niveau d'alerte épidémique,08,2024-S06,2024-02-05,1,Catégorielle,
Épidémies Hivernales,Bronchiolite,Niveau d'alerte épidémique,27,2024-S06,2024-02-05,1,Catégorielle,Bourgogne-Franche-Comté
Épidémies Hivernales,Bronchiolite,Niveau d'alerte épidémique,28,2024-S06,2024-02-05,1,Catégorielle,Normandie
Épidémies Hivernales,Bronchiolite,Niveau d'alerte épidémique,84,2024-S06,2024-02-05,1,Catégorielle,Auvergne-Rhône-Alpes
Épidémies Hivernales,Bronchiolite,Niveau d'alerte épidémique,94,2024-S06,2024-02-05,4,Catégorielle,Corse
Épidémies Hivernales,Bronchiolite,Niveau d'alerte épidémique,01,2024-S07,2024-02-12,1,Catégorielle,Guadeloupe
Épidémies Hivernales,Bronchiolite,Niveau d'alerte épidémique,11,2024-S07,2024-02-12,1,Catégorielle,Île-de-France
Épidémies Hivernales,Bronchiolite,Niveau d'alerte épidémique,28,2024-S07,2024-02-12,1,Catégorielle,Normandie
Épidémies Hivernales,Bronchiolite,Niveau d'alerte épidémique,04,2024-S08,2024-02-19,1,Catégorielle,La Réunion
Épidémies Hivernales,Bronchiolite,Niveau d'alerte épidémique,27,2024-S08,2024-02-19,1,Catégorielle,Bourgogne-Franche-Comté
Épidémies Hivernales,Bronchiolite,Niveau d'alerte épidémique,52,2024-S08,2024-02-19,1,Catégorielle,Pays de la Loire
Épidémies Hivernales,Bronchiolite,Niveau d'alerte épidémique,75,2024-S08,2024-02-19,1,Catégorielle,Nouvelle-Aquitaine
Épidémies Hivernales,Bronchiolite,Niveau d'alerte épidémique,93,2024-S08,2024-02-19,1,Catégorielle,Provence-Alpes-Côte d'Azur
Épidémies Hivernales,Bronchiolite,Niveau d'alerte épidémique,94,2024-S08,2024-02-19,1,Catégorielle,Corse
Épidémies Hivernales,Bronchiolite,Niveau d'alerte épidémique,04,2024-S09,2024-02-26,1,Catégorielle,La Réunion
Épidémies Hivernales,Bronchiolite,Niveau d'alerte épidémique,07,2024-S09,2024-02-26,1,Catégorielle,
Épidémies Hivernales,Bronchiolite,Niveau d'alerte épidémique,27,2024-S09,2024-02-26,1,Catégorielle,Bourgogne-Franche-Comté
Épidémies Hivernales,Bronchiolite,Niveau d'alerte épidémique,53,2024-S09,2024-02-26,1,Catégorielle,Bretagne
Épidémies Hivernales,Bronchiolite,Niveau d'alerte épidémique,76,2024-S09,2024-02-26,1,Catégorielle,Occitanie
Épidémies Hivernales,Bronchiolite,Niveau d'alerte épidémique,93,2024-S09,2024-02-26,1,Catégorielle,Provence-Alpes-Côte d'Azur
Épidémies Hivernales,Bronchiolite,Niveau d'alerte épidémique,01,2024-S10,2024-03-04,1,Catégorielle,Guadeloupe
Épidémies Hivernales,Bronchiolite,Niveau d'alerte épidémique,04,2024-S10,2024-03-04,1,Catégorielle,La Réunion
Épidémies Hivernales,Bronchiolite,Niveau d'alerte épidémique,08,2024-S10,2024-03-04,1,Catégorielle,
Épidémies Hivernales,Bronchiolite,Niveau d'alerte épidémique,24,2024-S10,2024-03-04,1,Catégorielle,Centre-Val de Loire
Épidémies Hivernales,Bronchiolite,Niveau d'alerte épidémique,32,2024-S10,2024-03-04,1,Catégorielle,Hauts-de-France
Épidémies Hivernales,Bronchiolite,Niveau d'alerte épidémique,84,2024-S10,2024-03-04,1,Catégorielle,Auvergne-Rhône-Alpes
Épidémies Hivernales,Bronchiolite,Niveau d'alerte épidémique,02,2024-S11,2024-03-11,1,Catégorielle,Martinique
Épidémies Hivernales,Bronchiolite,Niveau d'alerte épidémique,06,2024-S11,2024-03-11,3,Catégorielle,Mayotte
Épidémies Hivernales,Bronchiolite,Niveau d'alerte épidémique,07,2024-S11,2024-03-11,1,Catégorielle,
Épidémies Hivernales,Bronchiolite,Niveau d'alerte épidémique,08,2024-S11,2024-03-11,1,Catégorielle,
Épidémies Hivernales,Bronchiolite,Niveau d'alerte épidémique,28,2024-S11,2024-03-11,1,Catégorielle,Normandie
Épidémies Hivernales,Bronchiolite,Niveau d'alerte épidémique,44,2024-S11,2024-03-11,1,Catégorielle,Grand Est
Épidémies Hivernales,Bronchiolite,Niveau d'alerte épidémique,53,2024-S11,2024-03-11,1,Catégorielle,Bretagne
Épidémies Hivernales,Bronchiolite,Niveau d'alerte épidémique,75,2024-S11,2024-03-11,1,Catégorielle,Nouvelle-Aquitaine
Épidémies Hivernales,Bronchiolite,Niveau d'alerte épidémique,93,2024-S11,2024-03-11,1,Catégorielle,Provence-Alpes-Côte d'Azur
Épidémies Hivernales,Bronchiolite,Niveau d'alerte épidémique,94,2024-S11,2024-03-11,1,Catégorielle,Corse
Épidémies Hivernales,Bronchiolite,Niveau d'alerte épidémique,02,2024-S12,2024-03-18,1,Catégorielle,Martinique
Épidémies Hivernales,Bronchiolite,Niveau d'alerte épidémique,27,2024-S12,2024-03-18,1,Catégorielle,Bourgogne-Franche-Comté
Épidémies Hivernales,Bronchiolite,Niveau d'alerte épidémique,32,2024-S12,2024-03-18,1,Catégorielle,Hauts-de-France
Épidémies Hivernales,Bronchiolite,Niveau d'alerte épidémique,32,2024-S13,2024-03-25,1,Catégorielle,Hauts-de-France
Épidémies Hivernales,Bronchiolite,Niveau d'alerte épidémique,52,2024-S13,2024-03-25,1,Catégorielle,Pays de la Loire
Épidémies Hivernales,Bronchiolite,Niveau d'alerte épidémique,53,2024-S13,2024-03-25,1,Catégorielle,Bretagne
Épidémies Hivernales,Bronchiolite,Niveau d'alerte épidémique,03,2024-S14,2024-04-01,1,Catégorielle,Guyane
Épidémies Hivernales,Bronchiolite,Niveau d'alerte épidémique,08,2024-S14,2024-04-01,1,Catégorielle,
Épidémies Hivernales,Bronchiolite,Niveau d'alerte épidémique,11,2024-S14,2024-04-01,1,Catégorielle,Île-de-France
Épidémies Hivernales,Bronchiolite,Niveau d'alerte épidémique,24,2024-S14,2024-04-01,1,Catégorielle,Centre-Val de Loire
Épidémies Hivernales,Bronchiolite,Niveau d'alerte épidémique,27,2024-S14,2024-04-01,1,Catégorielle,Bourgogne-Franche-Comté
Épidémies Hivernales,Bronchiolite,Niveau d'alerte épidémique,28,2024-S14,2024-04-01,1,Catégorielle,Normandie
Épidémies Hivernales,Bronchiolite,Niveau d'alerte épidémique,44,2024-S14,2024-04-01,1,Catégorielle,Grand Est
Épidémies Hivernales,Bronchiolite,Niveau d'alerte épidémique,52,2024-S14,2024-04-01,1,Catégorielle,Pays de la Loire
Épidémies Hivernales,Bronchiolite,Niveau d'alerte épidémique,93,2024-S14,2024-04-01,1,Catégorielle,Provence-Alpes-Côte d'Azur
Épidémies Hivernales,Bronchiolite,Niveau d'alerte épidémique,03,2024-S15,2024-04-08,1,Catégorielle,Guyane
Épidémies Hivernales,Bronchiolite,Niveau d'alerte épidémique,04,2024-S15,2024-04-08,1,Catégorielle,La Réunion
Épidémies Hivernales,Bronchiolite,Niveau d'alerte épidémique,07,2024-S15,2024-04-08,1,Catégorielle,
Épidémies Hivernales,Bronchiolite,Niveau d'alerte épidémique,11,2024-S15,2024-04-08,1,Catégorielle,Île-de-France
Épidémies Hivernales,Bronchiolite,Niveau d'alerte épidémique,76,2024-S15,2024-04-08,1,Catégorielle,Occitanie
Épidémies Hivernales,Bronchiolite,Niveau d'alerte épidémique,93,2024-S15,2024-04-08,1,Catégorielle,Provence-Alpes-Côte d'Azur
Épidémies Hivernales,Bronchiolite,Niveau d'alerte épidémique,84,2024-S16,2024-04-15,1,Catégorielle,Auvergne-Rhône-Alpes
Épidémies Hivernales,Bronchiolite,Niveau d'alerte épidémique,84,2024-S17,2024-04-22,1,Catégorielle,Auvergne-Rhône-Alpes
Épidémies Hivernales,Bronchiolite,Niveau d'alerte épidémique,11,2024-S39,2024-09-23,1,Catégorielle,Île-de-France
Épidémies Hivernales,Bronchiolite,Niveau d'alerte épidémique,03,2024-S40,2024-09-30,3,Catégorielle,Guyane
Épidémies Hivernales,Bronchiolite,Niveau d'alerte épidémique,04,2024-S40,2024-09-30,1,Catégorielle,La Réunion
Épidémies Hivernales,Bronchiolite,Niveau d'alerte épidémique,06,2024-S40,2024-09-30,1,Catégorielle,Mayotte
Épidémies Hivernales,Bronchiolite,Niveau d'alerte épidémique,07,2024-S40,2024-09-30,1,Catégorielle,
Épidémies Hivernales,Bronchiolite,Niveau d'alerte épidémique,08,2024-S40,2024-09-30,1,Catégorielle,
Épidémies Hivernales,Bronchiolite,Niveau d'alerte épidémique,27,2024-S40,2024-09-30,1,Catégorielle,Bourgogne-Franche-Comté
Épidémies Hivernales,Bronchiolite,Niveau d'alerte épidémique,44,2024-S40,2024-09-30,1,Catégorielle,Grand Est
Épidémies Hivernales,Bronchiolite,Niveau d'alerte épidémique,52,2024-S40,2024-09-30,1,Catégorielle,Pays de la Loire
Épidémies Hivernales,Bronchiolite,Niveau d'alerte épidémique,53,2024-S40,2024-09-30,1,Catégorielle,Bretagne
Épidémies Hivernales,Bronchiolite,Niveau d'alerte épidémique,75,2024-S40,2024-09-30,1,Catégorielle,Nouvelle-Aquitaine
Épidémies Hivernales,Bronchiolite,Niveau d'alerte épidémique,76,2024-S40,2024-09-30,1,Catégorielle,Occitanie
Épidémies Hivernales,Bronchiolite,Niveau d'alerte épidémique,84,2024-S40,2024-09-30,1,Catégorielle,Auvergne-Rhône-Alpes
Épidémies Hivernales,Bronchiolite,Niveau d'alerte épidémique,93,2024-S40,2024-09-30,1,Catégorielle,Provence-Alpes-Côte d'Azur
Épidémies Hivernales,Bronchiolite,Niveau d'alerte épidémique,94,2024-S40,2024-09-30,1,Catégorielle,Corse
Épidémies Hivernales,Bronchiolite,Niveau d'alerte épidémique,01,2024-S41,2024-10-07,1,Catégorielle,Guadeloupe
Épidémies Hivernales,Bronchiolite,Niveau d'alerte épidémique,28,2024-S41,2024-10-07,1,Catégorielle,Normandie
Épidémies Hivernales,Bronchiolite,Niveau d'alerte épidémique,84,2024-S41,2024-10-07,1,Catégorielle,Auvergne-Rhône-Alpes
Épidémies Hivernales,Bronchiolite,Niveau d'alerte épidémique,93,2024-S41,2024-10-07,1,Catégorielle,Provence-Alpes-Côte d'Azur
Épidémies Hivernales,Bronchiolite,Niveau d'alerte épidémique,01,2024-S42,2024-10-14,2,Catégorielle,Guadeloupe
Épidémies Hivernales,Bronchiolite,Niveau d'alerte épidémique,08,2024-S42,2024-10-14,1,Catégorielle,
Épidémies Hivernales,Bronchiolite,Niveau d'alerte épidémique,24,2024-S42,2024-10-14,1,Catégorielle,Centre-Val de Loire
Épidémies Hivernales,Bronchiolite,Niveau d'alerte épidémique,28,2024-S42,2024-10-14,1,Catégorielle,Normandie
Épidémies Hivernales,Bronchiolite,Niveau d'alerte épidémique,75,2024-S42,2024-10-14,1,Catégorielle,Nouvelle-Aquitaine
Épidémies Hivernales,Bronchiolite,Niveau d'alerte épidémique,93,2024-S42,2024-10-14,1,Catégorielle,Provence-Alpes-Côte d'Azur
Épidémies Hivernales,Bronchiolite,Niveau d'alerte épidémique,01,2024-S43,2024-10-21,3,Catégorielle,Guadeloupe
Épidémies Hivernales,Bronchiolite,Niveau d'alerte épidémique,03,2024-S43,2024-10-21,3,Catégorielle,Guyane
Épidémies Hivernales,Bronchiolite,Niveau d'alerte épidémique,07,2024-S43,2024-10-21,1,Catégorielle,
Épidémies Hivernales,Bronchiolite,Niveau d'alerte épidémique,52,2024-S43,2024-10-21,1,Catégorielle,Pays de la Loire
Épidémies Hivernales,Bronchiolite,Niveau d'alerte épidémique,76,2024-S43,2024-10-21,1,Catégorielle,Occitanie
Épidémies Hivernales,Bronchiolite,Niveau d'alerte épidémique,84,2024-S43,2024-10-21,1,Catégorielle,Auvergne-Rhône-Alpes
Épidémies Hivernales,Bronchiolite,Niveau d'alerte épidémique,93,2024-S43,2024-10-21,1,Catégorielle,Provence-Alpes-Côte d'Azur
Épidémies Hivernales,Bronchiolite,Niveau d'alerte épidémique,02,2024-S44,2024-10-28,3,Catégorielle,Martinique
Épidémies Hivernales,Bronchiolite,Niveau d'alerte épidémique,08,2024-S44,2024-10-28,1,Catégorielle,
Épidémies Hivernales,Bronchiolite,Niveau d'alerte épidémique,28,2024-S44,2024-10-28,1,Catégorielle,Normandie
Épidémies Hivernales,Bronchiolite,Niveau d'alerte épidémique,32,2024-S44,2024-10-28,2,Catégorielle,Hauts-de-France
Épidémies Hivernales,Bronchiolite,Niveau d'alerte épidémique,53,2024-S44,2024-10-28,2,Catégorielle,Bretagne
Épidémies Hivernales,Bronchiolite,Niveau d'alerte épidémique,04,2024-S45,2024-11-04,1,Catégorielle,La Réunion
Épidémies Hivernales,Bronchiolite,Niveau d'alerte épidémique,07,2024-S45,2024-11-04,1,Catégorielle,
Épidémies Hivernales,Bronchiolite,Niveau d'alerte épidémique,44,2024-S45,2024-11-04,1,Catégorielle,Grand Est
Épidémies Hivernales,Bronchiolite,Niveau d'alerte épidémique,84,2024-S45,2024-11-04,1,Catégorielle,Auvergne-Rhône-Alpes
Épidémies Hivernales,Bronchiolite,Niveau d'alerte épidémique,93,2024-S45,2024-11-04,1,Catégorielle,Provence-Alpes-Côte d'Azur
Épidémies Hivernales,Bronchiolite,Niveau d'alerte épidémique,94,2024-S45,2024-11-04,1,Catégorielle,Corse
Épidémies Hivernales,Bronchiolite,Niveau d'alerte épidémique,03,2024-S46,2024-11-11,3,Catégorielle,Guyane
Épidémies Hivernales,Bronchiolite,Niveau d'alerte épidémique,53,2024-S46,2024-11-11,2,Catégorielle,Bretagne
Épidémies Hivernales,Bronchiolite,Niveau d'alerte épidémique,75,2024-S46,2024-11-11,2,Catégorielle,Nouvelle-Aquitaine
Épidémies Hivernales,Bronchiolite,Niveau d'alerte épidémique,94,2024-S46,2024-11-11,1,Catégorielle,Corse
Épidémies Hivernales,Bronchiolite,Niveau d'alerte épidémique,08,2024-S47,2024-11-18,1,Catégorielle,
Épidémies Hivernales,Bronchiolite,Niveau d'alerte épidémique,11,2024-S47,2024-11-18,3,Catégorielle,Île-de-France
Épidémies Hivernales,Bronchiolite,Niveau d'alerte épidémique,32,2024-S47,2024-11-18,3,Catégorielle,Hauts-de-France
Épidémies Hivernales,Bronchiolite,Niveau d'alerte épidémique,53,2024-S47,2024-11-18,3,Catégorielle,Bretagne
Épidémies Hivernales,Bronchiolite,Niveau d'alerte épidémique,76,2024-S47,2024-11-18,2,Catégorielle,Occitanie
Épidémies Hivernales,Bronchiolite,Niveau d'alerte épidémique,08,2024-S48,2024-11-25,1,Catégorielle,
Épidémies Hivernales,Bronchiolite,Niveau d'alerte épidémique,27,2024-S48,2024-11-25,3,Catégorielle,Bourgogne-Franche-Comté
Épidémies Hivernales,Bronchiolite,Niveau d'alerte épidémique,52,2024-S48,2024-11-25,3,Catégorielle,Pays de la Loire
Épidémies Hivernales,Bronchiolite,Niveau d'alerte épidémique,53,2024-S48,2024-11-25,3,Catégorielle,Bretagne
Épidémies Hivernales,Bronchiolite,Niveau d'alerte épidémique,84,2024-S48,2024-11-25,3,Catégorielle,Auvergne-Rhône-Alpes
Épidémies Hivernales,Bronchiolite,Niveau d'alerte épidémique,94,2024-S48,2024-11-25,1,Catégorielle,Corse
Épidémies Hivernales,Bronchiolite,Niveau d'alerte épidémique,08,2024-S49,2024-12-02,1,Catégorielle,
Épidémies Hivernales,Bronchiolite,Niveau d'alerte épidémique,11,2024-S49,2024-12-02,3,Catégorielle,Île-de-France
Épidémies Hivernales,Bronchiolite,Niveau d'alerte épidémique,28,2024-S49,2024-12-02,3,Catégorielle,Normandie
Épidémies Hivernales,Bronchiolite,Niveau d'alerte épidémique,32,2024-S49,2024-12-02,3,Catégorielle,Hauts-de-France
Épidémies Hivernales,Bronchiolite,Niveau d'alerte épidémique,52,2024-S49,2024-12-02,3,Catégorielle,Pays de la Loire
Épidémies Hivernales,Bronchiolite,Niveau d'alerte épidémique,75,2024-S49,2024-12-02,3,Catégorielle,Nouvelle-Aquitaine
Épidémies Hivernales,Bronchiolite,Niveau d'alerte épidémique,76,2024-S49,2024-12-02,3,Catégorielle,Occitanie
Épidémies Hivernales,Bronchiolite,Niveau d'alerte épidémique,01,2024-S50,2024-12-09,3,Catégorielle,Guadeloupe
Épidémies Hivernales,Bronchiolite,Niveau d'alerte épidémique,04,2024-S50,2024-12-09,2,Catégorielle,La Réunion
Épidémies Hivernales,Bronchiolite,Niveau d'alerte épidémique,11,2024-S50,2024-12-09,3,Catégorielle,Île-de-France
Épidémies Hivernales,Bronchiolite,Niveau d'alerte épidémique,27,2024-S50,2024-12-09,3,Catégorielle,Bourgogne-Franche-Comté
Épidémies Hivernales,Bronchiolite,Niveau d'alerte épidémique,44,2024-S50,2024-12-09,3,Catégorielle,Grand Est
Épidémies Hivernales,Bronchiolite,Niveau d'alerte épidémique,53,2024-S50,2024-12-09,3,Catégorielle,Bretagne
Épidémies Hivernales,Bronchiolite,Niveau d'alerte épidémique,84,2024-S50,2024-12-09,3,Catégorielle,Auvergne-Rhône-Alpes
Épidémies Hivernales,Bronchiolite,Niveau d'alerte épidémique,94,2024-S50,2024-12-09,1,Catégorielle,Corse
Épidémies Hivernales,Bronchiolite,Niveau d'alerte épidémique,02,2024-S51,2024-12-16,3,Catégorielle,Martinique
Épidémies Hivernales,Bronchiolite,Niveau d'alerte épidémique,03,2024-S51,2024-12-16,3,Catégorielle,Guyane
Épidémies Hivernales,Bronchiolite,Niveau d'alerte épidémique,11,2024-S51,2024-12-16,3,Catégorielle,Île-de-France
Épidémies Hivernales,Bronchiolite,Niveau d'alerte épidémique,27,2024-S51,2024-12-16,3,Catégorielle,Bourgogne-Franche-Comté
Épidémies Hivernales,Bronchiolite,Niveau d'alerte épidémique,32,2024-S51,2024-12-16,3,Catégorielle,Hauts-de-France
Épidémies Hivernales,Bronchiolite,Niveau d'alerte épidémique,44,2024-S51,2024-12-16,3,Catégorielle,Grand Est
Épidémies Hivernales,Bronchiolite,Niveau d'alerte épidémique,52,2024-S51,2024-12-16,3,Catégorielle,Pays de la Loire
Épidémies Hivernales,Bronchiolite,Niveau d'alerte épidémique,75,2024-S51,2024-12-16,3,Catégorielle,Nouvelle-Aquitaine
Épidémies Hivernales,Bronchiolite,Niveau d'alerte épidémique,76,2024-S51,2024-12-16,3,Catégorielle,Occitanie
Épidémies Hivernales,Bronchiolite,Niveau d'alerte épidémique,93,2024-S51,2024-12-16,3,Catégorielle,Provence-Alpes-Côte d'Azur
Épidémies Hivernales,Bronchiolite,Niveau d'alerte épidémique,02,2024-S52,2024-12-23,3,Catégorielle,Martinique
Épidémies Hivernales,Bronchiolite,Niveau d'alerte épidémique,52,2024-S52,2024-12-23,3,Catégorielle,Pays de la Loire
Épidémies Hivernales,Bronchiolite,Niveau d'alerte épidémique,01,2025-S01,2024-12-30,3,Catégorielle,Guadeloupe
Épidémies Hivernales,Bronchiolite,Niveau d'alerte épidémique,07,2025-S01,2024-12-30,1,Catégorielle,
Épidémies Hivernales,Bronchiolite,Niveau d'alerte épidémique,27,2025-S01,2024-12-30,3,Catégorielle,Bourgogne-Franche-Comté
Épidémies Hivernales,Bronchiolite,Niveau d'alerte épidémique,32,2025-S01,2024-12-30,3,Catégorielle,Hauts-de-France
Épidémies Hivernales,Bronchiolite,Niveau d'alerte épidémique,44,2025-S01,2024-12-30,3,Catégorielle,Grand Est
Épidémies Hivernales,Bronchiolite,Niveau d'alerte épidémique,76,2025-S01,2024-12-30,3,Catégorielle,Occitanie
Épidémies Hivernales,Bronchiolite,Niveau d'alerte épidémique,01,2025-S02,2025-01-06,4,Catégorielle,Guadeloupe
Épidémies Hivernales,Bronchiolite,Niveau d'alerte épidémique,08,2025-S02,2025-01-06,1,Catégorielle,
Épidémies Hivernales,Bronchiolite,Niveau d'alerte épidémique,24,2025-S02,2025-01-06,4,Catégorielle,Centre-Val de Loire
Épidémies Hivernales,Bronchiolite,Niveau d'alerte épidémique,52,2025-S02,2025-01-06,4,Catégorielle,Pays de la Loire
Épidémies Hivernales,Bronchiolite,Niveau d'alerte épidémique,76,2025-S02,2025-01-06,4,Catégorielle,Occitanie
Épidémies Hivernales,Bronchiolite,Niveau d'alerte épidémique,93,2025-S02,2025-01-06,3,Catégorielle,Provence-Alpes-Côte d'Azur
Épidémies Hivernales,Bronchiolite,Niveau d'alerte épidémique,94,2025-S02,2025-01-06,3,Catégorielle,Corse
Épidémies Hivernales,Bronchiolite,Niveau d'alerte épidémique,01,2025-S03,2025-01-13,4,Catégorielle,Guadeloupe
Épidémies Hivernales,Bronchiolite,Niveau d'alerte épidémique,02,2025-S03,2025-01-13,4,Catégorielle,Martinique
Épidémies Hivernales,Bronchiolite,Niveau d'alerte épidémique,04,2025-S03,2025-01-13,1,Catégorielle,La Réunion
Épidémies Hivernales,Bronchiolite,Niveau d'alerte épidémique,11,2025-S03,2025-01-13,1,Catégorielle,Île-de-France
Épidémies Hivernales,Bronchiolite,Niveau d'alerte épidémique,28,2025-S03,2025-01-13,4,Catégorielle,Normandie
Épidémies Hivernales,Bronchiolite,Niveau d'alerte épidémique,32,2025-S03,2025-01-13,4,Catégorielle,Hauts-de-France
Épidémies Hivernales,Bronchiolite,Niveau d'alerte épidémique,44,2025-S03,2025-01-13,4,Catégorielle,Grand Est
Épidémies Hivernales,Bronchiolite,Niveau d'alerte épidémique,75,2025-S03,2025-01-13,4,Catégorielle,Nouvelle-Aquitaine
Épidémies Hivernales,Bronchiolite,Niveau d'alerte épidémique,94,2025-S03,2025-01-13,3,Catégorielle,Corse
Épidémies Hivernales,Bronchiolite,Niveau d'alerte épidémique,01,2025-S04,2025-01-20,4,Catégorielle,Guadeloupe
Épidémies Hivernales,Bronchiolite,Niveau d'alerte épidémique,02,2025-S04,2025-01-20,4,Catégorielle,Martinique
Épidémies Hivernales,Bronchiolite,Niveau d'alerte épidémique,27,2025-S04,2025-01-20,4,Catégorielle,Bourgogne-Franche-Comté
Épidémies Hivernales,Bronchiolite,Niveau d'alerte épidémique,28,2025-S04,2025-01-20,1,Catégorielle,Normandie
Épidémies Hivernales,Bronchiolite,Niveau d'alerte épidémique,84,2025-S04,2025-01-20,4,Catégorielle,Auvergne-Rhône-Alpes
Épidémies Hivernales,Bronchiolite,Niveau d'alerte épidémique,01,2025-S05,2025-01-27,1,Catégorielle,Guadeloupe
Épidémies Hivernales,Bronchiolite,Niveau d'alerte épidémique,02,2025-S05,2025-01-27,1,Catégorielle,Martinique
Épidémies Hivernales,Bronchiolite,Niveau d'alerte épidémique,03,2025-S05,2025-01-27,1,Catégorielle,Guyane
Épidémies Hivernales,Bronchiolite,Niveau d'alerte épidémique,07,2025-S05,2025-01-27,1,Catégorielle,
Épidémies Hivernales,Bronchiolite,Niveau d'alerte épidémique,27,2025-S05,2025-01-27,4,Catégorielle,Bourgogne-Franche-Comté
Épidémies Hivernales,Bronchiolite,Niveau d'alerte épidémique,75,2025-S05,2025-01-27,1,Catégorielle,Nouvelle-Aquitaine
Épidémies Hivernales,Bronchiolite,Niveau d'alerte épidémique,76,2025-S05,2025-01-27,1,Catégorielle,Occitanie
Épidémies Hivernales,Bronchiolite,Niveau d'alerte épidémique,84,2025-S05,2025-01-27,4,Catégorielle,Auvergne-Rhône-Alpes
Épidémies Hivernales,Bronchiolite,Niveau d'alerte épidémique,01,2025-S06,2025-02-03,1,Catégorielle,Guadeloupe
Épidémies Hivernales,Bronchiolite,Niveau d'alerte épidémique,02,2025-S06,2025-02-03,1,Catégorielle,Martinique
Épidémies Hivernales,Bronchiolite,Niveau d'alerte épidémique,28,2025-S06,2025-02-03,1,Catégorielle,Normandie
Épidémies Hivernales,Bronchiolite,Niveau d'alerte épidémique,53,2025-S06,2025-02-03,1,Catégorielle,Bretagne
Épidémies Hivernales,Bronchiolite,Niveau d'alerte épidémique,76,2025-S06,2025-02-03,1,Catégorielle,Occitanie
Épidémies Hivernales,Bronchiolite,Niveau d'alerte épidémique,03,2025-S07,2025-02-10,1,Catégorielle,Guyane
Épidémies Hivernales,Bronchiolite,Niveau d'alerte épidémique,07,2025-S07,2025-02-10,1,Catégorielle,
Épidémies Hivernales,Bronchiolite,Niveau d'alerte épidémique,08,2025-S07,2025-02-10,1,Catégorielle,
Épidémies Hivernales,Bronchiolite,Niveau d'alerte épidémique,11,2025-S07,2025-02-10,1,Catégorielle,Île-de-France
Épidémies Hivernales,Bronchiolite,Niveau d'alerte épidémique,28,2025-S07,2025-02-10,1,Catégorielle,Normandie
Épidémies Hivernales,Bronchiolite,Niveau d'alerte épidémique,52,2025-S07,2025-02-10,1,Catégorielle,Pays de la Loire
Épidémies Hivernales,Bronchiolite,Niveau d'alerte épidémique,76,2025-S07,2025-02-10,1,Catégorielle,Occitanie
Épidémies Hivernales,Bronchiolite,Niveau d'alerte épidémique,84,2025-S07,2025-02-10,4,Catégorielle,Auvergne-Rhône-Alpes
Épidémies Hivernales,Bronchiolite,Niveau d'alerte épidémique,02,2025-S08,2025-02-17,1,Catégorielle,Martinique
Épidémies Hivernales,Bronchiolite,Niveau d'alerte épidémique,06,2025-S08,2025-02-17,3,Catégorielle,Mayotte
Épidémies Hivernales,Bronchiolite,Niveau d'alerte épidémique,07,2025-S08,2025-02-17,1,Catégorielle,
Épidémies Hivernales,Bronchiolite,Niveau d'alerte épidémique,24,2025-S08,2025-02-17,1,Catégorielle,Centre-Val de Loire
Épidémies Hivernales,Bronchiolite,Niveau d'alerte épidémique,27,2025-S08,2025-02-17,4,Catégorielle,Bourgogne-Franche-Comté
Épidémies Hivernales,Bronchiolite,Niveau d'alerte épidémique,32,2025-S08,2025-02-17,1,Catégorielle,Hauts-de-France
Épidémies Hivernales,Bronchiolite,Niveau d'alerte épidémique,53,2025-S08,2025-02-17,1,Catégorielle,Bretagne
Épidémies Hivernales,Bronchiolite,Niveau d'alerte épidémique,76,2025-S08,2025-02-17,1,Catégorielle,Occitanie
Épidémies Hivernales,Bronchiolite,Niveau d'alerte épidémique,84,2025-S08,2025-02-17,4,Catégorielle,Auvergne-Rhône-Alpes
Épidémies Hivernales,Bronchiolite,Niveau d'alerte épidémique,07,2025-S09,2025-02-24,1,Catégorielle,
Épidémies Hivernales,Bronchiolite,Niveau d'alerte épidémique,11,2025-S09,2025-02-24,1,Catégorielle,Île-de-France
Épidémies Hivernales,Bronchiolite,Niveau d'alerte épidémique,27,2025-S09,2025-02-24,4,Catégorielle,Bourgogne-Franche-Comté
Épidémies Hivernales,Bronchiolite,Niveau d'alerte épidémique,32,2025-S09,2025-02-24,1,Catégorielle,Hauts-de-France
Épidémies Hivernales,Bronchiolite,Niveau d'alerte épidémique,76,2025-S09,2025-02-24,1,Catégorielle,Occitanie
Épidémies Hivernales,Bronchiolite,Niveau d'alerte épidémique,93,2025-S09,2025-02-24,1,Catégorielle,Provence-Alpes-Côte d'Azur
Épidémies Hivernales,Bronchiolite,Niveau d'alerte épidémique,03,2025-S10,2025-03-03,1,Catégorielle,Guyane
Épidémies Hivernales,Bronchiolite,Niveau d'alerte épidémique,07,2025-S10,2025-03-03,1,Catégorielle,
Épidémies Hivernales,Bronchiolite,Niveau d'alerte épidémique,11,2025-S10,2025-03-03,4,Catégorielle,Île-de-France
Épidémies Hivernales,Bronchiolite,Niveau d'alerte épidémique,52,2025-S10,2025-03-03,1,Catégorielle,Pays de la Loire
Épidémies Hivernales,Bronchiolite,Niveau d'alerte épidémique,75,2025-S10,2025-03-03,1,Catégorielle,Nouvelle-Aquitaine
Épidémies Hivernales,Bronchiolite,Niveau d'alerte épidémique,04,2025-S11,2025-03-10,1,Catégorielle,La Réunion
Épidémies Hivernales,Bronchiolite,Niveau d'alerte épidémique,06,2025-S11,2025-03-10,3,Catégorielle,Mayotte
Épidémies Hivernales,Bronchiolite,Niveau d'alerte épidémique,11,2025-S11,2025-03-10,1,Catégorielle,Île-de-France
Épidémies Hivernales,Bronchiolite,Niveau d'alerte épidémique,28,2025-S11,2025-03-10,1,Catégorielle,Normandie
Épidémies Hivernales,Bronchiolite,Niveau d'alerte épidémique,32,2025-S11,2025-03-10,1,Catégorielle,Hauts-de-France
Épidémies Hivernales,Bronchiolite,Niveau d'alerte épidémique,75,2025-S11,2025-03-10,1,Catégorielle,Nouvelle-Aquitaine
Épidémies Hivernales,Bronchiolite,Niveau d'alerte épidémique,84,2025-S11,2025-03-10,1,Catégorielle,Auvergne-Rhône-Alpes
Épidémies Hivernales,Bronchiolite,Niveau d'alerte épidémique,93,2025-S11,2025-03-10,1,Catégorielle,Provence-Alpes-Côte d'Azur
Épidémies Hivernales,Bronchiolite,Niveau d'alerte épidémique,94,2025-S11,2025-03-10,4,Catégorielle,Corse
Épidémies Hivernales,Bronchiolite,Niveau d'alerte épidémique,03,2025-S12,2025-03-17,1,Catégorielle,Guyane
Épidémies Hivernales,Bronchiolite,Niveau d'alerte épidémique,06,2025-S12,2025-03-17,3,Catégorielle,Mayotte
Épidémies Hivernales,Bronchiolite,Niveau d'alerte épidémique,07,2025-S12,2025-03-17,1,Catégorielle,
Épidémies Hivernales,Bronchiolite,Niveau d'alerte épidémique,08,2025-S12,2025-03-17,1,Catégorielle,
Épidémies Hivernales,Bronchiolite,Niveau d'alerte épidémique,32,2025-S12,2025-03-17,1,Catégorielle,Hauts-de-France
Épidémies Hivernales,Bronchiolite,Niveau d'alerte épidémique,84,2025-S12,2025-03-17,1,Catégorielle,Auvergne-Rhône-Alpes
Épidémies Hivernales,Bronchiolite,Niveau d'alerte épidémique,93,2025-S12,2025-03-17,1,Catégorielle,Provence-Alpes-Côte d'Azur
Épidémies Hivernales,Bronchiolite,Niveau d'alerte épidémique,94,2025-S12,2025-03-17,1,Catégorielle,Corse
Épidémies Hivernales,Bronchiolite,Niveau d'alerte épidémique,01,2025-S13,2025-03-24,1,Catégorielle,Guadeloupe
Épidémies Hivernales,Bronchiolite,Niveau d'alerte épidémique,03,2025-S13,2025-03-24,1,Catégorielle,Guyane
Épidémies Hivernales,Bronchiolite,Niveau d'alerte épidémique,06,2025-S13,2025-03-24,3,Catégorielle,Mayotte
Épidémies Hivernales,Bronchiolite,Niveau d'alerte épidémique,07,2025-S13,2025-03-24,1,Catégorielle,
Épidémies Hivernales,Bronchiolite,Niveau d'alerte épidémique,52,2025-S13,2025-03-24,1,Catégorielle,Pays de la Loire
Épidémies Hivernales,Bronchiolite,Niveau d'alerte épidémique,53,2025-S13,2025-03-24,1,Catégorielle,Bretagne
Épidémies Hivernales,Bronchiolite,Niveau d'alerte épidémique,75,2025-S13,2025-03-24,1,Catégorielle,Nouvelle-Aquitaine
Épidémies Hivernales,Bronchiolite,Niveau d'alerte épidémique,76,2025-S13,2025-03-24,1,Catégorielle,Occitanie
Épidémies Hivernales,Bronchiolite,Niveau d'alerte épidémique,94,2025-S13,2025-03-24,1,Catégorielle,Corse
Épidémies Hivernales,Bronchiolite,Niveau d'alerte épidémique,01,2025-S14,2025-03-31,1,Catégorielle,Guadeloupe
Épidémies Hivernales,Bronchiolite,Niveau d'alerte épidémique,04,2025-S14,2025-03-31,1,Catégorielle,La Réunion
Épidémies Hivernales,Bronchiolite,Niveau d'alerte épidémique,53,2025-S14,2025-03-31,1,Catégorielle,Bretagne
Épidémies Hivernales,Bronchiolite,Niveau d'alerte épidémique,94,2025-S14,2025-03-31,1,Catégorielle,Corse
Épidémies Hivernales,Bronchiolite,Niveau d'alerte épidémique,03,2025-S15,2025-04-07,1,Catégorielle,Guyane
Épidémies Hivernales,Bronchiolite,Niveau d'alerte épidémique,11,2025-S15,2025-04-07,1,Catégorielle,Île-de-France
Épidémies Hivernales,Bronchiolite,Niveau d'alerte épidémique,52,2025-S15,2025-04-07,4,Catégorielle,Pays de la Loire
Épidémies Hivernales,Bronchiolite,Niveau d'alerte épidémique,53,2025-S15,2025-04-07,1,Catégorielle,Bretagne
Épidémies Hivernales,Bronchiolite,Niveau d'alerte épidémique,75,2025-S15,2025-04-07,1,Catégorielle,Nouvelle-Aquitaine
Épidémies Hivernales,Bronchiolite,Niveau d'alerte épidémique,84,2025-S15,2025-04-07,1,Catégorielle,Auvergne-Rhône-Alpes
Épidémies Hivernales,Bronchiolite,Niveau d'alerte épidémique,04,2025-S16,2025-04-14,1,Catégorielle,La Réunion
Épidémies Hivernales,Bronchiolite,Niveau d'alerte épidémique,04,2025-S20,2025-05-12,1,Catégorielle,La Réunion
Épidémies Hivernales,Bronchiolite,Niveau d'alerte épidémique,11,2025-S38,2025-09-15,1,Catégorielle,Île-de-France
Épidémies Hivernales,Bronchiolite,Niveau d'alerte épidémique,02,2025-S40,2025-09-29,1,Catégorielle,Martinique
Épidémies Hivernales,Bronchiolite,Niveau d'alerte épidémique,03,2025-S40,2025-09-29,1,Catégorielle,Guyane
Épidémies Hivernales,Bronchiolite,Niveau d'alerte épidémique,04,2025-S40,2025-09-29,1,Catégorielle,La Réunion
Épidémies Hivernales,Bronchiolite,Niveau d'alerte épidémique,11,2025-S40,2025-09-29,1,Catégorielle,Île-de-France
Épidémies Hivernales,Bronchiolite,Niveau d'alerte épidémique,32,2025-S40,2025-09-29,1,Catégorielle,Hauts-de-France
Épidémies Hivernales,Bronchiolite,Niveau d'alerte épidémique,75,2025-S40,2025-09-29,1,Catégorielle,Nouvelle-Aquitaine
Épidémies Hivernales,Bronchiolite,Niveau d'alerte épidémique,76,2025-S40,2025-09-29,1,Catégorielle,Occitanie
Épidémies Hivernales,Bronchiolite,Niveau d'alerte épidémique,84,2025-S40,2025-09-29,1,Catégorielle,Auvergne-Rhône-Alpes
Épidémies Hivernales,Bronchiolite,Niveau d'alerte épidémique,93,2025-S40,2025-09-29,1,Catégorielle,Provence-Alpes-Côte d'Azur
Épidémies Hivernales,Bronchiolite,Niveau d'alerte épidémique,04,2025-S41,2025-10-06,1,Catégorielle,La Réunion
Épidémies Hivernales,Bronchiolite,Niveau d'alerte épidémique,32,2025-S41,2025-10-06,1,Catégorielle,Hauts-de-France
Épidémies Hivernales,Bronchiolite,Niveau d'alerte épidémique,52,2025-S41,2025-10-06,1,Catégorielle,Pays de la Loire
Épidémies Hivernales,Bronchiolite,Niveau d'alerte épidémique,53,2025-S41,2025-10-06,1,Catégorielle,Bretagne
Épidémies Hivernales,Bronchiolite,Niveau d'alerte épidémique,84,2025-S41,2025-10-06,1,Catégorielle,Auvergne-Rhône-Alpes
Épidémies Hivernales,Bronchiolite,Niveau d'alerte épidémique,02,2025-S42,2025-10-13,1,Catégorielle,Martinique
Épidémies Hivernales,Bronchiolite,Niveau d'alerte épidémique,07,2025-S42,2025-10-13,1,Catégorielle,
Épidémies Hivernales,Bronchiolite,Niveau d'alerte épidémique,24,2025-S42,2025-10-13,1,Catégorielle,Centre-Val de Loire
Épidémies Hivernales,Bronchiolite,Niveau d'alerte épidémique,32,2025-S42,2025-10-13,1,Catégorielle,Hauts-de-France
Épidémies Hivernales,Bronchiolite,Niveau d'alerte épidémique,44,2025-S42,2025-10-13,1,Catégorielle,Grand Est
Épidémies Hivernales,Bronchiolite,Niveau d'alerte épidémique,75,2025-S42,2025-10-13,1,Catégorielle,Nouvelle-Aquitaine
Épidémies Hivernales,Bronchiolite,Niveau d'alerte épidémique,07,2025-S43,2025-10-20,1,Catégorielle,
Épidémies Hivernales,Bronchiolite,Niveau d'alerte épidémique,24,2025-S43,2025-10-20,1,Catégorielle,Centre-Val de Loire
Épidémies Hivernales,Bronchiolite,Niveau d'alerte épidémique,32,2025-S43,2025-10-20,1,Catégorielle,Hauts-de-France
Épidémies Hivernales,Bronchiolite,Niveau d'alerte épidémique,75,2025-S43,2025-10-20,1,Catégorielle,Nouvelle-Aquitaine
Épidémies Hivernales,Bronchiolite,Niveau d'alerte épidémique,04,2025-S44,2025-10-27,1,Catégorielle,La Réunion
Épidémies Hivernales,Bronchiolite,Niveau d'alerte épidémique,07,2025-S44,2025-10-27,1,Catégorielle,
Épidémies Hivernales,Bronchiolite,Niveau d'alerte épidémique,11,2025-S44,2025-10-27,3,Catégorielle,Île-de-France
Épidémies Hivernales,Bronchiolite,Niveau d'alerte épidémique,32,2025-S44,2025-10-27,1,Catégorielle,Hauts-de-France
Épidémies Hivernales,Bronchiolite,Niveau d'alerte épidémique,52,2025-S44,2025-10-27,1,Catégorielle,Pays de la Loire
Épidémies Hivernales,Bronchiolite,Niveau d'alerte épidémique,76,2025-S44,2025-10-27,1,Catégorielle,Occitanie
Épidémies Hivernales,Bronchiolite,Niveau d'alerte épidémique,11,2025-S45,2025-11-03,3,Catégorielle,Île-de-France
Épidémies Hivernales,Bronchiolite,Niveau d'alerte épidémique,04,2025-S46,2025-11-10,1,Catégorielle,La Réunion
Épidémies Hivernales,Bronchiolite,Niveau d'alerte épidémique,07,2025-S46,2025-11-10,1,Catégorielle,
Épidémies Hivernales,Bronchiolite,Niveau d'alerte épidémique,27,2025-S46,2025-11-10,1,Catégorielle,Bourgogne-Franche-Comté
Épidémies Hivernales,Bronchiolite,Niveau d'alerte épidémique,28,2025-S46,2025-11-10,3,Catégorielle,Normandie
Épidémies Hivernales,Bronchiolite,Niveau d'alerte épidémique,53,2025-S46,2025-11-10,2,Catégorielle,Bretagne
Épidémies Hivernales,Bronchiolite,Niveau d'alerte épidémique,02,2025-S47,2025-11-17,1,Catégorielle,Martinique
Épidémies Hivernales,Bronchiolite,Niveau d'alerte épidémique,04,2025-S47,2025-11-17,1,Catégorielle,La Réunion
Épidémies Hivernales,Bronchiolite,Niveau d'alerte épidémique,24,2025-S47,2025-11-17,2,Catégorielle,Centre-Val de Loire
Épidémies Hivernales,Bronchiolite,Niveau d'alerte épidémique,84,2025-S47,2025-11-17,2,Catégorielle,Auvergne-Rhône-Alpes
Épidémies Hivernales,Bronchiolite,Niveau d'alerte épidémique,93,2025-S47,2025-11-17,2,Catégorielle,Provence-Alpes-Côte d'Azur
Épidémies Hivernales,Bronchiolite,Niveau d'alerte épidémique,02,2025-S48,2025-11-24,2,Catégorielle,Martinique
Épidémies Hivernales,Bronchiolite,Niveau d'alerte épidémique,08,2025-S48,2025-11-24,1,Catégorielle,
Épidémies Hivernales,Bronchiolite,Niveau d'alerte épidémique,24,2025-S48,2025-11-24,3,Catégorielle,Centre-Val de Loire
Épidémies Hivernales,Bronchiolite,Niveau d'alerte épidémique,28,2025-S48,2025-11-24,3,Catégorielle,Normandie
Épidémies Hivernales,Bronchiolite,Niveau d'alerte épidémique,52,2025-S48,2025-11-24,3,Catégorielle,Pays de la Loire
Épidémies Hivernales,Bronchiolite,Niveau d'alerte épidémique,53,2025-S48,2025-11-24,3,Catégorielle,Bretagne
Épidémies Hivernales,Bronchiolite,Niveau d'alerte épidémique,84,2025-S48,2025-11-24,3,Catégorielle,Auvergne-Rhône-Alpes
Épidémies Hivernales,Bronchiolite,Niveau d'alerte épidémique,94,2025-S48,2025-11-24,1,Catégorielle,Corse
Épidémies Hivernales,Bronchiolite,Niveau d'alerte épidémique,06,2025-S49,2025-12-01,2,Catégorielle,Mayotte
Épidémies Hivernales,Bronchiolite,Niveau d'alerte épidémique,52,2025-S49,2025-12-01,3,Catégorielle,Pays de la Loire
Épidémies Hivernales,Bronchiolite,Niveau d'alerte épidémique,75,2025-S49,2025-12-01,3,Catégorielle,Nouvelle-Aquitaine
Épidémies Hivernales,Bronchiolite,Niveau d'alerte épidémique,03,2025-S50,2025-12-08,1,Catégorielle,Guyane
Épidémies Hivernales,Bronchiolite,Niveau d'alerte épidémique,24,2025-S50,2025-12-08,3,Catégorielle,Centre-Val de Loire
Épidémies Hivernales,Bronchiolite,Niveau d'alerte épidémique,27,2025-S50,2025-12-08,3,Catégorielle,Bourgogne-Franche-Comté
Épidémies Hivernales,Bronchiolite,Niveau d'alerte épidémique,28,2025-S50,2025-12-08,3,Catégorielle,Normandie
Épidémies Hivernales,Bronchiolite,Niveau d'alerte épidémique,44,2025-S50,2025-12-08,3,Catégorielle,Grand Est
Épidémies Hivernales,Bronchiolite,Niveau d'alerte épidémique,94,2025-S50,2025-12-08,2,Catégorielle,Corse
Épidémies Hivernales,Bronchiolite,Niveau d'alerte épidémique,27,2025-S51,2025-12-15,3,Catégorielle,Bourgogne-Franche-Comté
Épidémies Hivernales,Bronchiolite,Niveau d'alerte épidémique,28,2025-S51,2025-12-15,3,Catégorielle,Normandie
Épidémies Hivernales,Bronchiolite,Niveau d'alerte épidémique,94,2025-S51,2025-12-15,2,Catégorielle,Corse
Épidémies Hivernales,Bronchiolite,Niveau d'alerte épidémique,24,2025-S52,2025-12-22,3,Catégorielle,Centre-Val de Loire
Épidémies Hivernales,Bronchiolite,Niveau d'alerte épidémique,27,2025-S52,2025-12-22,3,Catégorielle,Bourgogne-Franche-Comté
Épidémies Hivernales,Bronchiolite,Niveau d'alerte épidémique,28,2025-S52,2025-12-22,3,Catégorielle,Normandie
Épidémies Hivernales,Bronchiolite,Niveau d'alerte épidémique,32,2025-S52,2025-12-22,3,Catégorielle,Hauts-de-France
Épidémies Hivernales,Bronchiolite,Niveau d'alerte épidémique,52,2025-S52,2025-12-22,3,Catégorielle,Pays de la Loire
Épidémies Hivernales,Bronchiolite,Niveau d'alerte épidémique,75,2025-S52,2025-12-22,3,Catégorielle,Nouvelle-Aquitaine
Épidémies Hivernales,Bronchiolite,Niveau d'alerte épidémique,84,2025-S52,2025-12-22,3,Catégorielle,Auvergne-Rhône-Alpes
Épidémies Hivernales,Bronchiolite,Niveau d'alerte épidémique,94,2025-S52,2025-12-22,3,Catégorielle,Corse
Épidémies Hivernales,Bronchiolite,Niveau d'alerte épidémique,44,2026-S01,2025-12-29,3,Catégorielle,Grand Est
Épidémies Hivernales,Bronchiolite,Niveau d'alerte épidémique,53,2026-S01,2025-12-29,3,Catégorielle,Bretagne
Épidémies Hivernales,Bronchiolite,Niveau d'alerte épidémique,75,2026-S01,2025-12-29,3,Catégorielle,Nouvelle-Aquitaine
Épidémies Hivernales,Bronchiolite,Niveau d'alerte épidémique,76,2026-S01,2025-12-29,3,Catégorielle,Occitanie
Épidémies Hivernales,Bronchiolite,Niveau d'alerte épidémique,84,2026-S01,2025-12-29,3,Catégorielle,Auvergne-Rhône-Alpes
Épidémies Hivernales,Bronchiolite,Niveau d'alerte épidémique,94,2026-S01,2025-12-29,3,Catégorielle,Corse
Épidémies Hivernales,Bronchiolite,Niveau d'alerte épidémique,01,2026-S02,2026-01-05,3,Catégorielle,Guadeloupe
Épidémies Hivernales,Bronchiolite,Niveau d'alerte épidémique,24,2026-S02,2026-01-05,4,Catégorielle,Centre-Val de Loire
Épidémies Hivernales,Bronchiolite,Niveau d'alerte épidémique,53,2026-S02,2026-01-05,4,Catégorielle,Bretagne
Épidémies Hivernales,Bronchiolite,Niveau d'alerte épidémique,75,2026-S02,2026-01-05,3,Catégorielle,Nouvelle-Aquitaine
Épidémies Hivernales,Bronchiolite,Niveau d'alerte épidémique,02,2026-S03,2026-01-12,3,Catégorielle,Martinique
Épidémies Hivernales,Bronchiolite,Niveau d'alerte épidémique,03,2026-S03,2026-01-12,1,Catégorielle,Guyane
Épidémies Hivernales,Bronchiolite,Niveau d'alerte épidémique,27,2026-S03,2026-01-12,3,Catégorielle,Bourgogne-Franche-Comté
Épidémies Hivernales,Bronchiolite,Niveau d'alerte épidémique,76,2026-S03,2026-01-12,4,Catégorielle,Occitanie
Épidémies Hivernales,Bronchiolite,Niveau d'alerte épidémique,94,2026-S03,2026-01-12,4,Catégorielle,Corse
Épidémies Hivernales,Bronchiolite,Niveau d'alerte épidémique,01,2026-S04,2026-01-19,3,Catégorielle,Guadeloupe
Épidémies Hivernales,Bronchiolite,Niveau d'alerte épidémique,02,2026-S04,2026-01-19,3,Catégorielle,Martinique
Épidémies Hivernales,Bronchiolite,Niveau d'alerte épidémique,32,2026-S04,2026-01-19,4,Catégorielle,Hauts-de-France
Épidémies Hivernales,Bronchiolite,Niveau d'alerte épidémique,52,2026-S04,2026-01-19,1,Catégorielle,Pays de la Loire
Épidémies Hivernales,Bronchiolite,Niveau d'alerte épidémique,75,2026-S04,2026-01-19,4,Catégorielle,Nouvelle-Aquitaine
Épidémies Hivernales,Bronchiolite,Niveau d'alerte épidémique,04,2026-S05,2026-01-26,1,Catégorielle,La Réunion
Épidémies Hivernales,Bronchiolite,Niveau d'alerte épidémique,44,2026-S05,2026-01-26,4,Catégorielle,Grand Est
Épidémies Hivernales,Bronchiolite,Niveau d'alerte épidémique,52,2026-S05,2026-01-26,1,Catégorielle,Pays de la Loire
Épidémies Hivernales,Bronchiolite,Niveau d'alerte épidémique,94,2026-S05,2026-01-26,4,Catégorielle,Corse
Épidémies Hivernales,Bronchiolite,Niveau d'alerte épidémique,03,2026-S06,2026-02-02,1,Catégorielle,Guyane
Épidémies Hivernales,Bronchiolite,Niveau d'alerte épidémique,04,2026-S06,2026-02-02,1,Catégorielle,La Réunion
Épidémies Hivernales,Bronchiolite,Niveau d'alerte épidémique,11,2026-S06,2026-02-02,1,Catégorielle,Île-de-France
Épidémies Hivernales,Bronchiolite,Niveau d'alerte épidémique,24,2026-S06,2026-02-02,1,Catégorielle,Centre-Val de Loire
Épidémies Hivernales,Bronchiolite,Niveau d'alerte épidémique,27,2026-S06,2026-02-02,4,Catégorielle,Bourgogne-Franche-Comté
Épidémies Hivernales,Bronchiolite,Niveau d'alerte épidémique,28,2026-S06,2026-02-02,1,Catégorielle,Normandie
Épidémies Hivernales,Bronchiolite,Niveau d'alerte épidémique,44,2026-S06,2026-02-02,4,Catégorielle,Grand Est
Épidémies Hivernales,Bronchiolite,Niveau d'alerte épidémique,52,2026-S06,2026-02-02,1,Catégorielle,Pays de la Loire
Épidémies Hivernales,Bronchiolite,Niveau d'alerte épidémique,76,2026-S06,2026-02-02,4,Catégorielle,Occitanie
Épidémies Hivernales,Bronchiolite,Niveau d'alerte épidémique,84,2026-S06,2026-02-02,4,Catégorielle,Auvergne-Rhône-Alpes
Épidémies Hivernales,Bronchiolite,Niveau d'alerte épidémique,93,2026-S06,2026-02-02,4,Catégorielle,Provence-Alpes-Côte d'Azur
Épidémies Hivernales,Bronchiolite,Niveau d'alerte épidémique,94,2026-S06,2026-02-02,4,Catégorielle,Corse
Épidémies Hivernales,Bronchiolite,Niveau d'alerte épidémique,24,2026-S07,2026-02-09,1,Catégorielle,Centre-Val de Loire
Épidémies Hivernales,Bronchiolite,Niveau d'alerte épidémique,27,2026-S07,2026-02-09,1,Catégorielle,Bourgogne-Franche-Comté
Épidémies Hivernales,Bronchiolite,Niveau d'alerte épidémique,28,2026-S07,2026-02-09,1,Catégorielle,Normandie
Épidémies Hivernales,Bronchiolite,Niveau d'alerte épidémique,44,2026-S07,2026-02-09,1,Catégorielle,Grand Est
Épidémies Hivernales,Bronchiolite,Niveau d'alerte épidémique,52,2026-S07,2026-02-09,1,Catégorielle,Pays de la Loire
Épidémies Hivernales,Bronchiolite,Niveau d'alerte épidémique,76,2026-S07,2026-02-09,4,Catégorielle,Occitanie
Épidémies Hivernales,Bronchiolite,Niveau d'alerte épidémique,93,2026-S07,2026-02-09,4,Catégorielle,Provence-Alpes-Côte d'Azur
Épidémies Hivernales,Bronchiolite,Niveau d'alerte épidémique,04,2026-S08,2026-02-16,1,Catégorielle,La Réunion
Épidémies Hivernales,Bronchiolite,Niveau d'alerte épidémique,11,2026-S08,2026-02-16,1,Catégorielle,Île-de-France
Épidémies Hivernales,Bronchiolite,Niveau d'alerte épidémique,24,2026-S08,2026-02-16,1,Catégorielle,Centre-Val de Loire
Épidémies Hivernales,Bronchiolite,Niveau d'alerte épidémique,44,2026-S08,2026-02-16,1,Catégorielle,Grand Est
Épidémies Hivernales,Bronchiolite,Niveau d'alerte épidémique,53,2026-S08,2026-02-16,1,Catégorielle,Bretagne
Épidémies Hivernales,Bronchiolite,Niveau d'alerte épidémique,76,2026-S08,2026-02-16,4,Catégorielle,Occitanie
Épidémies Hivernales,Bronchiolite,Niveau d'alerte épidémique,84,2026-S08,2026-02-16,1,Catégorielle,Auvergne-Rhône-Alpes
Épidémies Hivernales,Bronchiolite,Niveau d'alerte épidémique,04,2026-S09,2026-02-23,1,Catégorielle,La Réunion
Épidémies Hivernales,Bronchiolite,Niveau d'alerte épidémique,11,2026-S09,2026-02-23,1,Catégorielle,Île-de-France
Épidémies Hivernales,Bronchiolite,Niveau d'alerte épidémique,94,2026-S09,2026-02-23,4,Catégorielle,Corse
Épidémies Hivernales,Bronchiolite,Niveau d'alerte épidémique,01,2026-S10,2026-03-02,1,Catégorielle,Guadeloupe
Épidémies Hivernales,Bronchiolite,Niveau d'alerte épidémique,04,2026-S10,2026-03-02,1,Catégorielle,La Réunion
Épidémies Hivernales,Bronchiolite,Niveau d'alerte épidémique,27,2026-S10,2026-03-02,1,Catégorielle,Bourgogne-Franche-Comté
Épidémies Hivernales,Bronchiolite,Niveau d'alerte épidémique,44,2026-S10,2026-03-02,1,Catégorielle,Grand Est
Épidémies Hivernales,Bronchiolite,Niveau d'alerte épidémique,52,2026-S10,2026-03-02,1,Catégorielle,Pays de la Loire
Épidémies Hivernales,Bronchiolite,Niveau d'alerte épidémique,94,2026-S10,2026-03-02,4,Catégorielle,Corse
Épidémies Hivernales,Bronchiolite,Niveau d'alerte épidémique,04,2026-S11,2026-03-09,1,Catégorielle,La Réunion
Épidémies Hivernales,Bronchiolite,Niveau d'alerte épidémique,32,2026-S11,2026-03-09,1,Catégorielle,Hauts-de-France
Épidémies Hivernales,Bronchiolite,Niveau d'alerte épidémique,53,2026-S11,2026-03-09,1,Catégorielle,Bretagne
Épidémies Hivernales,Bronchiolite,Niveau d'alerte épidémique,94,2026-S11,2026-03-09,1,Catégorielle,Corse
Épidémies Hivernales,Bronchiolite,Niveau d'alerte épidémique,01,2026-S12,2026-03-16,1,Catégorielle,Guadeloupe
Épidémies Hivernales,Bronchiolite,Niveau d'alerte épidémique,84,2026-S12,2026-03-16,1,Catégorielle,Auvergne-Rhône-Alpes
Épidémies Hivernales,Bronchiolite,Niveau d'alerte épidémique,94,2026-S12,2026-03-16,1,Catégorielle,Corse
Épidémies Hivernales,Bronchiolite,Niveau d'alerte épidémique,01,2026-S13,2026-03-23,1,Catégorielle,Guadeloupe
Épidémies Hivernales,Bronchiolite,Niveau d'alerte épidémique,28,2026-S13,2026-03-23,1,Catégorielle,Normandie
Épidémies Hivernales,Bronchiolite,Niveau d'alerte épidémique,32,2026-S13,2026-03-23,1,Catégorielle,Hauts-de-France
Épidémies Hivernales,Bronchiolite,Niveau d'alerte épidémique,84,2026-S13,2026-03-23,1,Catégorielle,Auvergne-Rhône-Alpes
Épidémies Hivernales,Bronchiolite,Niveau d'alerte épidémique,94,2026-S13,2026-03-23,1,Catégorielle,Corse
Épidémies Hivernales,Bronchiolite,Niveau d'alerte épidémique,24,2026-S14,2026-03-30,1,Catégorielle,Centre-Val de Loire
Épidémies Hivernales,Bronchiolite,Niveau d'alerte épidémique,28,2026-S14,2026-03-30,1,Catégorielle,Normandie
Épidémies Hivernales,Bronchiolite,Niveau d'alerte épidémique,32,2026-S14,2026-03-30,1,Catégorielle,Hauts-de-France
Épidémies Hivernales,Bronchiolite,Niveau d'alerte épidémique,76,2026-S14,2026-03-30,1,Catégorielle,Occitanie
Épidémies Hivernales,Bronchiolite,Niveau d'alerte épidémique,01,2026-S15,2026-04-06,1,Catégorielle,Guadeloupe
Épidémies Hivernales,Bronchiolite,Niveau d'alerte épidémique,06,2026-S15,2026-04-06,4,Catégorielle,Mayotte
Épidémies Hivernales,Bronchiolite,Niveau d'alerte épidémique,11,2026-S15,2026-04-06,1,Catégorielle,Île-de-France
Épidémies Hivernales,Bronchiolite,Niveau d'alerte épidémique,27,2026-S15,2026-04-06,1,Catégorielle,Bourgogne-Franche-Comté
Épidémies Hivernales,Bronchiolite,Niveau d'alerte épidémique,28,2026-S15,2026-04-06,1,Catégorielle,Normandie
Épidémies Hivernales,Bronchiolite,Niveau d'alerte épidémique,94,2026-S15,2026-04-06,1,Catégorielle,Corse
Épidémies Hivernales,Bronchiolite,Niveau d'alerte épidémique,06,2026-S16,2026-04-13,4,Catégorielle,Mayotte
Épidémies Hivernales,Bronchiolite,Niveau d'alerte épidémique,24,2023-S37,2023-09-11,1,Catégorielle,Centre-Val de Loire
Épidémies Hivernales,Bronchiolite,Niveau d'alerte épidémique,27,2023-S37,2023-09-11,1,Catégorielle,Bourgogne-Franche-Comté
Épidémies Hivernales,Bronchiolite,Niveau d'alerte épidémique,32,2023-S37,2023-09-11,1,Catégorielle,Hauts-de-France
Épidémies Hivernales,Bronchiolite,Niveau d'alerte épidémique,44,2023-S37,2023-09-11,1,Catégorielle,Grand Est
Épidémies Hivernales,Bronchiolite,Niveau d'alerte épidémique,75,2023-S37,2023-09-11,1,Catégorielle,Nouvelle-Aquitaine
Épidémies Hivernales,Bronchiolite,Niveau d'alerte épidémique,76,2023-S37,2023-09-11,1,Catégorielle,Occitanie
Épidémies Hivernales,Bronchiolite,Niveau d'alerte épidémique,94,2023-S37,2023-09-11,1,Catégorielle,Corse
Épidémies Hivernales,Bronchiolite,Niveau d'alerte épidémique,01,2023-S38,2023-09-18,2,Catégorielle,Guadeloupe
Épidémies Hivernales,Bronchiolite,Niveau d'alerte épidémique,04,2023-S38,2023-09-18,1,Catégorielle,La Réunion
Épidémies Hivernales,Bronchiolite,Niveau d'alerte épidémique,08,2023-S38,2023-09-18,1,Catégorielle,
Épidémies Hivernales,Bronchiolite,Niveau d'alerte épidémique,44,2023-S38,2023-09-18,1,Catégorielle,Grand Est
Épidémies Hivernales,Bronchiolite,Niveau d'alerte épidémique,76,2023-S38,2023-09-18,1,Catégorielle,Occitanie
Épidémies Hivernales,Bronchiolite,Niveau d'alerte épidémique,01,2023-S39,2023-09-25,2,Catégorielle,Guadeloupe
Épidémies Hivernales,Bronchiolite,Niveau d'alerte épidémique,03,2023-S39,2023-09-25,2,Catégorielle,Guyane
Épidémies Hivernales,Bronchiolite,Niveau d'alerte épidémique,04,2023-S39,2023-09-25,1,Catégorielle,La Réunion
Épidémies Hivernales,Bronchiolite,Niveau d'alerte épidémique,24,2023-S39,2023-09-25,1,Catégorielle,Centre-Val de Loire
Épidémies Hivernales,Bronchiolite,Niveau d'alerte épidémique,28,2023-S39,2023-09-25,2,Catégorielle,Normandie
Épidémies Hivernales,Bronchiolite,Niveau d'alerte épidémique,84,2023-S39,2023-09-25,1,Catégorielle,Auvergne-Rhône-Alpes
Épidémies Hivernales,Bronchiolite,Niveau d'alerte épidémique,01,2023-S40,2023-10-02,3,Catégorielle,Guadeloupe
Épidémies Hivernales,Bronchiolite,Niveau d'alerte épidémique,03,2023-S40,2023-10-02,2,Catégorielle,Guyane
Épidémies Hivernales,Bronchiolite,Niveau d'alerte épidémique,08,2023-S40,2023-10-02,1,Catégorielle,
Épidémies Hivernales,Bronchiolite,Niveau d'alerte épidémique,27,2023-S40,2023-10-02,1,Catégorielle,Bourgogne-Franche-Comté
Épidémies Hivernales,Bronchiolite,Niveau d'alerte épidémique,32,2023-S40,2023-10-02,1,Catégorielle,Hauts-de-France
Épidémies Hivernales,Bronchiolite,Niveau d'alerte épidémique,84,2023-S40,2023-10-02,1,Catégorielle,Auvergne-Rhône-Alpes
Épidémies Hivernales,Bronchiolite,Niveau d'alerte épidémique,01,2023-S41,2023-10-09,3,Catégorielle,Guadeloupe
Épidémies Hivernales,Bronchiolite,Niveau d'alerte épidémique,03,2023-S41,2023-10-09,3,Catégorielle,Guyane
Épidémies Hivernales,Bronchiolite,Niveau d'alerte épidémique,04,2023-S41,2023-10-09,1,Catégorielle,La Réunion
Épidémies Hivernales,Bronchiolite,Niveau d'alerte épidémique,08,2023-S41,2023-10-09,1,Catégorielle,
Épidémies Hivernales,Bronchiolite,Niveau d'alerte épidémique,28,2023-S41,2023-10-09,2,Catégorielle,Normandie
Épidémies Hivernales,Bronchiolite,Niveau d'alerte épidémique,44,2023-S41,2023-10-09,2,Catégorielle,Grand Est
Épidémies Hivernales,Bronchiolite,Niveau d'alerte épidémique,75,2023-S41,2023-10-09,2,Catégorielle,Nouvelle-Aquitaine
Épidémies Hivernales,Bronchiolite,Niveau d'alerte épidémique,76,2023-S41,2023-10-09,2,Catégorielle,Occitanie
Épidémies Hivernales,Bronchiolite,Niveau d'alerte épidémique,94,2023-S41,2023-10-09,1,Catégorielle,Corse
Épidémies Hivernales,Bronchiolite,Niveau d'alerte épidémique,06,2023-S42,2023-10-16,1,Catégorielle,Mayotte
Épidémies Hivernales,Bronchiolite,Niveau d'alerte épidémique,07,2023-S42,2023-10-16,1,Catégorielle,
Épidémies Hivernales,Bronchiolite,Niveau d'alerte épidémique,28,2023-S42,2023-10-16,3,Catégorielle,Normandie
Épidémies Hivernales,Bronchiolite,Niveau d'alerte épidémique,52,2023-S42,2023-10-16,3,Catégorielle,Pays de la Loire
Épidémies Hivernales,Bronchiolite,Niveau d'alerte épidémique,02,2023-S43,2023-10-23,3,Catégorielle,Martinique
Épidémies Hivernales,Bronchiolite,Niveau d'alerte épidémique,04,2023-S43,2023-10-23,1,Catégorielle,La Réunion
Épidémies Hivernales,Bronchiolite,Niveau d'alerte épidémique,06,2023-S43,2023-10-23,1,Catégorielle,Mayotte
Épidémies Hivernales,Bronchiolite,Niveau d'alerte épidémique,07,2023-S43,2023-10-23,1,Catégorielle,
Épidémies Hivernales,Bronchiolite,Niveau d'alerte épidémique,53,2023-S43,2023-10-23,3,Catégorielle,Bretagne
Épidémies Hivernales,Bronchiolite,Niveau d'alerte épidémique,76,2023-S43,2023-10-23,2,Catégorielle,Occitanie
Épidémies Hivernales,Bronchiolite,Niveau d'alerte épidémique,01,2023-S44,2023-10-30,3,Catégorielle,Guadeloupe
Épidémies Hivernales,Bronchiolite,Niveau d'alerte épidémique,03,2023-S44,2023-10-30,3,Catégorielle,Guyane
Épidémies Hivernales,Bronchiolite,Niveau d'alerte épidémique,11,2023-S44,2023-10-30,3,Catégorielle,Île-de-France
Épidémies Hivernales,Bronchiolite,Niveau d'alerte épidémique,27,2023-S44,2023-10-30,3,Catégorielle,Bourgogne-Franche-Comté
Épidémies Hivernales,Bronchiolite,Niveau d'alerte épidémique,53,2023-S44,2023-10-30,3,Catégorielle,Bretagne
Épidémies Hivernales,Bronchiolite,Niveau d'alerte épidémique,76,2023-S44,2023-10-30,3,Catégorielle,Occitanie
Épidémies Hivernales,Bronchiolite,Niveau d'alerte épidémique,84,2023-S44,2023-10-30,2,Catégorielle,Auvergne-Rhône-Alpes
Épidémies Hivernales,Bronchiolite,Niveau d'alerte épidémique,07,2023-S45,2023-11-06,1,Catégorielle,
Épidémies Hivernales,Bronchiolite,Niveau d'alerte épidémique,24,2023-S45,2023-11-06,3,Catégorielle,Centre-Val de Loire
Épidémies Hivernales,Bronchiolite,Niveau d'alerte épidémique,52,2023-S45,2023-11-06,3,Catégorielle,Pays de la Loire
Épidémies Hivernales,Bronchiolite,Niveau d'alerte épidémique,75,2023-S45,2023-11-06,3,Catégorielle,Nouvelle-Aquitaine
Épidémies Hivernales,Bronchiolite,Niveau d'alerte épidémique,93,2023-S45,2023-11-06,2,Catégorielle,Provence-Alpes-Côte d'Azur
Épidémies Hivernales,Bronchiolite,Niveau d'alerte épidémique,03,2023-S46,2023-11-13,3,Catégorielle,Guyane
Épidémies Hivernales,Bronchiolite,Niveau d'alerte épidémique,04,2023-S46,2023-11-13,1,Catégorielle,La Réunion
Épidémies Hivernales,Bronchiolite,Niveau d'alerte épidémique,32,2023-S46,2023-11-13,3,Catégorielle,Hauts-de-France
Épidémies Hivernales,Bronchiolite,Niveau d'alerte épidémique,52,2023-S46,2023-11-13,3,Catégorielle,Pays de la Loire
Épidémies Hivernales,Bronchiolite,Niveau d'alerte épidémique,75,2023-S46,2023-11-13,3,Catégorielle,Nouvelle-Aquitaine
Épidémies Hivernales,Bronchiolite,Niveau d'alerte épidémique,76,2023-S46,2023-11-13,3,Catégorielle,Occitanie
Épidémies Hivernales,Bronchiolite,Niveau d'alerte épidémique,93,2023-S46,2023-11-13,3,Catégorielle,Provence-Alpes-Côte d'Azur
Épidémies Hivernales,Bronchiolite,Niveau d'alerte épidémique,94,2023-S46,2023-11-13,1,Catégorielle,Corse
Épidémies Hivernales,Bronchiolite,Niveau d'alerte épidémique,01,2023-S47,2023-11-20,3,Catégorielle,Guadeloupe
Épidémies Hivernales,Bronchiolite,Niveau d'alerte épidémique,03,2023-S47,2023-11-20,3,Catégorielle,Guyane
Épidémies Hivernales,Bronchiolite,Niveau d'alerte épidémique,04,2023-S47,2023-11-20,1,Catégorielle,La Réunion
Épidémies Hivernales,Bronchiolite,Niveau d'alerte épidémique,24,2023-S47,2023-11-20,3,Catégorielle,Centre-Val de Loire
Épidémies Hivernales,Bronchiolite,Niveau d'alerte épidémique,27,2023-S47,2023-11-20,3,Catégorielle,Bourgogne-Franche-Comté
Épidémies Hivernales,Bronchiolite,Niveau d'alerte épidémique,44,2023-S47,2023-11-20,3,Catégorielle,Grand Est
Épidémies Hivernales,Bronchiolite,Niveau d'alerte épidémique,52,2023-S47,2023-11-20,3,Catégorielle,Pays de la Loire
Épidémies Hivernales,Bronchiolite,Niveau d'alerte épidémique,84,2023-S47,2023-11-20,3,Catégorielle,Auvergne-Rhône-Alpes
Épidémies Hivernales,Bronchiolite,Niveau d'alerte épidémique,93,2023-S47,2023-11-20,3,Catégorielle,Provence-Alpes-Côte d'Azur
Épidémies Hivernales,Bronchiolite,Niveau d'alerte épidémique,94,2023-S47,2023-11-20,2,Catégorielle,Corse
Épidémies Hivernales,Bronchiolite,Niveau d'alerte épidémique,07,2023-S48,2023-11-27,1,Catégorielle,
Épidémies Hivernales,Bronchiolite,Niveau d'alerte épidémique,11,2023-S48,2023-11-27,3,Catégorielle,Île-de-France
Épidémies Hivernales,Bronchiolite,Niveau d'alerte épidémique,24,2023-S48,2023-11-27,3,Catégorielle,Centre-Val de Loire
Épidémies Hivernales,Bronchiolite,Niveau d'alerte épidémique,27,2023-S48,2023-11-27,3,Catégorielle,Bourgogne-Franche-Comté
Épidémies Hivernales,Bronchiolite,Niveau d'alerte épidémique,84,2023-S48,2023-11-27,3,Catégorielle,Auvergne-Rhône-Alpes
Épidémies Hivernales,Bronchiolite,Niveau d'alerte épidémique,93,2023-S48,2023-11-27,3,Catégorielle,Provence-Alpes-Côte d'Azur
Épidémies Hivernales,Bronchiolite,Niveau d'alerte épidémique,94,2023-S48,2023-11-27,2,Catégorielle,Corse
Épidémies Hivernales,Bronchiolite,Niveau d'alerte épidémique,02,2023-S49,2023-12-04,3,Catégorielle,Martinique
Épidémies Hivernales,Bronchiolite,Niveau d'alerte épidémique,03,2023-S49,2023-12-04,2,Catégorielle,Guyane
Épidémies Hivernales,Bronchiolite,Niveau d'alerte épidémique,07,2023-S49,2023-12-04,1,Catégorielle,
Épidémies Hivernales,Bronchiolite,Niveau d'alerte épidémique,08,2023-S49,2023-12-04,1,Catégorielle,
Épidémies Hivernales,Bronchiolite,Niveau d'alerte épidémique,52,2023-S49,2023-12-04,3,Catégorielle,Pays de la Loire
Épidémies Hivernales,Bronchiolite,Niveau d'alerte épidémique,75,2023-S49,2023-12-04,3,Catégorielle,Nouvelle-Aquitaine
Épidémies Hivernales,Bronchiolite,Niveau d'alerte épidémique,76,2023-S49,2023-12-04,3,Catégorielle,Occitanie
Épidémies Hivernales,Bronchiolite,Niveau d'alerte épidémique,84,2023-S49,2023-12-04,3,Catégorielle,Auvergne-Rhône-Alpes
Épidémies Hivernales,Bronchiolite,Niveau d'alerte épidémique,02,2023-S50,2023-12-11,3,Catégorielle,Martinique
Épidémies Hivernales,Bronchiolite,Niveau d'alerte épidémique,08,2023-S50,2023-12-11,1,Catégorielle,
Épidémies Hivernales,Bronchiolite,Niveau d'alerte épidémique,24,2023-S50,2023-12-11,3,Catégorielle,Centre-Val de Loire
Épidémies Hivernales,Bronchiolite,Niveau d'alerte épidémique,28,2023-S50,2023-12-11,3,Catégorielle,Normandie
Épidémies Hivernales,Bronchiolite,Niveau d'alerte épidémique,44,2023-S50,2023-12-11,3,Catégorielle,Grand Est
Épidémies Hivernales,Bronchiolite,Niveau d'alerte épidémique,52,2023-S50,2023-12-11,3,Catégorielle,Pays de la Loire
Épidémies Hivernales,Bronchiolite,Niveau d'alerte épidémique,53,2023-S50,2023-12-11,3,Catégorielle,Bretagne
Épidémies Hivernales,Bronchiolite,Niveau d'alerte épidémique,75,2023-S50,2023-12-11,3,Catégorielle,Nouvelle-Aquitaine
Épidémies Hivernales,Bronchiolite,Niveau d'alerte épidémique,94,2023-S50,2023-12-11,3,Catégorielle,Corse
Épidémies Hivernales,Bronchiolite,Niveau d'alerte épidémique,02,2023-S51,2023-12-18,3,Catégorielle,Martinique
Épidémies Hivernales,Bronchiolite,Niveau d'alerte épidémique,03,2023-S51,2023-12-18,3,Catégorielle,Guyane
Épidémies Hivernales,Bronchiolite,Niveau d'alerte épidémique,11,2023-S51,2023-12-18,3,Catégorielle,Île-de-France
Épidémies Hivernales,Bronchiolite,Niveau d'alerte épidémique,44,2023-S51,2023-12-18,3,Catégorielle,Grand Est
Épidémies Hivernales,Bronchiolite,Niveau d'alerte épidémique,52,2023-S51,2023-12-18,3,Catégorielle,Pays de la Loire
Épidémies Hivernales,Bronchiolite,Niveau d'alerte épidémique,53,2023-S51,2023-12-18,3,Catégorielle,Bretagne
Épidémies Hivernales,Bronchiolite,Niveau d'alerte épidémique,75,2023-S51,2023-12-18,3,Catégorielle,Nouvelle-Aquitaine
Épidémies Hivernales,Bronchiolite,Niveau d'alerte épidémique,93,2023-S51,2023-12-18,3,Catégorielle,Provence-Alpes-Côte d'Azur
Épidémies Hivernales,Bronchiolite,Niveau d'alerte épidémique,94,2023-S51,2023-12-18,3,Catégorielle,Corse
Épidémies Hivernales,Bronchiolite,Niveau d'alerte épidémique,06,2023-S52,2023-12-25,3,Catégorielle,Mayotte
Épidémies Hivernales,Bronchiolite,Niveau d'alerte épidémique,24,2023-S52,2023-12-25,3,Catégorielle,Centre-Val de Loire
Épidémies Hivernales,Bronchiolite,Niveau d'alerte épidémique,28,2023-S52,2023-12-25,3,Catégorielle,Normandie
Épidémies Hivernales,Bronchiolite,Niveau d'alerte épidémique,52,2023-S52,2023-12-25,3,Catégorielle,Pays de la Loire
Épidémies Hivernales,Bronchiolite,Niveau d'alerte épidémique,53,2023-S52,2023-12-25,4,Catégorielle,Bretagne
Épidémies Hivernales,Bronchiolite,Niveau d'alerte épidémique,02,2024-S01,2024-01-01,3,Catégorielle,Martinique
Épidémies Hivernales,Bronchiolite,Niveau d'alerte épidémique,06,2024-S01,2024-01-01,3,Catégorielle,Mayotte
Épidémies Hivernales,Bronchiolite,Niveau d'alerte épidémique,07,2024-S01,2024-01-01,1,Catégorielle,
Épidémies Hivernales,Bronchiolite,Niveau d'alerte épidémique,11,2024-S01,2024-01-01,4,Catégorielle,Île-de-France
Épidémies Hivernales,Bronchiolite,Niveau d'alerte épidémique,76,2024-S01,2024-01-01,3,Catégorielle,Occitanie
Épidémies Hivernales,Bronchiolite,Niveau d'alerte épidémique,02,2024-S02,2024-01-08,3,Catégorielle,Martinique
Épidémies Hivernales,Bronchiolite,Niveau d'alerte épidémique,04,2024-S02,2024-01-08,3,Catégorielle,La Réunion
Épidémies Hivernales,Bronchiolite,Niveau d'alerte épidémique,06,2024-S02,2024-01-08,3,Catégorielle,Mayotte
Épidémies Hivernales,Bronchiolite,Niveau d'alerte épidémique,07,2024-S02,2024-01-08,1,Catégorielle,
Épidémies Hivernales,Bronchiolite,Niveau d'alerte épidémique,24,2024-S02,2024-01-08,4,Catégorielle,Centre-Val de Loire
Épidémies Hivernales,Bronchiolite,Niveau d'alerte épidémique,52,2024-S02,2024-01-08,1,Catégorielle,Pays de la Loire
Épidémies Hivernales,Bronchiolite,Niveau d'alerte épidémique,76,2024-S02,2024-01-08,3,Catégorielle,Occitanie
Épidémies Hivernales,Bronchiolite,Niveau d'alerte épidémique,02,2024-S03,2024-01-15,4,Catégorielle,Martinique
Épidémies Hivernales,Bronchiolite,Niveau d'alerte épidémique,03,2024-S03,2024-01-15,4,Catégorielle,Guyane
Épidémies Hivernales,Bronchiolite,Niveau d'alerte épidémique,07,2024-S03,2024-01-15,1,Catégorielle,
Épidémies Hivernales,Bronchiolite,Niveau d'alerte épidémique,11,2024-S03,2024-01-15,1,Catégorielle,Île-de-France
Épidémies Hivernales,Bronchiolite,Niveau d'alerte épidémique,24,2024-S03,2024-01-15,4,Catégorielle,Centre-Val de Loire
Épidémies Hivernales,Bronchiolite,Niveau d'alerte épidémique,76,2024-S03,2024-01-15,4,Catégorielle,Occitanie
Épidémies Hivernales,Bronchiolite,Niveau d'alerte épidémique,84,2024-S03,2024-01-15,4,Catégorielle,Auvergne-Rhône-Alpes
Épidémies Hivernales,Bronchiolite,Niveau d'alerte épidémique,03,2024-S04,2024-01-22,1,Catégorielle,Guyane
Épidémies Hivernales,Bronchiolite,Niveau d'alerte épidémique,06,2024-S04,2024-01-22,3,Catégorielle,Mayotte
Épidémies Hivernales,Bronchiolite,Niveau d'alerte épidémique,07,2024-S04,2024-01-22,1,Catégorielle,
Épidémies Hivernales,Bronchiolite,Niveau d'alerte épidémique,27,2024-S04,2024-01-22,4,Catégorielle,Bourgogne-Franche-Comté
Épidémies Hivernales,Bronchiolite,Niveau d'alerte épidémique,32,2024-S04,2024-01-22,1,Catégorielle,Hauts-de-France
Épidémies Hivernales,Bronchiolite,Niveau d'alerte épidémique,84,2024-S04,2024-01-22,1,Catégorielle,Auvergne-Rhône-Alpes
Épidémies Hivernales,Bronchiolite,Niveau d'alerte épidémique,94,2024-S04,2024-01-22,4,Catégorielle,Corse
Épidémies Hivernales,Bronchiolite,Niveau d'alerte épidémique,01,2024-S05,2024-01-29,4,Catégorielle,Guadeloupe
Épidémies Hivernales,Bronchiolite,Niveau d'alerte épidémique,07,2024-S05,2024-01-29,1,Catégorielle,
Épidémies Hivernales,Bronchiolite,Niveau d'alerte épidémique,08,2024-S05,2024-01-29,1,Catégorielle,
Épidémies Hivernales,Bronchiolite,Niveau d'alerte épidémique,24,2024-S05,2024-01-29,4,Catégorielle,Centre-Val de Loire
Épidémies Hivernales,Bronchiolite,Niveau d'alerte épidémique,32,2024-S05,2024-01-29,1,Catégorielle,Hauts-de-France
Épidémies Hivernales,Bronchiolite,Niveau d'alerte épidémique,53,2024-S05,2024-01-29,1,Catégorielle,Bretagne
Épidémies Hivernales,Bronchiolite,Niveau d'alerte épidémique,75,2024-S05,2024-01-29,4,Catégorielle,Nouvelle-Aquitaine
Épidémies Hivernales,Bronchiolite,Niveau d'alerte épidémique,76,2024-S05,2024-01-29,4,Catégorielle,Occitanie
Épidémies Hivernales,Bronchiolite,Niveau d'alerte épidémique,84,2024-S05,2024-01-29,1,Catégorielle,Auvergne-Rhône-Alpes
Épidémies Hivernales,Bronchiolite,Niveau d'alerte épidémique,93,2024-S05,2024-01-29,1,Catégorielle,Provence-Alpes-Côte d'Azur
Épidémies Hivernales,Bronchiolite,Niveau d'alerte épidémique,01,2024-S06,2024-02-05,4,Catégorielle,Guadeloupe
Épidémies Hivernales,Bronchiolite,Niveau d'alerte épidémique,02,2024-S06,2024-02-05,1,Catégorielle,Martinique
Épidémies Hivernales,Bronchiolite,Niveau d'alerte épidémique,06,2024-S06,2024-02-05,3,Catégorielle,Mayotte
Épidémies Hivernales,Bronchiolite,Niveau d'alerte épidémique,11,2024-S06,2024-02-05,1,Catégorielle,Île-de-France
Épidémies Hivernales,Bronchiolite,Niveau d'alerte épidémique,24,2024-S06,2024-02-05,1,Catégorielle,Centre-Val de Loire
Épidémies Hivernales,Bronchiolite,Niveau d'alerte épidémique,32,2024-S06,2024-02-05,1,Catégorielle,Hauts-de-France
Épidémies Hivernales,Bronchiolite,Niveau d'alerte épidémique,44,2024-S06,2024-02-05,1,Catégorielle,Grand Est
Épidémies Hivernales,Bronchiolite,Niveau d'alerte épidémique,08,2024-S07,2024-02-12,1,Catégorielle,
Épidémies Hivernales,Bronchiolite,Niveau d'alerte épidémique,24,2024-S07,2024-02-12,1,Catégorielle,Centre-Val de Loire
Épidémies Hivernales,Bronchiolite,Niveau d'alerte épidémique,27,2024-S07,2024-02-12,1,Catégorielle,Bourgogne-Franche-Comté
Épidémies Hivernales,Bronchiolite,Niveau d'alerte épidémique,32,2024-S07,2024-02-12,1,Catégorielle,Hauts-de-France
Épidémies Hivernales,Bronchiolite,Niveau d'alerte épidémique,44,2024-S07,2024-02-12,1,Catégorielle,Grand Est
Épidémies Hivernales,Bronchiolite,Niveau d'alerte épidémique,94,2024-S07,2024-02-12,1,Catégorielle,Corse
Épidémies Hivernales,Bronchiolite,Niveau d'alerte épidémique,01,2024-S08,2024-02-19,1,Catégorielle,Guadeloupe
Épidémies Hivernales,Bronchiolite,Niveau d'alerte épidémique,24,2024-S08,2024-02-19,1,Catégorielle,Centre-Val de Loire
Épidémies Hivernales,Bronchiolite,Niveau d'alerte épidémique,28,2024-S08,2024-02-19,1,Catégorielle,Normandie
Épidémies Hivernales,Bronchiolite,Niveau d'alerte épidémique,84,2024-S08,2024-02-19,1,Catégorielle,Auvergne-Rhône-Alpes
Épidémies Hivernales,Bronchiolite,Niveau d'alerte épidémique,01,2024-S09,2024-02-26,1,Catégorielle,Guadeloupe
Épidémies Hivernales,Bronchiolite,Niveau d'alerte épidémique,02,2024-S09,2024-02-26,1,Catégorielle,Martinique
Épidémies Hivernales,Bronchiolite,Niveau d'alerte épidémique,03,2024-S09,2024-02-26,1,Catégorielle,Guyane
Épidémies Hivernales,Bronchiolite,Niveau d'alerte épidémique,06,2024-S09,2024-02-26,3,Catégorielle,Mayotte
Épidémies Hivernales,Bronchiolite,Niveau d'alerte épidémique,08,2024-S09,2024-02-26,1,Catégorielle,
Épidémies Hivernales,Bronchiolite,Niveau d'alerte épidémique,11,2024-S09,2024-02-26,1,Catégorielle,Île-de-France
Épidémies Hivernales,Bronchiolite,Niveau d'alerte épidémique,24,2024-S09,2024-02-26,1,Catégorielle,Centre-Val de Loire
Épidémies Hivernales,Bronchiolite,Niveau d'alerte épidémique,28,2024-S09,2024-02-26,1,Catégorielle,Normandie
Épidémies Hivernales,Bronchiolite,Niveau d'alerte épidémique,32,2024-S09,2024-02-26,1,Catégorielle,Hauts-de-France
Épidémies Hivernales,Bronchiolite,Niveau d'alerte épidémique,44,2024-S09,2024-02-26,1,Catégorielle,Grand Est
Épidémies Hivernales,Bronchiolite,Niveau d'alerte épidémique,75,2024-S09,2024-02-26,1,Catégorielle,Nouvelle-Aquitaine
Épidémies Hivernales,Bronchiolite,Niveau d'alerte épidémique,94,2024-S09,2024-02-26,1,Catégorielle,Corse
Épidémies Hivernales,Bronchiolite,Niveau d'alerte épidémique,02,2024-S10,2024-03-04,1,Catégorielle,Martinique
Épidémies Hivernales,Bronchiolite,Niveau d'alerte épidémique,06,2024-S10,2024-03-04,3,Catégorielle,Mayotte
Épidémies Hivernales,Bronchiolite,Niveau d'alerte épidémique,11,2024-S10,2024-03-04,1,Catégorielle,Île-de-France
Épidémies Hivernales,Bronchiolite,Niveau d'alerte épidémique,27,2024-S10,2024-03-04,1,Catégorielle,Bourgogne-Franche-Comté
Épidémies Hivernales,Bronchiolite,Niveau d'alerte épidémique,28,2024-S10,2024-03-04,1,Catégorielle,Normandie
Épidémies Hivernales,Bronchiolite,Niveau d'alerte épidémique,44,2024-S10,2024-03-04,1,Catégorielle,Grand Est
Épidémies Hivernales,Bronchiolite,Niveau d'alerte épidémique,52,2024-S10,2024-03-04,1,Catégorielle,Pays de la Loire
Épidémies Hivernales,Bronchiolite,Niveau d'alerte épidémique,75,2024-S10,2024-03-04,1,Catégorielle,Nouvelle-Aquitaine
Épidémies Hivernales,Bronchiolite,Niveau d'alerte épidémique,76,2024-S10,2024-03-04,1,Catégorielle,Occitanie
Épidémies Hivernales,Bronchiolite,Niveau d'alerte épidémique,93,2024-S10,2024-03-04,1,Catégorielle,Provence-Alpes-Côte d'Azur
Épidémies Hivernales,Bronchiolite,Niveau d'alerte épidémique,94,2024-S10,2024-03-04,1,Catégorielle,Corse
Épidémies Hivernales,Bronchiolite,Niveau d'alerte épidémique,03,2024-S11,2024-03-11,1,Catégorielle,Guyane
Épidémies Hivernales,Bronchiolite,Niveau d'alerte épidémique,27,2024-S11,2024-03-11,1,Catégorielle,Bourgogne-Franche-Comté
Épidémies Hivernales,Bronchiolite,Niveau d'alerte épidémique,32,2024-S11,2024-03-11,1,Catégorielle,Hauts-de-France
Épidémies Hivernales,Bronchiolite,Niveau d'alerte épidémique,52,2024-S11,2024-03-11,1,Catégorielle,Pays de la Loire
Épidémies Hivernales,Bronchiolite,Niveau d'alerte épidémique,76,2024-S11,2024-03-11,1,Catégorielle,Occitanie
Épidémies Hivernales,Bronchiolite,Niveau d'alerte épidémique,84,2024-S11,2024-03-11,1,Catégorielle,Auvergne-Rhône-Alpes
Épidémies Hivernales,Bronchiolite,Niveau d'alerte épidémique,06,2024-S12,2024-03-18,3,Catégorielle,Mayotte
Épidémies Hivernales,Bronchiolite,Niveau d'alerte épidémique,08,2024-S12,2024-03-18,1,Catégorielle,
Épidémies Hivernales,Bronchiolite,Niveau d'alerte épidémique,11,2024-S12,2024-03-18,1,Catégorielle,Île-de-France
Épidémies Hivernales,Bronchiolite,Niveau d'alerte épidémique,75,2024-S12,2024-03-18,1,Catégorielle,Nouvelle-Aquitaine
Épidémies Hivernales,Bronchiolite,Niveau d'alerte épidémique,76,2024-S12,2024-03-18,1,Catégorielle,Occitanie
Épidémies Hivernales,Bronchiolite,Niveau d'alerte épidémique,01,2024-S13,2024-03-25,1,Catégorielle,Guadeloupe
Épidémies Hivernales,Bronchiolite,Niveau d'alerte épidémique,02,2024-S13,2024-03-25,1,Catégorielle,Martinique
Épidémies Hivernales,Bronchiolite,Niveau d'alerte épidémique,06,2024-S13,2024-03-25,4,Catégorielle,Mayotte
Épidémies Hivernales,Bronchiolite,Niveau d'alerte épidémique,24,2024-S13,2024-03-25,1,Catégorielle,Centre-Val de Loire
Épidémies Hivernales,Bronchiolite,Niveau d'alerte épidémique,27,2024-S13,2024-03-25,1,Catégorielle,Bourgogne-Franche-Comté
Épidémies Hivernales,Bronchiolite,Niveau d'alerte épidémique,28,2024-S13,2024-03-25,1,Catégorielle,Normandie
Épidémies Hivernales,Bronchiolite,Niveau d'alerte épidémique,44,2024-S13,2024-03-25,1,Catégorielle,Grand Est
Épidémies Hivernales,Bronchiolite,Niveau d'alerte épidémique,84,2024-S13,2024-03-25,1,Catégorielle,Auvergne-Rhône-Alpes
Épidémies Hivernales,Bronchiolite,Niveau d'alerte épidémique,06,2024-S14,2024-04-01,4,Catégorielle,Mayotte
Épidémies Hivernales,Bronchiolite,Niveau d'alerte épidémique,07,2024-S14,2024-04-01,1,Catégorielle,
Épidémies Hivernales,Bronchiolite,Niveau d'alerte épidémique,32,2024-S14,2024-04-01,1,Catégorielle,Hauts-de-France
Épidémies Hivernales,Bronchiolite,Niveau d'alerte épidémique,53,2024-S14,2024-04-01,1,Catégorielle,Bretagne
Épidémies Hivernales,Bronchiolite,Niveau d'alerte épidémique,75,2024-S14,2024-04-01,1,Catégorielle,Nouvelle-Aquitaine
Épidémies Hivernales,Bronchiolite,Niveau d'alerte épidémique,76,2024-S14,2024-04-01,1,Catégorielle,Occitanie
Épidémies Hivernales,Bronchiolite,Niveau d'alerte épidémique,84,2024-S14,2024-04-01,1,Catégorielle,Auvergne-Rhône-Alpes
Épidémies Hivernales,Bronchiolite,Niveau d'alerte épidémique,94,2024-S14,2024-04-01,1,Catégorielle,Corse
Épidémies Hivernales,Bronchiolite,Niveau d'alerte épidémique,06,2024-S15,2024-04-08,4,Catégorielle,Mayotte
Épidémies Hivernales,Bronchiolite,Niveau d'alerte épidémique,24,2024-S15,2024-04-08,1,Catégorielle,Centre-Val de Loire
Épidémies Hivernales,Bronchiolite,Niveau d'alerte épidémique,28,2024-S15,2024-04-08,1,Catégorielle,Normandie
Épidémies Hivernales,Bronchiolite,Niveau d'alerte épidémique,32,2024-S15,2024-04-08,1,Catégorielle,Hauts-de-France
Épidémies Hivernales,Bronchiolite,Niveau d'alerte épidémique,53,2024-S15,2024-04-08,1,Catégorielle,Bretagne
Épidémies Hivernales,Bronchiolite,Niveau d'alerte épidémique,75,2024-S15,2024-04-08,1,Catégorielle,Nouvelle-Aquitaine
Épidémies Hivernales,Bronchiolite,Niveau d'alerte épidémique,53,2024-S16,2024-04-15,1,Catégorielle,Bretagne
Épidémies Hivernales,Bronchiolite,Niveau d'alerte épidémique,01,2024-S40,2024-09-30,1,Catégorielle,Guadeloupe
Épidémies Hivernales,Bronchiolite,Niveau d'alerte épidémique,02,2024-S40,2024-09-30,1,Catégorielle,Martinique
Épidémies Hivernales,Bronchiolite,Niveau d'alerte épidémique,11,2024-S40,2024-09-30,1,Catégorielle,Île-de-France
Épidémies Hivernales,Bronchiolite,Niveau d'alerte épidémique,24,2024-S40,2024-09-30,1,Catégorielle,Centre-Val de Loire
Épidémies Hivernales,Bronchiolite,Niveau d'alerte épidémique,28,2024-S40,2024-09-30,1,Catégorielle,Normandie
Épidémies Hivernales,Bronchiolite,Niveau d'alerte épidémique,32,2024-S40,2024-09-30,1,Catégorielle,Hauts-de-France
Épidémies Hivernales,Bronchiolite,Niveau d'alerte épidémique,03,2024-S41,2024-10-07,3,Catégorielle,Guyane
Épidémies Hivernales,Bronchiolite,Niveau d'alerte épidémique,06,2024-S41,2024-10-07,1,Catégorielle,Mayotte
Épidémies Hivernales,Bronchiolite,Niveau d'alerte épidémique,07,2024-S41,2024-10-07,1,Catégorielle,
Épidémies Hivernales,Bronchiolite,Niveau d'alerte épidémique,11,2024-S41,2024-10-07,1,Catégorielle,Île-de-France
Épidémies Hivernales,Bronchiolite,Niveau d'alerte épidémique,24,2024-S41,2024-10-07,1,Catégorielle,Centre-Val de Loire
Épidémies Hivernales,Bronchiolite,Niveau d'alerte épidémique,27,2024-S41,2024-10-07,1,Catégorielle,Bourgogne-Franche-Comté
Épidémies Hivernales,Bronchiolite,Niveau d'alerte épidémique,32,2024-S41,2024-10-07,1,Catégorielle,Hauts-de-France
Épidémies Hivernales,Bronchiolite,Niveau d'alerte épidémique,44,2024-S41,2024-10-07,1,Catégorielle,Grand Est
Épidémies Hivernales,Bronchiolite,Niveau d'alerte épidémique,75,2024-S41,2024-10-07,1,Catégorielle,Nouvelle-Aquitaine
Épidémies Hivernales,Bronchiolite,Niveau d'alerte épidémique,02,2024-S42,2024-10-14,1,Catégorielle,Martinique
Épidémies Hivernales,Bronchiolite,Niveau d'alerte épidémique,02,2024-S42,2024-10-14,2,Catégorielle,Martinique
Épidémies Hivernales,Bronchiolite,Niveau d'alerte épidémique,03,2024-S42,2024-10-14,3,Catégorielle,Guyane
Épidémies Hivernales,Bronchiolite,Niveau d'alerte épidémique,07,2024-S42,2024-10-14,1,Catégorielle,
Épidémies Hivernales,Bronchiolite,Niveau d'alerte épidémique,27,2024-S42,2024-10-14,1,Catégorielle,Bourgogne-Franche-Comté
Épidémies Hivernales,Bronchiolite,Niveau d'alerte épidémique,52,2024-S42,2024-10-14,1,Catégorielle,Pays de la Loire
Épidémies Hivernales,Bronchiolite,Niveau d'alerte épidémique,53,2024-S42,2024-10-14,1,Catégorielle,Bretagne
Épidémies Hivernales,Bronchiolite,Niveau d'alerte épidémique,94,2024-S42,2024-10-14,1,Catégorielle,Corse
Épidémies Hivernales,Bronchiolite,Niveau d'alerte épidémique,08,2024-S43,2024-10-21,1,Catégorielle,
Épidémies Hivernales,Bronchiolite,Niveau d'alerte épidémique,11,2024-S43,2024-10-21,3,Catégorielle,Île-de-France
Épidémies Hivernales,Bronchiolite,Niveau d'alerte épidémique,24,2024-S43,2024-10-21,1,Catégorielle,Centre-Val de Loire
Épidémies Hivernales,Bronchiolite,Niveau d'alerte épidémique,27,2024-S43,2024-10-21,1,Catégorielle,Bourgogne-Franche-Comté
Épidémies Hivernales,Bronchiolite,Niveau d'alerte épidémique,28,2024-S43,2024-10-21,1,Catégorielle,Normandie
Épidémies Hivernales,Bronchiolite,Niveau d'alerte épidémique,32,2024-S43,2024-10-21,1,Catégorielle,Hauts-de-France
Épidémies Hivernales,Bronchiolite,Niveau d'alerte épidémique,53,2024-S43,2024-10-21,2,Catégorielle,Bretagne
Épidémies Hivernales,Bronchiolite,Niveau d'alerte épidémique,75,2024-S43,2024-10-21,1,Catégorielle,Nouvelle-Aquitaine
Épidémies Hivernales,Bronchiolite,Niveau d'alerte épidémique,03,2024-S44,2024-10-28,3,Catégorielle,Guyane
Épidémies Hivernales,Bronchiolite,Niveau d'alerte épidémique,06,2024-S44,2024-10-28,1,Catégorielle,Mayotte
Épidémies Hivernales,Bronchiolite,Niveau d'alerte épidémique,07,2024-S44,2024-10-28,1,Catégorielle,
Épidémies Hivernales,Bronchiolite,Niveau d'alerte épidémique,24,2024-S44,2024-10-28,1,Catégorielle,Centre-Val de Loire
Épidémies Hivernales,Bronchiolite,Niveau d'alerte épidémique,76,2024-S44,2024-10-28,1,Catégorielle,Occitanie
Épidémies Hivernales,Bronchiolite,Niveau d'alerte épidémique,84,2024-S44,2024-10-28,1,Catégorielle,Auvergne-Rhône-Alpes
Épidémies Hivernales,Bronchiolite,Niveau d'alerte épidémique,93,2024-S44,2024-10-28,1,Catégorielle,Provence-Alpes-Côte d'Azur
Épidémies Hivernales,Bronchiolite,Niveau d'alerte épidémique,01,2024-S45,2024-11-04,3,Catégorielle,Guadeloupe
Épidémies Hivernales,Bronchiolite,Niveau d'alerte épidémique,02,2024-S45,2024-11-04,3,Catégorielle,Martinique
Épidémies Hivernales,Bronchiolite,Niveau d'alerte épidémique,08,2024-S45,2024-11-04,1,Catégorielle,
Épidémies Hivernales,Bronchiolite,Niveau d'alerte épidémique,11,2024-S45,2024-11-04,3,Catégorielle,Île-de-France
Épidémies Hivernales,Bronchiolite,Niveau d'alerte épidémique,32,2024-S45,2024-11-04,2,Catégorielle,Hauts-de-France
Épidémies Hivernales,Bronchiolite,Niveau d'alerte épidémique,52,2024-S45,2024-11-04,1,Catégorielle,Pays de la Loire
Épidémies Hivernales,Bronchiolite,Niveau d'alerte épidémique,75,2024-S45,2024-11-04,1,Catégorielle,Nouvelle-Aquitaine
Épidémies Hivernales,Bronchiolite,Niveau d'alerte épidémique,01,2024-S46,2024-11-11,3,Catégorielle,Guadeloupe
Épidémies Hivernales,Bronchiolite,Niveau d'alerte épidémique,02,2024-S46,2024-11-11,3,Catégorielle,Martinique
Épidémies Hivernales,Bronchiolite,Niveau d'alerte épidémique,04,2024-S46,2024-11-11,1,Catégorielle,La Réunion
Épidémies Hivernales,Bronchiolite,Niveau d'alerte épidémique,11,2024-S46,2024-11-11,3,Catégorielle,Île-de-France
Épidémies Hivernales,Bronchiolite,Niveau d'alerte épidémique,28,2024-S46,2024-11-11,2,Catégorielle,Normandie
Épidémies Hivernales,Bronchiolite,Niveau d'alerte épidémique,52,2024-S46,2024-11-11,1,Catégorielle,Pays de la Loire
Épidémies Hivernales,Bronchiolite,Niveau d'alerte épidémique,76,2024-S46,2024-11-11,1,Catégorielle,Occitanie
Épidémies Hivernales,Bronchiolite,Niveau d'alerte épidémique,93,2024-S46,2024-11-11,2,Catégorielle,Provence-Alpes-Côte d'Azur
Épidémies Hivernales,Bronchiolite,Niveau d'alerte épidémique,01,2024-S47,2024-11-18,3,Catégorielle,Guadeloupe
Épidémies Hivernales,Bronchiolite,Niveau d'alerte épidémique,02,2024-S47,2024-11-18,3,Catégorielle,Martinique
Épidémies Hivernales,Bronchiolite,Niveau d'alerte épidémique,03,2024-S47,2024-11-18,3,Catégorielle,Guyane
Épidémies Hivernales,Bronchiolite,Niveau d'alerte épidémique,06,2024-S47,2024-11-18,1,Catégorielle,Mayotte
Épidémies Hivernales,Bronchiolite,Niveau d'alerte épidémique,44,2024-S47,2024-11-18,2,Catégorielle,Grand Est
Épidémies Hivernales,Bronchiolite,Niveau d'alerte épidémique,75,2024-S47,2024-11-18,3,Catégorielle,Nouvelle-Aquitaine
Épidémies Hivernales,Bronchiolite,Niveau d'alerte épidémique,94,2024-S47,2024-11-18,1,Catégorielle,Corse
Épidémies Hivernales,Bronchiolite,Niveau d'alerte épidémique,01,2024-S48,2024-11-25,3,Catégorielle,Guadeloupe
Épidémies Hivernales,Bronchiolite,Niveau d'alerte épidémique,03,2024-S48,2024-11-25,3,Catégorielle,Guyane
Épidémies Hivernales,Bronchiolite,Niveau d'alerte épidémique,04,2024-S48,2024-11-25,1,Catégorielle,La Réunion
Épidémies Hivernales,Bronchiolite,Niveau d'alerte épidémique,24,2024-S48,2024-11-25,3,Catégorielle,Centre-Val de Loire
Épidémies Hivernales,Bronchiolite,Niveau d'alerte épidémique,75,2024-S48,2024-11-25,3,Catégorielle,Nouvelle-Aquitaine
Épidémies Hivernales,Bronchiolite,Niveau d'alerte épidémique,76,2024-S48,2024-11-25,3,Catégorielle,Occitanie
Épidémies Hivernales,Bronchiolite,Niveau d'alerte épidémique,93,2024-S48,2024-11-25,3,Catégorielle,Provence-Alpes-Côte d'Azur
Épidémies Hivernales,Bronchiolite,Niveau d'alerte épidémique,01,2024-S49,2024-12-02,3,Catégorielle,Guadeloupe
Épidémies Hivernales,Bronchiolite,Niveau d'alerte épidémique,02,2024-S49,2024-12-02,3,Catégorielle,Martinique
Épidémies Hivernales,Bronchiolite,Niveau d'alerte épidémique,03,2024-S49,2024-12-02,3,Catégorielle,Guyane
Épidémies Hivernales,Bronchiolite,Niveau d'alerte épidémique,04,2024-S49,2024-12-02,1,Catégorielle,La Réunion
Épidémies Hivernales,Bronchiolite,Niveau d'alerte épidémique,44,2024-S49,2024-12-02,3,Catégorielle,Grand Est
Épidémies Hivernales,Bronchiolite,Niveau d'alerte épidémique,93,2024-S49,2024-12-02,3,Catégorielle,Provence-Alpes-Côte d'Azur
Épidémies Hivernales,Bronchiolite,Niveau d'alerte épidémique,02,2024-S50,2024-12-09,3,Catégorielle,Martinique
Épidémies Hivernales,Bronchiolite,Niveau d'alerte épidémique,08,2024-S50,2024-12-09,1,Catégorielle,
Épidémies Hivernales,Bronchiolite,Niveau d'alerte épidémique,28,2024-S50,2024-12-09,3,Catégorielle,Normandie
Épidémies Hivernales,Bronchiolite,Niveau d'alerte épidémique,32,2024-S50,2024-12-09,3,Catégorielle,Hauts-de-France
Épidémies Hivernales,Bronchiolite,Niveau d'alerte épidémique,52,2024-S50,2024-12-09,3,Catégorielle,Pays de la Loire
Épidémies Hivernales,Bronchiolite,Niveau d'alerte épidémique,76,2024-S50,2024-12-09,3,Catégorielle,Occitanie
Épidémies Hivernales,Bronchiolite,Niveau d'alerte épidémique,06,2024-S51,2024-12-16,3,Catégorielle,Mayotte
Épidémies Hivernales,Bronchiolite,Niveau d'alerte épidémique,08,2024-S51,2024-12-16,3,Catégorielle,
Épidémies Hivernales,Bronchiolite,Niveau d'alerte épidémique,08,2024-S51,2024-12-16,1,Catégorielle,
Épidémies Hivernales,Bronchiolite,Niveau d'alerte épidémique,24,2024-S51,2024-12-16,3,Catégorielle,Centre-Val de Loire
Épidémies Hivernales,Bronchiolite,Niveau d'alerte épidémique,28,2024-S51,2024-12-16,3,Catégorielle,Normandie
Épidémies Hivernales,Bronchiolite,Niveau d'alerte épidémique,53,2024-S51,2024-12-16,3,Catégorielle,Bretagne
Épidémies Hivernales,Bronchiolite,Niveau d'alerte épidémique,03,2024-S52,2024-12-23,3,Catégorielle,Guyane
Épidémies Hivernales,Bronchiolite,Niveau d'alerte épidémique,06,2024-S52,2024-12-23,3,Catégorielle,Mayotte
Épidémies Hivernales,Bronchiolite,Niveau d'alerte épidémique,07,2024-S52,2024-12-23,1,Catégorielle,
Épidémies Hivernales,Bronchiolite,Niveau d'alerte épidémique,08,2024-S52,2024-12-23,1,Catégorielle,
Épidémies Hivernales,Bronchiolite,Niveau d'alerte épidémique,27,2024-S52,2024-12-23,3,Catégorielle,Bourgogne-Franche-Comté
Épidémies Hivernales,Bronchiolite,Niveau d'alerte épidémique,44,2024-S52,2024-12-23,3,Catégorielle,Grand Est
Épidémies Hivernales,Bronchiolite,Niveau d'alerte épidémique,75,2024-S52,2024-12-23,3,Catégorielle,Nouvelle-Aquitaine
Épidémies Hivernales,Bronchiolite,Niveau d'alerte épidémique,84,2024-S52,2024-12-23,3,Catégorielle,Auvergne-Rhône-Alpes
Épidémies Hivernales,Bronchiolite,Niveau d'alerte épidémique,93,2024-S52,2024-12-23,3,Catégorielle,Provence-Alpes-Côte d'Azur
Épidémies Hivernales,Bronchiolite,Niveau d'alerte épidémique,94,2024-S52,2024-12-23,2,Catégorielle,Corse
Épidémies Hivernales,Bronchiolite,Niveau d'alerte épidémique,06,2025-S01,2024-12-30,3,Catégorielle,Mayotte
Épidémies Hivernales,Bronchiolite,Niveau d'alerte épidémique,24,2025-S01,2024-12-30,3,Catégorielle,Centre-Val de Loire
Épidémies Hivernales,Bronchiolite,Niveau d'alerte épidémique,28,2025-S01,2024-12-30,3,Catégorielle,Normandie
Épidémies Hivernales,Bronchiolite,Niveau d'alerte épidémique,53,2025-S01,2024-12-30,3,Catégorielle,Bretagne
Épidémies Hivernales,Bronchiolite,Niveau d'alerte épidémique,93,2025-S01,2024-12-30,3,Catégorielle,Provence-Alpes-Côte d'Azur
Épidémies Hivernales,Bronchiolite,Niveau d'alerte épidémique,94,2025-S01,2024-12-30,2,Catégorielle,Corse
Épidémies Hivernales,Bronchiolite,Niveau d'alerte épidémique,02,2025-S02,2025-01-06,3,Catégorielle,Martinique
Épidémies Hivernales,Bronchiolite,Niveau d'alerte épidémique,04,2025-S02,2025-01-06,1,Catégorielle,La Réunion
Épidémies Hivernales,Bronchiolite,Niveau d'alerte épidémique,06,2025-S02,2025-01-06,3,Catégorielle,Mayotte
Épidémies Hivernales,Bronchiolite,Niveau d'alerte épidémique,07,2025-S02,2025-01-06,1,Catégorielle,
Épidémies Hivernales,Bronchiolite,Niveau d'alerte épidémique,27,2025-S02,2025-01-06,4,Catégorielle,Bourgogne-Franche-Comté
Épidémies Hivernales,Bronchiolite,Niveau d'alerte épidémique,28,2025-S02,2025-01-06,4,Catégorielle,Normandie
Épidémies Hivernales,Bronchiolite,Niveau d'alerte épidémique,32,2025-S02,2025-01-06,3,Catégorielle,Hauts-de-France
Épidémies Hivernales,Bronchiolite,Niveau d'alerte épidémique,44,2025-S02,2025-01-06,3,Catégorielle,Grand Est
Épidémies Hivernales,Bronchiolite,Niveau d'alerte épidémique,07,2025-S03,2025-01-13,1,Catégorielle,
Épidémies Hivernales,Bronchiolite,Niveau d'alerte épidémique,27,2025-S03,2025-01-13,4,Catégorielle,Bourgogne-Franche-Comté
Épidémies Hivernales,Bronchiolite,Niveau d'alerte épidémique,76,2025-S03,2025-01-13,4,Catégorielle,Occitanie
Épidémies Hivernales,Bronchiolite,Niveau d'alerte épidémique,04,2025-S04,2025-01-20,1,Catégorielle,La Réunion
Épidémies Hivernales,Bronchiolite,Niveau d'alerte épidémique,07,2025-S04,2025-01-20,1,Catégorielle,
Épidémies Hivernales,Bronchiolite,Niveau d'alerte épidémique,08,2025-S04,2025-01-20,1,Catégorielle,
Épidémies Hivernales,Bronchiolite,Niveau d'alerte épidémique,44,2025-S04,2025-01-20,4,Catégorielle,Grand Est
Épidémies Hivernales,Bronchiolite,Niveau d'alerte épidémique,52,2025-S04,2025-01-20,1,Catégorielle,Pays de la Loire
Épidémies Hivernales,Bronchiolite,Niveau d'alerte épidémique,93,2025-S04,2025-01-20,4,Catégorielle,Provence-Alpes-Côte d'Azur
Épidémies Hivernales,Bronchiolite,Niveau d'alerte épidémique,94,2025-S04,2025-01-20,3,Catégorielle,Corse
Épidémies Hivernales,Bronchiolite,Niveau d'alerte épidémique,04,2025-S05,2025-01-27,1,Catégorielle,La Réunion
Épidémies Hivernales,Bronchiolite,Niveau d'alerte épidémique,06,2025-S05,2025-01-27,3,Catégorielle,Mayotte
Épidémies Hivernales,Bronchiolite,Niveau d'alerte épidémique,08,2025-S05,2025-01-27,1,Catégorielle,
Épidémies Hivernales,Bronchiolite,Niveau d'alerte épidémique,11,2025-S05,2025-01-27,1,Catégorielle,Île-de-France
Épidémies Hivernales,Bronchiolite,Niveau d'alerte épidémique,32,2025-S05,2025-01-27,4,Catégorielle,Hauts-de-France
Épidémies Hivernales,Bronchiolite,Niveau d'alerte épidémique,53,2025-S05,2025-01-27,1,Catégorielle,Bretagne
Épidémies Hivernales,Bronchiolite,Niveau d'alerte épidémique,93,2025-S05,2025-01-27,4,Catégorielle,Provence-Alpes-Côte d'Azur
Épidémies Hivernales,Bronchiolite,Niveau d'alerte épidémique,94,2025-S05,2025-01-27,3,Catégorielle,Corse
Épidémies Hivernales,Bronchiolite,Niveau d'alerte épidémique,03,2025-S06,2025-02-03,1,Catégorielle,Guyane
Épidémies Hivernales,Bronchiolite,Niveau d'alerte épidémique,04,2025-S06,2025-02-03,1,Catégorielle,La Réunion
Épidémies Hivernales,Bronchiolite,Niveau d'alerte épidémique,07,2025-S06,2025-02-03,1,Catégorielle,
Épidémies Hivernales,Bronchiolite,Niveau d'alerte épidémique,11,2025-S06,2025-02-03,1,Catégorielle,Île-de-France
Épidémies Hivernales,Bronchiolite,Niveau d'alerte épidémique,32,2025-S06,2025-02-03,1,Catégorielle,Hauts-de-France
Épidémies Hivernales,Bronchiolite,Niveau d'alerte épidémique,75,2025-S06,2025-02-03,1,Catégorielle,Nouvelle-Aquitaine
Épidémies Hivernales,Bronchiolite,Niveau d'alerte épidémique,93,2025-S06,2025-02-03,1,Catégorielle,Provence-Alpes-Côte d'Azur
Épidémies Hivernales,Bronchiolite,Niveau d'alerte épidémique,94,2025-S06,2025-02-03,3,Catégorielle,Corse
Épidémies Hivernales,Bronchiolite,Niveau d'alerte épidémique,01,2025-S07,2025-02-10,1,Catégorielle,Guadeloupe
Épidémies Hivernales,Bronchiolite,Niveau d'alerte épidémique,24,2025-S07,2025-02-10,1,Catégorielle,Centre-Val de Loire
Épidémies Hivernales,Bronchiolite,Niveau d'alerte épidémique,44,2025-S07,2025-02-10,4,Catégorielle,Grand Est
Épidémies Hivernales,Bronchiolite,Niveau d'alerte épidémique,75,2025-S07,2025-02-10,1,Catégorielle,Nouvelle-Aquitaine
Épidémies Hivernales,Bronchiolite,Niveau d'alerte épidémique,93,2025-S07,2025-02-10,1,Catégorielle,Provence-Alpes-Côte d'Azur
Épidémies Hivernales,Bronchiolite,Niveau d'alerte épidémique,01,2025-S08,2025-02-17,1,Catégorielle,Guadeloupe
Épidémies Hivernales,Bronchiolite,Niveau d'alerte épidémique,03,2025-S08,2025-02-17,1,Catégorielle,Guyane
Épidémies Hivernales,Bronchiolite,Niveau d'alerte épidémique,04,2025-S08,2025-02-17,1,Catégorielle,La Réunion
Épidémies Hivernales,Bronchiolite,Niveau d'alerte épidémique,08,2025-S08,2025-02-17,1,Catégorielle,
Épidémies Hivernales,Bronchiolite,Niveau d'alerte épidémique,44,2025-S08,2025-02-17,4,Catégorielle,Grand Est
Épidémies Hivernales,Bronchiolite,Niveau d'alerte épidémique,52,2025-S08,2025-02-17,1,Catégorielle,Pays de la Loire
Épidémies Hivernales,Bronchiolite,Niveau d'alerte épidémique,93,2025-S08,2025-02-17,1,Catégorielle,Provence-Alpes-Côte d'Azur
Épidémies Hivernales,Bronchiolite,Niveau d'alerte épidémique,94,2025-S08,2025-02-17,4,Catégorielle,Corse
Épidémies Hivernales,Bronchiolite,Niveau d'alerte épidémique,03,2025-S09,2025-02-24,3,Catégorielle,Guyane
Épidémies Hivernales,Bronchiolite,Niveau d'alerte épidémique,03,2025-S09,2025-02-24,1,Catégorielle,Guyane
Épidémies Hivernales,Bronchiolite,Niveau d'alerte épidémique,24,2025-S09,2025-02-24,1,Catégorielle,Centre-Val de Loire
Épidémies Hivernales,Bronchiolite,Niveau d'alerte épidémique,53,2025-S09,2025-02-24,1,Catégorielle,Bretagne
Épidémies Hivernales,Bronchiolite,Niveau d'alerte épidémique,84,2025-S09,2025-02-24,4,Catégorielle,Auvergne-Rhône-Alpes
Épidémies Hivernales,Bronchiolite,Niveau d'alerte épidémique,01,2025-S10,2025-03-03,1,Catégorielle,Guadeloupe
Épidémies Hivernales,Bronchiolite,Niveau d'alerte épidémique,02,2025-S10,2025-03-03,1,Catégorielle,Martinique
Épidémies Hivernales,Bronchiolite,Niveau d'alerte épidémique,06,2025-S10,2025-03-03,3,Catégorielle,Mayotte
Épidémies Hivernales,Bronchiolite,Niveau d'alerte épidémique,27,2025-S10,2025-03-03,4,Catégorielle,Bourgogne-Franche-Comté
Épidémies Hivernales,Bronchiolite,Niveau d'alerte épidémique,28,2025-S10,2025-03-03,1,Catégorielle,Normandie
Épidémies Hivernales,Bronchiolite,Niveau d'alerte épidémique,44,2025-S10,2025-03-03,1,Catégorielle,Grand Est
Épidémies Hivernales,Bronchiolite,Niveau d'alerte épidémique,53,2025-S10,2025-03-03,1,Catégorielle,Bretagne
Épidémies Hivernales,Bronchiolite,Niveau d'alerte épidémique,84,2025-S10,2025-03-03,1,Catégorielle,Auvergne-Rhône-Alpes
Épidémies Hivernales,Bronchiolite,Niveau d'alerte épidémique,94,2025-S10,2025-03-03,4,Catégorielle,Corse
Épidémies Hivernales,Bronchiolite,Niveau d'alerte épidémique,01,2025-S11,2025-03-10,1,Catégorielle,Guadeloupe
Épidémies Hivernales,Bronchiolite,Niveau d'alerte épidémique,11,2025-S11,2025-03-10,4,Catégorielle,Île-de-France
Épidémies Hivernales,Bronchiolite,Niveau d'alerte épidémique,24,2025-S11,2025-03-10,1,Catégorielle,Centre-Val de Loire
Épidémies Hivernales,Bronchiolite,Niveau d'alerte épidémique,27,2025-S11,2025-03-10,1,Catégorielle,Bourgogne-Franche-Comté
Épidémies Hivernales,Bronchiolite,Niveau d'alerte épidémique,44,2025-S11,2025-03-10,1,Catégorielle,Grand Est
Épidémies Hivernales,Bronchiolite,Niveau d'alerte épidémique,76,2025-S11,2025-03-10,1,Catégorielle,Occitanie
Épidémies Hivernales,Bronchiolite,Niveau d'alerte épidémique,01,2025-S12,2025-03-17,1,Catégorielle,Guadeloupe
Épidémies Hivernales,Bronchiolite,Niveau d'alerte épidémique,04,2025-S12,2025-03-17,1,Catégorielle,La Réunion
Épidémies Hivernales,Bronchiolite,Niveau d'alerte épidémique,11,2025-S12,2025-03-17,1,Catégorielle,Île-de-France
Épidémies Hivernales,Bronchiolite,Niveau d'alerte épidémique,24,2025-S12,2025-03-17,1,Catégorielle,Centre-Val de Loire
Épidémies Hivernales,Bronchiolite,Niveau d'alerte épidémique,27,2025-S12,2025-03-17,1,Catégorielle,Bourgogne-Franche-Comté
Épidémies Hivernales,Bronchiolite,Niveau d'alerte épidémique,44,2025-S12,2025-03-17,1,Catégorielle,Grand Est
Épidémies Hivernales,Bronchiolite,Niveau d'alerte épidémique,52,2025-S12,2025-03-17,1,Catégorielle,Pays de la Loire
Épidémies Hivernales,Bronchiolite,Niveau d'alerte épidémique,53,2025-S12,2025-03-17,1,Catégorielle,Bretagne
Épidémies Hivernales,Bronchiolite,Niveau d'alerte épidémique,76,2025-S12,2025-03-17,1,Catégorielle,Occitanie
Épidémies Hivernales,Bronchiolite,Niveau d'alerte épidémique,02,2025-S13,2025-03-24,1,Catégorielle,Martinique
Épidémies Hivernales,Bronchiolite,Niveau d'alerte épidémique,08,2025-S13,2025-03-24,1,Catégorielle,
Épidémies Hivernales,Bronchiolite,Niveau d'alerte épidémique,27,2025-S13,2025-03-24,1,Catégorielle,Bourgogne-Franche-Comté
Épidémies Hivernales,Bronchiolite,Niveau d'alerte épidémique,28,2025-S13,2025-03-24,1,Catégorielle,Normandie
Épidémies Hivernales,Bronchiolite,Niveau d'alerte épidémique,44,2025-S13,2025-03-24,1,Catégorielle,Grand Est
Épidémies Hivernales,Bronchiolite,Niveau d'alerte épidémique,08,2025-S14,2025-03-31,1,Catégorielle,
Épidémies Hivernales,Bronchiolite,Niveau d'alerte épidémique,75,2025-S14,2025-03-31,1,Catégorielle,Nouvelle-Aquitaine
Épidémies Hivernales,Bronchiolite,Niveau d'alerte épidémique,93,2025-S14,2025-03-31,1,Catégorielle,Provence-Alpes-Côte d'Azur
Épidémies Hivernales,Bronchiolite,Niveau d'alerte épidémique,01,2025-S15,2025-04-07,1,Catégorielle,Guadeloupe
Épidémies Hivernales,Bronchiolite,Niveau d'alerte épidémique,04,2025-S15,2025-04-07,1,Catégorielle,La Réunion
Épidémies Hivernales,Bronchiolite,Niveau d'alerte épidémique,06,2025-S15,2025-04-07,4,Catégorielle,Mayotte
Épidémies Hivernales,Bronchiolite,Niveau d'alerte épidémique,07,2025-S15,2025-04-07,1,Catégorielle,
Épidémies Hivernales,Bronchiolite,Niveau d'alerte épidémique,24,2025-S15,2025-04-07,1,Catégorielle,Centre-Val de Loire
Épidémies Hivernales,Bronchiolite,Niveau d'alerte épidémique,27,2025-S15,2025-04-07,1,Catégorielle,Bourgogne-Franche-Comté
Épidémies Hivernales,Bronchiolite,Niveau d'alerte épidémique,28,2025-S15,2025-04-07,1,Catégorielle,Normandie
Épidémies Hivernales,Bronchiolite,Niveau d'alerte épidémique,44,2025-S15,2025-04-07,1,Catégorielle,Grand Est
Épidémies Hivernales,Bronchiolite,Niveau d'alerte épidémique,94,2025-S15,2025-04-07,1,Catégorielle,Corse
Épidémies Hivernales,Bronchiolite,Niveau d'alerte épidémique,32,2025-S16,2025-04-14,1,Catégorielle,Hauts-de-France
Épidémies Hivernales,Bronchiolite,Niveau d'alerte épidémique,04,2025-S18,2025-04-28,1,Catégorielle,La Réunion
Épidémies Hivernales,Bronchiolite,Niveau d'alerte épidémique,11,2025-S37,2025-09-08,1,Catégorielle,Île-de-France
Épidémies Hivernales,Bronchiolite,Niveau d'alerte épidémique,01,2025-S40,2025-09-29,1,Catégorielle,Guadeloupe
Épidémies Hivernales,Bronchiolite,Niveau d'alerte épidémique,06,2025-S40,2025-09-29,1,Catégorielle,Mayotte
Épidémies Hivernales,Bronchiolite,Niveau d'alerte épidémique,07,2025-S40,2025-09-29,1,Catégorielle,
Épidémies Hivernales,Bronchiolite,Niveau d'alerte épidémique,08,2025-S40,2025-09-29,1,Catégorielle,
Épidémies Hivernales,Bronchiolite,Niveau d'alerte épidémique,53,2025-S40,2025-09-29,1,Catégorielle,Bretagne
Épidémies Hivernales,Bronchiolite,Niveau d'alerte épidémique,94,2025-S40,2025-09-29,1,Catégorielle,Corse
Épidémies Hivernales,Bronchiolite,Niveau d'alerte épidémique,01,2025-S41,2025-10-06,1,Catégorielle,Guadeloupe
Épidémies Hivernales,Bronchiolite,Niveau d'alerte épidémique,02,2025-S41,2025-10-06,1,Catégorielle,Martinique
Épidémies Hivernales,Bronchiolite,Niveau d'alerte épidémique,03,2025-S41,2025-10-06,1,Catégorielle,Guyane
Épidémies Hivernales,Bronchiolite,Niveau d'alerte épidémique,11,2025-S41,2025-10-06,2,Catégorielle,Île-de-France
Épidémies Hivernales,Bronchiolite,Niveau d'alerte épidémique,24,2025-S41,2025-10-06,1,Catégorielle,Centre-Val de Loire
Épidémies Hivernales,Bronchiolite,Niveau d'alerte épidémique,28,2025-S41,2025-10-06,2,Catégorielle,Normandie
Épidémies Hivernales,Bronchiolite,Niveau d'alerte épidémique,01,2025-S42,2025-10-13,1,Catégorielle,Guadeloupe
Épidémies Hivernales,Bronchiolite,Niveau d'alerte épidémique,04,2025-S42,2025-10-13,1,Catégorielle,La Réunion
Épidémies Hivernales,Bronchiolite,Niveau d'alerte épidémique,06,2025-S42,2025-10-13,1,Catégorielle,Mayotte
Épidémies Hivernales,Bronchiolite,Niveau d'alerte épidémique,53,2025-S42,2025-10-13,1,Catégorielle,Bretagne
Épidémies Hivernales,Bronchiolite,Niveau d'alerte épidémique,84,2025-S42,2025-10-13,1,Catégorielle,Auvergne-Rhône-Alpes
Épidémies Hivernales,Bronchiolite,Niveau d'alerte épidémique,93,2025-S42,2025-10-13,1,Catégorielle,Provence-Alpes-Côte d'Azur
Épidémies Hivernales,Bronchiolite,Niveau d'alerte épidémique,02,2025-S43,2025-10-20,1,Catégorielle,Martinique
Épidémies Hivernales,Bronchiolite,Niveau d'alerte épidémique,04,2025-S43,2025-10-20,1,Catégorielle,La Réunion
Épidémies Hivernales,Bronchiolite,Niveau d'alerte épidémique,06,2025-S43,2025-10-20,1,Catégorielle,Mayotte
Épidémies Hivernales,Bronchiolite,Niveau d'alerte épidémique,08,2025-S43,2025-10-20,1,Catégorielle,
Épidémies Hivernales,Bronchiolite,Niveau d'alerte épidémique,11,2025-S43,2025-10-20,3,Catégorielle,Île-de-France
Épidémies Hivernales,Bronchiolite,Niveau d'alerte épidémique,27,2025-S43,2025-10-20,1,Catégorielle,Bourgogne-Franche-Comté
Épidémies Hivernales,Bronchiolite,Niveau d'alerte épidémique,44,2025-S43,2025-10-20,1,Catégorielle,Grand Est
Épidémies Hivernales,Bronchiolite,Niveau d'alerte épidémique,76,2025-S43,2025-10-20,1,Catégorielle,Occitanie
Épidémies Hivernales,Bronchiolite,Niveau d'alerte épidémique,93,2025-S43,2025-10-20,1,Catégorielle,Provence-Alpes-Côte d'Azur
Épidémies Hivernales,Bronchiolite,Niveau d'alerte épidémique,94,2025-S43,2025-10-20,1,Catégorielle,Corse
Épidémies Hivernales,Bronchiolite,Niveau d'alerte épidémique,01,2025-S44,2025-10-27,1,Catégorielle,Guadeloupe
Épidémies Hivernales,Bronchiolite,Niveau d'alerte épidémique,02,2025-S44,2025-10-27,1,Catégorielle,Martinique
Épidémies Hivernales,Bronchiolite,Niveau d'alerte épidémique,24,2025-S44,2025-10-27,1,Catégorielle,Centre-Val de Loire
Épidémies Hivernales,Bronchiolite,Niveau d'alerte épidémique,53,2025-S44,2025-10-27,1,Catégorielle,Bretagne
Épidémies Hivernales,Bronchiolite,Niveau d'alerte épidémique,84,2025-S44,2025-10-27,1,Catégorielle,Auvergne-Rhône-Alpes
Épidémies Hivernales,Bronchiolite,Niveau d'alerte épidémique,93,2025-S44,2025-10-27,1,Catégorielle,Provence-Alpes-Côte d'Azur
Épidémies Hivernales,Bronchiolite,Niveau d'alerte épidémique,94,2025-S44,2025-10-27,1,Catégorielle,Corse
Épidémies Hivernales,Bronchiolite,Niveau d'alerte épidémique,01,2025-S45,2025-11-03,1,Catégorielle,Guadeloupe
Épidémies Hivernales,Bronchiolite,Niveau d'alerte épidémique,04,2025-S45,2025-11-03,1,Catégorielle,La Réunion
Épidémies Hivernales,Bronchiolite,Niveau d'alerte épidémique,76,2025-S45,2025-11-03,1,Catégorielle,Occitanie
Épidémies Hivernales,Bronchiolite,Niveau d'alerte épidémique,94,2025-S45,2025-11-03,1,Catégorielle,Corse
Épidémies Hivernales,Bronchiolite,Niveau d'alerte épidémique,01,2025-S46,2025-11-10,1,Catégorielle,Guadeloupe
Épidémies Hivernales,Bronchiolite,Niveau d'alerte épidémique,02,2025-S46,2025-11-10,1,Catégorielle,Martinique
Épidémies Hivernales,Bronchiolite,Niveau d'alerte épidémique,03,2025-S46,2025-11-10,1,Catégorielle,Guyane
Épidémies Hivernales,Bronchiolite,Niveau d'alerte épidémique,08,2025-S46,2025-11-10,1,Catégorielle,
Épidémies Hivernales,Bronchiolite,Niveau d'alerte épidémique,44,2025-S46,2025-11-10,1,Catégorielle,Grand Est
Épidémies Hivernales,Bronchiolite,Niveau d'alerte épidémique,75,2025-S46,2025-11-10,1,Catégorielle,Nouvelle-Aquitaine
Épidémies Hivernales,Bronchiolite,Niveau d'alerte épidémique,93,2025-S46,2025-11-10,1,Catégorielle,Provence-Alpes-Côte d'Azur
Épidémies Hivernales,Bronchiolite,Niveau d'alerte épidémique,07,2025-S47,2025-11-17,1,Catégorielle,
Épidémies Hivernales,Bronchiolite,Niveau d'alerte épidémique,08,2025-S47,2025-11-17,1,Catégorielle,
Épidémies Hivernales,Bronchiolite,Niveau d'alerte épidémique,11,2025-S47,2025-11-17,3,Catégorielle,Île-de-France
Épidémies Hivernales,Bronchiolite,Niveau d'alerte épidémique,27,2025-S47,2025-11-17,1,Catégorielle,Bourgogne-Franche-Comté
Épidémies Hivernales,Bronchiolite,Niveau d'alerte épidémique,28,2025-S47,2025-11-17,3,Catégorielle,Normandie
Épidémies Hivernales,Bronchiolite,Niveau d'alerte épidémique,53,2025-S47,2025-11-17,3,Catégorielle,Bretagne
Épidémies Hivernales,Bronchiolite,Niveau d'alerte épidémique,75,2025-S47,2025-11-17,2,Catégorielle,Nouvelle-Aquitaine
Épidémies Hivernales,Bronchiolite,Niveau d'alerte épidémique,76,2025-S47,2025-11-17,1,Catégorielle,Occitanie
Épidémies Hivernales,Bronchiolite,Niveau d'alerte épidémique,94,2025-S47,2025-11-17,1,Catégorielle,Corse
Épidémies Hivernales,Bronchiolite,Niveau d'alerte épidémique,01,2025-S48,2025-11-24,2,Catégorielle,Guadeloupe
Épidémies Hivernales,Bronchiolite,Niveau d'alerte épidémique,03,2025-S48,2025-11-24,1,Catégorielle,Guyane
Épidémies Hivernales,Bronchiolite,Niveau d'alerte épidémique,04,2025-S48,2025-11-24,1,Catégorielle,La Réunion
Épidémies Hivernales,Bronchiolite,Niveau d'alerte épidémique,07,2025-S48,2025-11-24,1,Catégorielle,
Épidémies Hivernales,Bronchiolite,Niveau d'alerte épidémique,11,2025-S48,2025-11-24,3,Catégorielle,Île-de-France
Épidémies Hivernales,Bronchiolite,Niveau d'alerte épidémique,75,2025-S48,2025-11-24,3,Catégorielle,Nouvelle-Aquitaine
Épidémies Hivernales,Bronchiolite,Niveau d'alerte épidémique,76,2025-S48,2025-11-24,3,Catégorielle,Occitanie
Épidémies Hivernales,Bronchiolite,Niveau d'alerte épidémique,02,2025-S49,2025-12-01,3,Catégorielle,Martinique
Épidémies Hivernales,Bronchiolite,Niveau d'alerte épidémique,04,2025-S49,2025-12-01,2,Catégorielle,La Réunion
Épidémies Hivernales,Bronchiolite,Niveau d'alerte épidémique,11,2025-S49,2025-12-01,3,Catégorielle,Île-de-France
Épidémies Hivernales,Bronchiolite,Niveau d'alerte épidémique,27,2025-S49,2025-12-01,3,Catégorielle,Bourgogne-Franche-Comté
Épidémies Hivernales,Bronchiolite,Niveau d'alerte épidémique,28,2025-S49,2025-12-01,3,Catégorielle,Normandie
Épidémies Hivernales,Bronchiolite,Niveau d'alerte épidémique,32,2025-S49,2025-12-01,3,Catégorielle,Hauts-de-France
Épidémies Hivernales,Bronchiolite,Niveau d'alerte épidémique,76,2025-S49,2025-12-01,3,Catégorielle,Occitanie
Épidémies Hivernales,Bronchiolite,Niveau d'alerte épidémique,02,2025-S50,2025-12-08,3,Catégorielle,Martinique
Épidémies Hivernales,Bronchiolite,Niveau d'alerte épidémique,04,2025-S50,2025-12-08,2,Catégorielle,La Réunion
Épidémies Hivernales,Bronchiolite,Niveau d'alerte épidémique,06,2025-S50,2025-12-08,2,Catégorielle,Mayotte
Épidémies Hivernales,Bronchiolite,Niveau d'alerte épidémique,11,2025-S50,2025-12-08,3,Catégorielle,Île-de-France
Épidémies Hivernales,Bronchiolite,Niveau d'alerte épidémique,32,2025-S50,2025-12-08,3,Catégorielle,Hauts-de-France
Épidémies Hivernales,Bronchiolite,Niveau d'alerte épidémique,52,2025-S50,2025-12-08,3,Catégorielle,Pays de la Loire
Épidémies Hivernales,Bronchiolite,Niveau d'alerte épidémique,53,2025-S50,2025-12-08,3,Catégorielle,Bretagne
Épidémies Hivernales,Bronchiolite,Niveau d'alerte épidémique,76,2025-S50,2025-12-08,3,Catégorielle,Occitanie
Épidémies Hivernales,Bronchiolite,Niveau d'alerte épidémique,03,2025-S51,2025-12-15,1,Catégorielle,Guyane
Épidémies Hivernales,Bronchiolite,Niveau d'alerte épidémique,06,2025-S51,2025-12-15,2,Catégorielle,Mayotte
Épidémies Hivernales,Bronchiolite,Niveau d'alerte épidémique,11,2025-S51,2025-12-15,3,Catégorielle,Île-de-France
Épidémies Hivernales,Bronchiolite,Niveau d'alerte épidémique,24,2025-S51,2025-12-15,3,Catégorielle,Centre-Val de Loire
Épidémies Hivernales,Bronchiolite,Niveau d'alerte épidémique,32,2025-S51,2025-12-15,3,Catégorielle,Hauts-de-France
Épidémies Hivernales,Bronchiolite,Niveau d'alerte épidémique,52,2025-S51,2025-12-15,3,Catégorielle,Pays de la Loire
Épidémies Hivernales,Bronchiolite,Niveau d'alerte épidémique,53,2025-S51,2025-12-15,3,Catégorielle,Bretagne
Épidémies Hivernales,Bronchiolite,Niveau d'alerte épidémique,75,2025-S51,2025-12-15,3,Catégorielle,Nouvelle-Aquitaine
Épidémies Hivernales,Bronchiolite,Niveau d'alerte épidémique,84,2025-S51,2025-12-15,3,Catégorielle,Auvergne-Rhône-Alpes
Épidémies Hivernales,Bronchiolite,Niveau d'alerte épidémique,53,2025-S52,2025-12-22,3,Catégorielle,Bretagne
Épidémies Hivernales,Bronchiolite,Niveau d'alerte épidémique,76,2025-S52,2025-12-22,3,Catégorielle,Occitanie
Épidémies Hivernales,Bronchiolite,Niveau d'alerte épidémique,93,2025-S52,2025-12-22,3,Catégorielle,Provence-Alpes-Côte d'Azur
Épidémies Hivernales,Bronchiolite,Niveau d'alerte épidémique,01,2026-S01,2025-12-29,3,Catégorielle,Guadeloupe
Épidémies Hivernales,Bronchiolite,Niveau d'alerte épidémique,03,2026-S01,2025-12-29,1,Catégorielle,Guyane
Épidémies Hivernales,Bronchiolite,Niveau d'alerte épidémique,06,2026-S01,2025-12-29,2,Catégorielle,Mayotte
Épidémies Hivernales,Bronchiolite,Niveau d'alerte épidémique,24,2026-S01,2025-12-29,3,Catégorielle,Centre-Val de Loire
Épidémies Hivernales,Bronchiolite,Niveau d'alerte épidémique,32,2026-S01,2025-12-29,3,Catégorielle,Hauts-de-France
Épidémies Hivernales,Bronchiolite,Niveau d'alerte épidémique,02,2026-S02,2026-01-05,3,Catégorielle,Martinique
Épidémies Hivernales,Bronchiolite,Niveau d'alerte épidémique,03,2026-S02,2026-01-05,1,Catégorielle,Guyane
Épidémies Hivernales,Bronchiolite,Niveau d'alerte épidémique,04,2026-S02,2026-01-05,1,Catégorielle,La Réunion
Épidémies Hivernales,Bronchiolite,Niveau d'alerte épidémique,27,2026-S02,2026-01-05,3,Catégorielle,Bourgogne-Franche-Comté
Épidémies Hivernales,Bronchiolite,Niveau d'alerte épidémique,28,2026-S02,2026-01-05,4,Catégorielle,Normandie
Épidémies Hivernales,Bronchiolite,Niveau d'alerte épidémique,32,2026-S02,2026-01-05,3,Catégorielle,Hauts-de-France
Épidémies Hivernales,Bronchiolite,Niveau d'alerte épidémique,44,2026-S02,2026-01-05,3,Catégorielle,Grand Est
Épidémies Hivernales,Bronchiolite,Niveau d'alerte épidémique,52,2026-S02,2026-01-05,4,Catégorielle,Pays de la Loire
Épidémies Hivernales,Bronchiolite,Niveau d'alerte épidémique,93,2026-S02,2026-01-05,4,Catégorielle,Provence-Alpes-Côte d'Azur
Épidémies Hivernales,Bronchiolite,Niveau d'alerte épidémique,04,2026-S03,2026-01-12,1,Catégorielle,La Réunion
Épidémies Hivernales,Bronchiolite,Niveau d'alerte épidémique,06,2026-S03,2026-01-12,3,Catégorielle,Mayotte
Épidémies Hivernales,Bronchiolite,Niveau d'alerte épidémique,24,2026-S03,2026-01-12,4,Catégorielle,Centre-Val de Loire
Épidémies Hivernales,Bronchiolite,Niveau d'alerte épidémique,28,2026-S03,2026-01-12,1,Catégorielle,Normandie
Épidémies Hivernales,Bronchiolite,Niveau d'alerte épidémique,32,2026-S03,2026-01-12,4,Catégorielle,Hauts-de-France
Épidémies Hivernales,Bronchiolite,Niveau d'alerte épidémique,52,2026-S03,2026-01-12,1,Catégorielle,Pays de la Loire
Épidémies Hivernales,Bronchiolite,Niveau d'alerte épidémique,75,2026-S03,2026-01-12,4,Catégorielle,Nouvelle-Aquitaine
Épidémies Hivernales,Bronchiolite,Niveau d'alerte épidémique,03,2026-S04,2026-01-19,1,Catégorielle,Guyane
Épidémies Hivernales,Bronchiolite,Niveau d'alerte épidémique,04,2026-S04,2026-01-19,1,Catégorielle,La Réunion
Épidémies Hivernales,Bronchiolite,Niveau d'alerte épidémique,06,2026-S04,2026-01-19,3,Catégorielle,Mayotte
Épidémies Hivernales,Bronchiolite,Niveau d'alerte épidémique,27,2026-S04,2026-01-19,4,Catégorielle,Bourgogne-Franche-Comté
Épidémies Hivernales,Bronchiolite,Niveau d'alerte épidémique,53,2026-S04,2026-01-19,1,Catégorielle,Bretagne
Épidémies Hivernales,Bronchiolite,Niveau d'alerte épidémique,84,2026-S04,2026-01-19,4,Catégorielle,Auvergne-Rhône-Alpes
Épidémies Hivernales,Bronchiolite,Niveau d'alerte épidémique,24,2026-S05,2026-01-26,1,Catégorielle,Centre-Val de Loire
Épidémies Hivernales,Bronchiolite,Niveau d'alerte épidémique,28,2026-S05,2026-01-26,1,Catégorielle,Normandie
Épidémies Hivernales,Bronchiolite,Niveau d'alerte épidémique,76,2026-S05,2026-01-26,4,Catégorielle,Occitanie
Épidémies Hivernales,Bronchiolite,Niveau d'alerte épidémique,84,2026-S05,2026-01-26,4,Catégorielle,Auvergne-Rhône-Alpes
Épidémies Hivernales,Bronchiolite,Niveau d'alerte épidémique,93,2026-S05,2026-01-26,4,Catégorielle,Provence-Alpes-Côte d'Azur
Épidémies Hivernales,Bronchiolite,Niveau d'alerte épidémique,01,2026-S06,2026-02-02,4,Catégorielle,Guadeloupe
Épidémies Hivernales,Bronchiolite,Niveau d'alerte épidémique,06,2026-S07,2026-02-09,3,Catégorielle,Mayotte
Épidémies Hivernales,Bronchiolite,Niveau d'alerte épidémique,53,2026-S07,2026-02-09,1,Catégorielle,Bretagne
Épidémies Hivernales,Bronchiolite,Niveau d'alerte épidémique,75,2026-S07,2026-02-09,4,Catégorielle,Nouvelle-Aquitaine
Épidémies Hivernales,Bronchiolite,Niveau d'alerte épidémique,84,2026-S07,2026-02-09,4,Catégorielle,Auvergne-Rhône-Alpes
Épidémies Hivernales,Bronchiolite,Niveau d'alerte épidémique,02,2026-S08,2026-02-16,3,Catégorielle,Martinique
Épidémies Hivernales,Bronchiolite,Niveau d'alerte épidémique,28,2026-S08,2026-02-16,1,Catégorielle,Normandie
Épidémies Hivernales,Bronchiolite,Niveau d'alerte épidémique,32,2026-S08,2026-02-16,1,Catégorielle,Hauts-de-France
Épidémies Hivernales,Bronchiolite,Niveau d'alerte épidémique,52,2026-S08,2026-02-16,1,Catégorielle,Pays de la Loire
Épidémies Hivernales,Bronchiolite,Niveau d'alerte épidémique,75,2026-S08,2026-02-16,4,Catégorielle,Nouvelle-Aquitaine
Épidémies Hivernales,Bronchiolite,Niveau d'alerte épidémique,93,2026-S08,2026-02-16,4,Catégorielle,Provence-Alpes-Côte d'Azur
Épidémies Hivernales,Bronchiolite,Niveau d'alerte épidémique,94,2026-S08,2026-02-16,4,Catégorielle,Corse
Épidémies Hivernales,Bronchiolite,Niveau d'alerte épidémique,01,2026-S09,2026-02-23,4,Catégorielle,Guadeloupe
Épidémies Hivernales,Bronchiolite,Niveau d'alerte épidémique,24,2026-S09,2026-02-23,1,Catégorielle,Centre-Val de Loire
Épidémies Hivernales,Bronchiolite,Niveau d'alerte épidémique,27,2026-S09,2026-02-23,1,Catégorielle,Bourgogne-Franche-Comté
Épidémies Hivernales,Bronchiolite,Niveau d'alerte épidémique,32,2026-S09,2026-02-23,1,Catégorielle,Hauts-de-France
Épidémies Hivernales,Bronchiolite,Niveau d'alerte épidémique,53,2026-S09,2026-02-23,1,Catégorielle,Bretagne
Épidémies Hivernales,Bronchiolite,Niveau d'alerte épidémique,02,2026-S10,2026-03-02,1,Catégorielle,Martinique
Épidémies Hivernales,Bronchiolite,Niveau d'alerte épidémique,24,2026-S10,2026-03-02,1,Catégorielle,Centre-Val de Loire
Épidémies Hivernales,Bronchiolite,Niveau d'alerte épidémique,28,2026-S10,2026-03-02,1,Catégorielle,Normandie
Épidémies Hivernales,Bronchiolite,Niveau d'alerte épidémique,53,2026-S10,2026-03-02,1,Catégorielle,Bretagne
Épidémies Hivernales,Bronchiolite,Niveau d'alerte épidémique,84,2026-S10,2026-03-02,1,Catégorielle,Auvergne-Rhône-Alpes
Épidémies Hivernales,Bronchiolite,Niveau d'alerte épidémique,93,2026-S10,2026-03-02,1,Catégorielle,Provence-Alpes-Côte d'Azur
Épidémies Hivernales,Bronchiolite,Niveau d'alerte épidémique,02,2026-S11,2026-03-09,1,Catégorielle,Martinique
Épidémies Hivernales,Bronchiolite,Niveau d'alerte épidémique,03,2026-S11,2026-03-09,1,Catégorielle,Guyane
Épidémies Hivernales,Bronchiolite,Niveau d'alerte épidémique,06,2026-S11,2026-03-09,3,Catégorielle,Mayotte
Épidémies Hivernales,Bronchiolite,Niveau d'alerte épidémique,11,2026-S11,2026-03-09,1,Catégorielle,Île-de-France
Épidémies Hivernales,Bronchiolite,Niveau d'alerte épidémique,27,2026-S11,2026-03-09,1,Catégorielle,Bourgogne-Franche-Comté
Épidémies Hivernales,Bronchiolite,Niveau d'alerte épidémique,75,2026-S11,2026-03-09,1,Catégorielle,Nouvelle-Aquitaine
Épidémies Hivernales,Bronchiolite,Niveau d'alerte épidémique,02,2026-S12,2026-03-16,1,Catégorielle,Martinique
Épidémies Hivernales,Bronchiolite,Niveau d'alerte épidémique,04,2026-S12,2026-03-16,1,Catégorielle,La Réunion
Épidémies Hivernales,Bronchiolite,Niveau d'alerte épidémique,06,2026-S12,2026-03-16,3,Catégorielle,Mayotte
Épidémies Hivernales,Bronchiolite,Niveau d'alerte épidémique,11,2026-S12,2026-03-16,1,Catégorielle,Île-de-France
Épidémies Hivernales,Bronchiolite,Niveau d'alerte épidémique,27,2026-S12,2026-03-16,1,Catégorielle,Bourgogne-Franche-Comté
Épidémies Hivernales,Bronchiolite,Niveau d'alerte épidémique,28,2026-S12,2026-03-16,1,Catégorielle,Normandie
Épidémies Hivernales,Bronchiolite,Niveau d'alerte épidémique,32,2026-S12,2026-03-16,1,Catégorielle,Hauts-de-France
Épidémies Hivernales,Bronchiolite,Niveau d'alerte épidémique,44,2026-S12,2026-03-16,1,Catégorielle,Grand Est
Épidémies Hivernales,Bronchiolite,Niveau d'alerte épidémique,52,2026-S12,2026-03-16,1,Catégorielle,Pays de la Loire
Épidémies Hivernales,Bronchiolite,Niveau d'alerte épidémique,75,2026-S12,2026-03-16,1,Catégorielle,Nouvelle-Aquitaine
Épidémies Hivernales,Bronchiolite,Niveau d'alerte épidémique,02,2026-S13,2026-03-23,1,Catégorielle,Martinique
Épidémies Hivernales,Bronchiolite,Niveau d'alerte épidémique,03,2026-S13,2026-03-23,1,Catégorielle,Guyane
Épidémies Hivernales,Bronchiolite,Niveau d'alerte épidémique,04,2026-S13,2026-03-23,1,Catégorielle,La Réunion
Épidémies Hivernales,Bronchiolite,Niveau d'alerte épidémique,11,2026-S13,2026-03-23,1,Catégorielle,Île-de-France
Épidémies Hivernales,Bronchiolite,Niveau d'alerte épidémique,24,2026-S13,2026-03-23,1,Catégorielle,Centre-Val de Loire
Épidémies Hivernales,Bronchiolite,Niveau d'alerte épidémique,44,2026-S13,2026-03-23,1,Catégorielle,Grand Est
Épidémies Hivernales,Bronchiolite,Niveau d'alerte épidémique,52,2026-S13,2026-03-23,1,Catégorielle,Pays de la Loire
Épidémies Hivernales,Bronchiolite,Niveau d'alerte épidémique,53,2026-S13,2026-03-23,1,Catégorielle,Bretagne
Épidémies Hivernales,Bronchiolite,Niveau d'alerte épidémique,93,2026-S13,2026-03-23,1,Catégorielle,Provence-Alpes-Côte d'Azur
Épidémies Hivernales,Bronchiolite,Niveau d'alerte épidémique,01,2026-S14,2026-03-30,1,Catégorielle,Guadeloupe
Épidémies Hivernales,Bronchiolite,Niveau d'alerte épidémique,53,2026-S14,2026-03-30,1,Catégorielle,Bretagne
Épidémies Hivernales,Bronchiolite,Niveau d'alerte épidémique,75,2026-S14,2026-03-30,1,Catégorielle,Nouvelle-Aquitaine
Épidémies Hivernales,Bronchiolite,Niveau d'alerte épidémique,03,2026-S15,2026-04-06,1,Catégorielle,Guyane
Épidémies Hivernales,Bronchiolite,Niveau d'alerte épidémique,24,2026-S15,2026-04-06,1,Catégorielle,Centre-Val de Loire
Épidémies Hivernales,Bronchiolite,Niveau d'alerte épidémique,52,2026-S15,2026-04-06,1,Catégorielle,Pays de la Loire
Épidémies Hivernales,Bronchiolite,Niveau d'alerte épidémique,53,2026-S15,2026-04-06,1,Catégorielle,Bretagne
Épidémies Hivernales,Bronchiolite,Niveau d'alerte épidémique,75,2026-S15,2026-04-06,1,Catégorielle,Nouvelle-Aquitaine
Épidémies Hivernales,Bronchiolite,Niveau d'alerte épidémique,84,2026-S15,2026-04-06,1,Catégorielle,Auvergne-Rhône-Alpes
Épidémies Hivernales,Bronchiolite,Niveau d'alerte épidémique,93,2026-S15,2026-04-06,1,Catégorielle,Provence-Alpes-Côte d'Azur
Épidémies Hivernales,Bronchiolite,Niveau d'alerte épidémique,27,2026-S16,2026-04-13,1,Catégorielle,Bourgogne-Franche-Comté
Épidémies Hivernales,Grippe,Niveau d'alerte épidémique,01,2023-S39,2023-09-25,1,Catégorielle,Guadeloupe
Épidémies Hivernales,Grippe,Niveau d'alerte épidémique,03,2023-S39,2023-09-25,1,Catégorielle,Guyane
Épidémies Hivernales,Grippe,Niveau d'alerte épidémique,04,2023-S39,2023-09-25,1,Catégorielle,La Réunion
Épidémies Hivernales,Grippe,Niveau d'alerte épidémique,06,2023-S39,2023-09-25,1,Catégorielle,Mayotte
Épidémies Hivernales,Grippe,Niveau d'alerte épidémique,08,2023-S39,2023-09-25,1,Catégorielle,
Épidémies Hivernales,Grippe,Niveau d'alerte épidémique,44,2023-S39,2023-09-25,1,Catégorielle,Grand Est
Épidémies Hivernales,Grippe,Niveau d'alerte épidémique,53,2023-S39,2023-09-25,1,Catégorielle,Bretagne
Épidémies Hivernales,Grippe,Niveau d'alerte épidémique,84,2023-S39,2023-09-25,1,Catégorielle,Auvergne-Rhône-Alpes
Épidémies Hivernales,Grippe,Niveau d'alerte épidémique,02,2023-S40,2023-10-02,1,Catégorielle,Martinique
Épidémies Hivernales,Grippe,Niveau d'alerte épidémique,04,2023-S40,2023-10-02,3,Catégorielle,La Réunion
Épidémies Hivernales,Grippe,Niveau d'alerte épidémique,06,2023-S40,2023-10-02,1,Catégorielle,Mayotte
Épidémies Hivernales,Grippe,Niveau d'alerte épidémique,27,2023-S40,2023-10-02,1,Catégorielle,Bourgogne-Franche-Comté
Épidémies Hivernales,Grippe,Niveau d'alerte épidémique,44,2023-S40,2023-10-02,1,Catégorielle,Grand Est
Épidémies Hivernales,Grippe,Niveau d'alerte épidémique,52,2023-S40,2023-10-02,1,Catégorielle,Pays de la Loire
Épidémies Hivernales,Grippe,Niveau d'alerte épidémique,53,2023-S40,2023-10-02,1,Catégorielle,Bretagne
Épidémies Hivernales,Grippe,Niveau d'alerte épidémique,84,2023-S40,2023-10-02,1,Catégorielle,Auvergne-Rhône-Alpes
Épidémies Hivernales,Grippe,Niveau d'alerte épidémique,01,2023-S41,2023-10-09,1,Catégorielle,Guadeloupe
Épidémies Hivernales,Grippe,Niveau d'alerte épidémique,04,2023-S41,2023-10-09,3,Catégorielle,La Réunion
Épidémies Hivernales,Grippe,Niveau d'alerte épidémique,06,2023-S41,2023-10-09,1,Catégorielle,Mayotte
Épidémies Hivernales,Grippe,Niveau d'alerte épidémique,07,2023-S41,2023-10-09,1,Catégorielle,
Épidémies Hivernales,Grippe,Niveau d'alerte épidémique,11,2023-S41,2023-10-09,1,Catégorielle,Île-de-France
Épidémies Hivernales,Grippe,Niveau d'alerte épidémique,53,2023-S41,2023-10-09,1,Catégorielle,Bretagne
Épidémies Hivernales,Grippe,Niveau d'alerte épidémique,75,2023-S41,2023-10-09,1,Catégorielle,Nouvelle-Aquitaine
Épidémies Hivernales,Grippe,Niveau d'alerte épidémique,03,2023-S42,2023-10-16,1,Catégorielle,Guyane
Épidémies Hivernales,Grippe,Niveau d'alerte épidémique,07,2023-S42,2023-10-16,1,Catégorielle,
Épidémies Hivernales,Grippe,Niveau d'alerte épidémique,24,2023-S42,2023-10-16,1,Catégorielle,Centre-Val de Loire
Épidémies Hivernales,Grippe,Niveau d'alerte épidémique,32,2023-S42,2023-10-16,1,Catégorielle,Hauts-de-France
Épidémies Hivernales,Grippe,Niveau d'alerte épidémique,44,2023-S42,2023-10-16,1,Catégorielle,Grand Est
Épidémies Hivernales,Grippe,Niveau d'alerte épidémique,53,2023-S42,2023-10-16,1,Catégorielle,Bretagne
Épidémies Hivernales,Grippe,Niveau d'alerte épidémique,75,2023-S42,2023-10-16,1,Catégorielle,Nouvelle-Aquitaine
Épidémies Hivernales,Grippe,Niveau d'alerte épidémique,84,2023-S42,2023-10-16,1,Catégorielle,Auvergne-Rhône-Alpes
Épidémies Hivernales,Grippe,Niveau d'alerte épidémique,94,2023-S42,2023-10-16,1,Catégorielle,Corse
Épidémies Hivernales,Grippe,Niveau d'alerte épidémique,02,2023-S43,2023-10-23,1,Catégorielle,Martinique
Épidémies Hivernales,Grippe,Niveau d'alerte épidémique,03,2023-S43,2023-10-23,1,Catégorielle,Guyane
Épidémies Hivernales,Grippe,Niveau d'alerte épidémique,04,2023-S43,2023-10-23,3,Catégorielle,La Réunion
Épidémies Hivernales,Grippe,Niveau d'alerte épidémique,24,2023-S43,2023-10-23,1,Catégorielle,Centre-Val de Loire
Épidémies Hivernales,Grippe,Niveau d'alerte épidémique,44,2023-S43,2023-10-23,1,Catégorielle,Grand Est
Épidémies Hivernales,Grippe,Niveau d'alerte épidémique,52,2023-S43,2023-10-23,1,Catégorielle,Pays de la Loire
Épidémies Hivernales,Grippe,Niveau d'alerte épidémique,53,2023-S43,2023-10-23,1,Catégorielle,Bretagne
Épidémies Hivernales,Grippe,Niveau d'alerte épidémique,75,2023-S43,2023-10-23,1,Catégorielle,Nouvelle-Aquitaine
Épidémies Hivernales,Grippe,Niveau d'alerte épidémique,76,2023-S43,2023-10-23,1,Catégorielle,Occitanie
Épidémies Hivernales,Grippe,Niveau d'alerte épidémique,24,2023-S44,2023-10-30,1,Catégorielle,Centre-Val de Loire
Épidémies Hivernales,Grippe,Niveau d'alerte épidémique,27,2023-S44,2023-10-30,1,Catégorielle,Bourgogne-Franche-Comté
Épidémies Hivernales,Grippe,Niveau d'alerte épidémique,76,2023-S44,2023-10-30,1,Catégorielle,Occitanie
Épidémies Hivernales,Grippe,Niveau d'alerte épidémique,93,2023-S44,2023-10-30,1,Catégorielle,Provence-Alpes-Côte d'Azur
Épidémies Hivernales,Grippe,Niveau d'alerte épidémique,01,2023-S45,2023-11-06,1,Catégorielle,Guadeloupe
Épidémies Hivernales,Grippe,Niveau d'alerte épidémique,06,2023-S45,2023-11-06,3,Catégorielle,Mayotte
Épidémies Hivernales,Grippe,Niveau d'alerte épidémique,11,2023-S45,2023-11-06,1,Catégorielle,Île-de-France
Épidémies Hivernales,Grippe,Niveau d'alerte épidémique,28,2023-S45,2023-11-06,1,Catégorielle,Normandie
Épidémies Hivernales,Grippe,Niveau d'alerte épidémique,44,2023-S45,2023-11-06,1,Catégorielle,Grand Est
Épidémies Hivernales,Grippe,Niveau d'alerte épidémique,27,2023-S46,2023-11-13,1,Catégorielle,Bourgogne-Franche-Comté
Épidémies Hivernales,Grippe,Niveau d'alerte épidémique,28,2023-S46,2023-11-13,1,Catégorielle,Normandie
Épidémies Hivernales,Grippe,Niveau d'alerte épidémique,52,2023-S46,2023-11-13,1,Catégorielle,Pays de la Loire
Épidémies Hivernales,Grippe,Niveau d'alerte épidémique,84,2023-S46,2023-11-13,1,Catégorielle,Auvergne-Rhône-Alpes
Épidémies Hivernales,Grippe,Niveau d'alerte épidémique,93,2023-S46,2023-11-13,1,Catégorielle,Provence-Alpes-Côte d'Azur
Épidémies Hivernales,Grippe,Niveau d'alerte épidémique,02,2023-S47,2023-11-20,1,Catégorielle,Martinique
Épidémies Hivernales,Grippe,Niveau d'alerte épidémique,03,2023-S47,2023-11-20,1,Catégorielle,Guyane
Épidémies Hivernales,Grippe,Niveau d'alerte épidémique,04,2023-S47,2023-11-20,4,Catégorielle,La Réunion
Épidémies Hivernales,Grippe,Niveau d'alerte épidémique,06,2023-S47,2023-11-20,3,Catégorielle,Mayotte
Épidémies Hivernales,Grippe,Niveau d'alerte épidémique,07,2023-S47,2023-11-20,1,Catégorielle,
Épidémies Hivernales,Grippe,Niveau d'alerte épidémique,08,2023-S47,2023-11-20,1,Catégorielle,
Épidémies Hivernales,Grippe,Niveau d'alerte épidémique,11,2023-S47,2023-11-20,2,Catégorielle,Île-de-France
Épidémies Hivernales,Grippe,Niveau d'alerte épidémique,75,2023-S47,2023-11-20,1,Catégorielle,Nouvelle-Aquitaine
Épidémies Hivernales,Grippe,Niveau d'alerte épidémique,84,2023-S47,2023-11-20,2,Catégorielle,Auvergne-Rhône-Alpes
Épidémies Hivernales,Grippe,Niveau d'alerte épidémique,93,2023-S47,2023-11-20,2,Catégorielle,Provence-Alpes-Côte d'Azur
Épidémies Hivernales,Grippe,Niveau d'alerte épidémique,01,2023-S48,2023-11-27,1,Catégorielle,Guadeloupe
Épidémies Hivernales,Grippe,Niveau d'alerte épidémique,75,2023-S48,2023-11-27,1,Catégorielle,Nouvelle-Aquitaine
Épidémies Hivernales,Grippe,Niveau d'alerte épidémique,04,2023-S49,2023-12-04,4,Catégorielle,La Réunion
Épidémies Hivernales,Grippe,Niveau d'alerte épidémique,08,2023-S49,2023-12-04,1,Catégorielle,
Épidémies Hivernales,Grippe,Niveau d'alerte épidémique,75,2023-S49,2023-12-04,1,Catégorielle,Nouvelle-Aquitaine
Épidémies Hivernales,Grippe,Niveau d'alerte épidémique,76,2023-S49,2023-12-04,2,Catégorielle,Occitanie
Épidémies Hivernales,Grippe,Niveau d'alerte épidémique,04,2023-S50,2023-12-11,4,Catégorielle,La Réunion
Épidémies Hivernales,Grippe,Niveau d'alerte épidémique,06,2023-S50,2023-12-11,3,Catégorielle,Mayotte
Épidémies Hivernales,Grippe,Niveau d'alerte épidémique,07,2023-S50,2023-12-11,1,Catégorielle,
Épidémies Hivernales,Grippe,Niveau d'alerte épidémique,24,2023-S50,2023-12-11,2,Catégorielle,Centre-Val de Loire
Épidémies Hivernales,Grippe,Niveau d'alerte épidémique,32,2023-S50,2023-12-11,2,Catégorielle,Hauts-de-France
Épidémies Hivernales,Grippe,Niveau d'alerte épidémique,84,2023-S50,2023-12-11,3,Catégorielle,Auvergne-Rhône-Alpes
Épidémies Hivernales,Grippe,Niveau d'alerte épidémique,07,2023-S51,2023-12-18,1,Catégorielle,
Épidémies Hivernales,Grippe,Niveau d'alerte épidémique,08,2023-S51,2023-12-18,2,Catégorielle,
Épidémies Hivernales,Grippe,Niveau d'alerte épidémique,27,2023-S51,2023-12-18,3,Catégorielle,Bourgogne-Franche-Comté
Épidémies Hivernales,Grippe,Niveau d'alerte épidémique,32,2023-S51,2023-12-18,3,Catégorielle,Hauts-de-France
Épidémies Hivernales,Grippe,Niveau d'alerte épidémique,52,2023-S51,2023-12-18,2,Catégorielle,Pays de la Loire
Épidémies Hivernales,Grippe,Niveau d'alerte épidémique,07,2023-S52,2023-12-25,1,Catégorielle,
Épidémies Hivernales,Grippe,Niveau d'alerte épidémique,11,2023-S52,2023-12-25,3,Catégorielle,Île-de-France
Épidémies Hivernales,Grippe,Niveau d'alerte épidémique,24,2023-S52,2023-12-25,3,Catégorielle,Centre-Val de Loire
Épidémies Hivernales,Grippe,Niveau d'alerte épidémique,52,2023-S52,2023-12-25,2,Catégorielle,Pays de la Loire
Épidémies Hivernales,Grippe,Niveau d'alerte épidémique,75,2023-S52,2023-12-25,3,Catégorielle,Nouvelle-Aquitaine
Épidémies Hivernales,Grippe,Niveau d'alerte épidémique,84,2023-S52,2023-12-25,3,Catégorielle,Auvergne-Rhône-Alpes
Épidémies Hivernales,Grippe,Niveau d'alerte épidémique,93,2023-S52,2023-12-25,3,Catégorielle,Provence-Alpes-Côte d'Azur
Épidémies Hivernales,Grippe,Niveau d'alerte épidémique,94,2023-S52,2023-12-25,3,Catégorielle,Corse
Épidémies Hivernales,Grippe,Niveau d'alerte épidémique,03,2024-S01,2024-01-01,3,Catégorielle,Guyane
Épidémies Hivernales,Grippe,Niveau d'alerte épidémique,24,2024-S01,2024-01-01,3,Catégorielle,Centre-Val de Loire
Épidémies Hivernales,Grippe,Niveau d'alerte épidémique,44,2024-S01,2024-01-01,3,Catégorielle,Grand Est
Épidémies Hivernales,Grippe,Niveau d'alerte épidémique,76,2024-S01,2024-01-01,3,Catégorielle,Occitanie
Épidémies Hivernales,Grippe,Niveau d'alerte épidémique,94,2024-S01,2024-01-01,3,Catégorielle,Corse
Épidémies Hivernales,Grippe,Niveau d'alerte épidémique,02,2024-S02,2024-01-08,2,Catégorielle,Martinique
Épidémies Hivernales,Grippe,Niveau d'alerte épidémique,07,2024-S02,2024-01-08,1,Catégorielle,
Épidémies Hivernales,Grippe,Niveau d'alerte épidémique,27,2024-S02,2024-01-08,3,Catégorielle,Bourgogne-Franche-Comté
Épidémies Hivernales,Grippe,Niveau d'alerte épidémique,32,2024-S02,2024-01-08,3,Catégorielle,Hauts-de-France
Épidémies Hivernales,Grippe,Niveau d'alerte épidémique,75,2024-S02,2024-01-08,3,Catégorielle,Nouvelle-Aquitaine
Épidémies Hivernales,Grippe,Niveau d'alerte épidémique,07,2024-S03,2024-01-15,3,Catégorielle,
Épidémies Hivernales,Grippe,Niveau d'alerte épidémique,08,2024-S03,2024-01-15,3,Catégorielle,
Épidémies Hivernales,Grippe,Niveau d'alerte épidémique,52,2024-S03,2024-01-15,3,Catégorielle,Pays de la Loire
Épidémies Hivernales,Grippe,Niveau d'alerte épidémique,01,2024-S04,2024-01-22,3,Catégorielle,Guadeloupe
Épidémies Hivernales,Grippe,Niveau d'alerte épidémique,02,2024-S04,2024-01-22,3,Catégorielle,Martinique
Épidémies Hivernales,Grippe,Niveau d'alerte épidémique,04,2024-S04,2024-01-22,1,Catégorielle,La Réunion
Épidémies Hivernales,Grippe,Niveau d'alerte épidémique,28,2024-S04,2024-01-22,3,Catégorielle,Normandie
Épidémies Hivernales,Grippe,Niveau d'alerte épidémique,32,2024-S04,2024-01-22,3,Catégorielle,Hauts-de-France
Épidémies Hivernales,Grippe,Niveau d'alerte épidémique,76,2024-S04,2024-01-22,3,Catégorielle,Occitanie
Épidémies Hivernales,Grippe,Niveau d'alerte épidémique,02,2024-S05,2024-01-29,3,Catégorielle,Martinique
Épidémies Hivernales,Grippe,Niveau d'alerte épidémique,03,2024-S05,2024-01-29,3,Catégorielle,Guyane
Épidémies Hivernales,Grippe,Niveau d'alerte épidémique,06,2024-S05,2024-01-29,1,Catégorielle,Mayotte
Épidémies Hivernales,Grippe,Niveau d'alerte épidémique,07,2024-S05,2024-01-29,3,Catégorielle,
Épidémies Hivernales,Grippe,Niveau d'alerte épidémique,11,2024-S05,2024-01-29,3,Catégorielle,Île-de-France
Épidémies Hivernales,Grippe,Niveau d'alerte épidémique,27,2024-S05,2024-01-29,3,Catégorielle,Bourgogne-Franche-Comté
Épidémies Hivernales,Grippe,Niveau d'alerte épidémique,28,2024-S05,2024-01-29,3,Catégorielle,Normandie
Épidémies Hivernales,Grippe,Niveau d'alerte épidémique,32,2024-S05,2024-01-29,3,Catégorielle,Hauts-de-France
Épidémies Hivernales,Grippe,Niveau d'alerte épidémique,84,2024-S05,2024-01-29,3,Catégorielle,Auvergne-Rhône-Alpes
Épidémies Hivernales,Grippe,Niveau d'alerte épidémique,93,2024-S05,2024-01-29,3,Catégorielle,Provence-Alpes-Côte d'Azur
Épidémies Hivernales,Grippe,Niveau d'alerte épidémique,03,2024-S06,2024-02-05,3,Catégorielle,Guyane
Épidémies Hivernales,Grippe,Niveau d'alerte épidémique,32,2024-S06,2024-02-05,3,Catégorielle,Hauts-de-France
Épidémies Hivernales,Grippe,Niveau d'alerte épidémique,44,2024-S06,2024-02-05,3,Catégorielle,Grand Est
Épidémies Hivernales,Grippe,Niveau d'alerte épidémique,53,2024-S06,2024-02-05,3,Catégorielle,Bretagne
Épidémies Hivernales,Grippe,Niveau d'alerte épidémique,01,2024-S07,2024-02-12,3,Catégorielle,Guadeloupe
Épidémies Hivernales,Grippe,Niveau d'alerte épidémique,02,2024-S07,2024-02-12,3,Catégorielle,Martinique
Épidémies Hivernales,Grippe,Niveau d'alerte épidémique,07,2024-S07,2024-02-12,3,Catégorielle,
Épidémies Hivernales,Grippe,Niveau d'alerte épidémique,27,2024-S07,2024-02-12,3,Catégorielle,Bourgogne-Franche-Comté
Épidémies Hivernales,Grippe,Niveau d'alerte épidémique,28,2024-S07,2024-02-12,3,Catégorielle,Normandie
Épidémies Hivernales,Grippe,Niveau d'alerte épidémique,53,2024-S07,2024-02-12,3,Catégorielle,Bretagne
Épidémies Hivernales,Grippe,Niveau d'alerte épidémique,75,2024-S07,2024-02-12,3,Catégorielle,Nouvelle-Aquitaine
Épidémies Hivernales,Grippe,Niveau d'alerte épidémique,06,2024-S08,2024-02-19,1,Catégorielle,Mayotte
Épidémies Hivernales,Grippe,Niveau d'alerte épidémique,07,2024-S08,2024-02-19,4,Catégorielle,
Épidémies Hivernales,Grippe,Niveau d'alerte épidémique,24,2024-S08,2024-02-19,3,Catégorielle,Centre-Val de Loire
Épidémies Hivernales,Grippe,Niveau d'alerte épidémique,32,2024-S08,2024-02-19,3,Catégorielle,Hauts-de-France
Épidémies Hivernales,Grippe,Niveau d'alerte épidémique,52,2024-S08,2024-02-19,3,Catégorielle,Pays de la Loire
Épidémies Hivernales,Grippe,Niveau d'alerte épidémique,75,2024-S08,2024-02-19,3,Catégorielle,Nouvelle-Aquitaine
Épidémies Hivernales,Grippe,Niveau d'alerte épidémique,01,2024-S09,2024-02-26,3,Catégorielle,Guadeloupe
Épidémies Hivernales,Grippe,Niveau d'alerte épidémique,02,2024-S09,2024-02-26,3,Catégorielle,Martinique
Épidémies Hivernales,Grippe,Niveau d'alerte épidémique,04,2024-S09,2024-02-26,1,Catégorielle,La Réunion
Épidémies Hivernales,Grippe,Niveau d'alerte épidémique,06,2024-S09,2024-02-26,1,Catégorielle,Mayotte
Épidémies Hivernales,Grippe,Niveau d'alerte épidémique,11,2024-S09,2024-02-26,4,Catégorielle,Île-de-France
Épidémies Hivernales,Grippe,Niveau d'alerte épidémique,28,2024-S09,2024-02-26,3,Catégorielle,Normandie
Épidémies Hivernales,Grippe,Niveau d'alerte épidémique,44,2024-S09,2024-02-26,4,Catégorielle,Grand Est
Épidémies Hivernales,Grippe,Niveau d'alerte épidémique,52,2024-S09,2024-02-26,3,Catégorielle,Pays de la Loire
Épidémies Hivernales,Grippe,Niveau d'alerte épidémique,75,2024-S09,2024-02-26,3,Catégorielle,Nouvelle-Aquitaine
Épidémies Hivernales,Grippe,Niveau d'alerte épidémique,76,2024-S09,2024-02-26,4,Catégorielle,Occitanie
Épidémies Hivernales,Grippe,Niveau d'alerte épidémique,04,2024-S10,2024-03-04,1,Catégorielle,La Réunion
Épidémies Hivernales,Grippe,Niveau d'alerte épidémique,06,2024-S10,2024-03-04,1,Catégorielle,Mayotte
Épidémies Hivernales,Grippe,Niveau d'alerte épidémique,08,2024-S10,2024-03-04,3,Catégorielle,
Épidémies Hivernales,Grippe,Niveau d'alerte épidémique,44,2024-S10,2024-03-04,4,Catégorielle,Grand Est
Épidémies Hivernales,Grippe,Niveau d'alerte épidémique,52,2024-S10,2024-03-04,4,Catégorielle,Pays de la Loire
Épidémies Hivernales,Grippe,Niveau d'alerte épidémique,53,2024-S10,2024-03-04,4,Catégorielle,Bretagne
Épidémies Hivernales,Grippe,Niveau d'alerte épidémique,75,2024-S10,2024-03-04,4,Catégorielle,Nouvelle-Aquitaine
Épidémies Hivernales,Grippe,Niveau d'alerte épidémique,76,2024-S10,2024-03-04,4,Catégorielle,Occitanie
Épidémies Hivernales,Grippe,Niveau d'alerte épidémique,01,2024-S11,2024-03-11,3,Catégorielle,Guadeloupe
Épidémies Hivernales,Grippe,Niveau d'alerte épidémique,02,2024-S11,2024-03-11,3,Catégorielle,Martinique
Épidémies Hivernales,Grippe,Niveau d'alerte épidémique,04,2024-S11,2024-03-11,1,Catégorielle,La Réunion
Épidémies Hivernales,Grippe,Niveau d'alerte épidémique,07,2024-S11,2024-03-11,1,Catégorielle,
Épidémies Hivernales,Grippe,Niveau d'alerte épidémique,44,2024-S11,2024-03-11,4,Catégorielle,Grand Est
Épidémies Hivernales,Grippe,Niveau d'alerte épidémique,53,2024-S11,2024-03-11,4,Catégorielle,Bretagne
Épidémies Hivernales,Grippe,Niveau d'alerte épidémique,76,2024-S11,2024-03-11,4,Catégorielle,Occitanie
Épidémies Hivernales,Grippe,Niveau d'alerte épidémique,94,2024-S11,2024-03-11,4,Catégorielle,Corse
Épidémies Hivernales,Grippe,Niveau d'alerte épidémique,06,2024-S12,2024-03-18,1,Catégorielle,Mayotte
Épidémies Hivernales,Grippe,Niveau d'alerte épidémique,07,2024-S12,2024-03-18,1,Catégorielle,
Épidémies Hivernales,Grippe,Niveau d'alerte épidémique,08,2024-S12,2024-03-18,4,Catégorielle,
Épidémies Hivernales,Grippe,Niveau d'alerte épidémique,27,2024-S12,2024-03-18,1,Catégorielle,Bourgogne-Franche-Comté
Épidémies Hivernales,Grippe,Niveau d'alerte épidémique,44,2024-S12,2024-03-18,4,Catégorielle,Grand Est
Épidémies Hivernales,Grippe,Niveau d'alerte épidémique,75,2024-S12,2024-03-18,1,Catégorielle,Nouvelle-Aquitaine
Épidémies Hivernales,Grippe,Niveau d'alerte épidémique,94,2024-S12,2024-03-18,4,Catégorielle,Corse
Épidémies Hivernales,Grippe,Niveau d'alerte épidémique,01,2024-S13,2024-03-25,3,Catégorielle,Guadeloupe
Épidémies Hivernales,Grippe,Niveau d'alerte épidémique,04,2024-S13,2024-03-25,1,Catégorielle,La Réunion
Épidémies Hivernales,Grippe,Niveau d'alerte épidémique,06,2024-S13,2024-03-25,1,Catégorielle,Mayotte
Épidémies Hivernales,Grippe,Niveau d'alerte épidémique,08,2024-S13,2024-03-25,1,Catégorielle,
Épidémies Hivernales,Grippe,Niveau d'alerte épidémique,27,2024-S13,2024-03-25,1,Catégorielle,Bourgogne-Franche-Comté
Épidémies Hivernales,Grippe,Niveau d'alerte épidémique,28,2024-S13,2024-03-25,1,Catégorielle,Normandie
Épidémies Hivernales,Grippe,Niveau d'alerte épidémique,32,2024-S13,2024-03-25,1,Catégorielle,Hauts-de-France
Épidémies Hivernales,Grippe,Niveau d'alerte épidémique,52,2024-S13,2024-03-25,1,Catégorielle,Pays de la Loire
Épidémies Hivernales,Grippe,Niveau d'alerte épidémique,75,2024-S13,2024-03-25,1,Catégorielle,Nouvelle-Aquitaine
Épidémies Hivernales,Grippe,Niveau d'alerte épidémique,01,2024-S14,2024-04-01,4,Catégorielle,Guadeloupe
Épidémies Hivernales,Grippe,Niveau d'alerte épidémique,04,2024-S14,2024-04-01,1,Catégorielle,La Réunion
Épidémies Hivernales,Grippe,Niveau d'alerte épidémique,06,2024-S14,2024-04-01,1,Catégorielle,Mayotte
Épidémies Hivernales,Grippe,Niveau d'alerte épidémique,76,2024-S14,2024-04-01,1,Catégorielle,Occitanie
Épidémies Hivernales,Grippe,Niveau d'alerte épidémique,01,2024-S15,2024-04-08,4,Catégorielle,Guadeloupe
Épidémies Hivernales,Grippe,Niveau d'alerte épidémique,11,2024-S15,2024-04-08,1,Catégorielle,Île-de-France
Épidémies Hivernales,Grippe,Niveau d'alerte épidémique,44,2024-S15,2024-04-08,1,Catégorielle,Grand Est
Épidémies Hivernales,Grippe,Niveau d'alerte épidémique,53,2024-S15,2024-04-08,1,Catégorielle,Bretagne
Épidémies Hivernales,Grippe,Niveau d'alerte épidémique,84,2024-S15,2024-04-08,1,Catégorielle,Auvergne-Rhône-Alpes
Épidémies Hivernales,Grippe,Niveau d'alerte épidémique,93,2024-S15,2024-04-08,1,Catégorielle,Provence-Alpes-Côte d'Azur
Épidémies Hivernales,Grippe,Niveau d'alerte épidémique,94,2024-S15,2024-04-08,1,Catégorielle,Corse
Épidémies Hivernales,Grippe,Niveau d'alerte épidémique,53,2024-S16,2024-04-15,1,Catégorielle,Bretagne
Épidémies Hivernales,Grippe,Niveau d'alerte épidémique,84,2024-S16,2024-04-15,1,Catégorielle,Auvergne-Rhône-Alpes
Épidémies Hivernales,Grippe,Niveau d'alerte épidémique,02,2024-S40,2024-09-30,1,Catégorielle,Martinique
Épidémies Hivernales,Grippe,Niveau d'alerte épidémique,11,2024-S40,2024-09-30,1,Catégorielle,Île-de-France
Épidémies Hivernales,Grippe,Niveau d'alerte épidémique,32,2024-S40,2024-09-30,1,Catégorielle,Hauts-de-France
Épidémies Hivernales,Grippe,Niveau d'alerte épidémique,44,2024-S40,2024-09-30,1,Catégorielle,Grand Est
Épidémies Hivernales,Grippe,Niveau d'alerte épidémique,52,2024-S40,2024-09-30,1,Catégorielle,Pays de la Loire
Épidémies Hivernales,Grippe,Niveau d'alerte épidémique,76,2024-S40,2024-09-30,1,Catégorielle,Occitanie
Épidémies Hivernales,Grippe,Niveau d'alerte épidémique,02,2024-S41,2024-10-07,1,Catégorielle,Martinique
Épidémies Hivernales,Grippe,Niveau d'alerte épidémique,04,2024-S41,2024-10-07,3,Catégorielle,La Réunion
Épidémies Hivernales,Grippe,Niveau d'alerte épidémique,07,2024-S41,2024-10-07,2,Catégorielle,
Épidémies Hivernales,Grippe,Niveau d'alerte épidémique,44,2024-S41,2024-10-07,1,Catégorielle,Grand Est
Épidémies Hivernales,Grippe,Niveau d'alerte épidémique,52,2024-S41,2024-10-07,1,Catégorielle,Pays de la Loire
Épidémies Hivernales,Grippe,Niveau d'alerte épidémique,75,2024-S41,2024-10-07,1,Catégorielle,Nouvelle-Aquitaine
Épidémies Hivernales,Grippe,Niveau d'alerte épidémique,93,2024-S41,2024-10-07,1,Catégorielle,Provence-Alpes-Côte d'Azur
Épidémies Hivernales,Grippe,Niveau d'alerte épidémique,04,2024-S42,2024-10-14,3,Catégorielle,La Réunion
Épidémies Hivernales,Grippe,Niveau d'alerte épidémique,06,2024-S42,2024-10-14,1,Catégorielle,Mayotte
Épidémies Hivernales,Grippe,Niveau d'alerte épidémique,11,2024-S42,2024-10-14,1,Catégorielle,Île-de-France
Épidémies Hivernales,Grippe,Niveau d'alerte épidémique,53,2024-S42,2024-10-14,1,Catégorielle,Bretagne
Épidémies Hivernales,Grippe,Niveau d'alerte épidémique,76,2024-S42,2024-10-14,1,Catégorielle,Occitanie
Épidémies Hivernales,Grippe,Niveau d'alerte épidémique,84,2024-S42,2024-10-14,1,Catégorielle,Auvergne-Rhône-Alpes
Épidémies Hivernales,Grippe,Niveau d'alerte épidémique,93,2024-S42,2024-10-14,1,Catégorielle,Provence-Alpes-Côte d'Azur
Épidémies Hivernales,Grippe,Niveau d'alerte épidémique,94,2024-S42,2024-10-14,1,Catégorielle,Corse
Épidémies Hivernales,Grippe,Niveau d'alerte épidémique,03,2024-S43,2024-10-21,1,Catégorielle,Guyane
Épidémies Hivernales,Grippe,Niveau d'alerte épidémique,04,2024-S43,2024-10-21,3,Catégorielle,La Réunion
Épidémies Hivernales,Grippe,Niveau d'alerte épidémique,07,2024-S43,2024-10-21,2,Catégorielle,
Épidémies Hivernales,Grippe,Niveau d'alerte épidémique,08,2024-S43,2024-10-21,1,Catégorielle,
Épidémies Hivernales,Grippe,Niveau d'alerte épidémique,24,2024-S43,2024-10-21,1,Catégorielle,Centre-Val de Loire
Épidémies Hivernales,Grippe,Niveau d'alerte épidémique,27,2024-S43,2024-10-21,1,Catégorielle,Bourgogne-Franche-Comté
Épidémies Hivernales,Grippe,Niveau d'alerte épidémique,44,2024-S43,2024-10-21,1,Catégorielle,Grand Est
Épidémies Hivernales,Grippe,Niveau d'alerte épidémique,84,2024-S43,2024-10-21,1,Catégorielle,Auvergne-Rhône-Alpes
Épidémies Hivernales,Grippe,Niveau d'alerte épidémique,06,2024-S44,2024-10-28,1,Catégorielle,Mayotte
Épidémies Hivernales,Grippe,Niveau d'alerte épidémique,27,2024-S44,2024-10-28,1,Catégorielle,Bourgogne-Franche-Comté
Épidémies Hivernales,Grippe,Niveau d'alerte épidémique,44,2024-S44,2024-10-28,1,Catégorielle,Grand Est
Épidémies Hivernales,Grippe,Niveau d'alerte épidémique,53,2024-S44,2024-10-28,1,Catégorielle,Bretagne
Épidémies Hivernales,Grippe,Niveau d'alerte épidémique,76,2024-S44,2024-10-28,1,Catégorielle,Occitanie
Épidémies Hivernales,Grippe,Niveau d'alerte épidémique,84,2024-S44,2024-10-28,1,Catégorielle,Auvergne-Rhône-Alpes
Épidémies Hivernales,Grippe,Niveau d'alerte épidémique,93,2024-S44,2024-10-28,1,Catégorielle,Provence-Alpes-Côte d'Azur
Épidémies Hivernales,Grippe,Niveau d'alerte épidémique,94,2024-S44,2024-10-28,1,Catégorielle,Corse
Épidémies Hivernales,Grippe,Niveau d'alerte épidémique,01,2024-S45,2024-11-04,1,Catégorielle,Guadeloupe
Épidémies Hivernales,Grippe,Niveau d'alerte épidémique,24,2024-S45,2024-11-04,1,Catégorielle,Centre-Val de Loire
Épidémies Hivernales,Grippe,Niveau d'alerte épidémique,27,2024-S45,2024-11-04,1,Catégorielle,Bourgogne-Franche-Comté
Épidémies Hivernales,Grippe,Niveau d'alerte épidémique,32,2024-S45,2024-11-04,1,Catégorielle,Hauts-de-France
Épidémies Hivernales,Grippe,Niveau d'alerte épidémique,44,2024-S45,2024-11-04,1,Catégorielle,Grand Est
Épidémies Hivernales,Grippe,Niveau d'alerte épidémique,02,2024-S46,2024-11-11,1,Catégorielle,Martinique
Épidémies Hivernales,Grippe,Niveau d'alerte épidémique,06,2024-S46,2024-11-11,1,Catégorielle,Mayotte
Épidémies Hivernales,Grippe,Niveau d'alerte épidémique,28,2024-S46,2024-11-11,1,Catégorielle,Normandie
Épidémies Hivernales,Grippe,Niveau d'alerte épidémique,52,2024-S46,2024-11-11,1,Catégorielle,Pays de la Loire
Épidémies Hivernales,Grippe,Niveau d'alerte épidémique,84,2024-S46,2024-11-11,1,Catégorielle,Auvergne-Rhône-Alpes
Épidémies Hivernales,Grippe,Niveau d'alerte épidémique,02,2024-S47,2024-11-18,1,Catégorielle,Martinique
Épidémies Hivernales,Grippe,Niveau d'alerte épidémique,03,2024-S47,2024-11-18,1,Catégorielle,Guyane
Épidémies Hivernales,Grippe,Niveau d'alerte épidémique,07,2024-S47,2024-11-18,1,Catégorielle,
Épidémies Hivernales,Grippe,Niveau d'alerte épidémique,08,2024-S47,2024-11-18,1,Catégorielle,
Épidémies Hivernales,Grippe,Niveau d'alerte épidémique,53,2024-S47,2024-11-18,1,Catégorielle,Bretagne
Épidémies Hivernales,Grippe,Niveau d'alerte épidémique,01,2024-S48,2024-11-25,1,Catégorielle,Guadeloupe
Épidémies Hivernales,Grippe,Niveau d'alerte épidémique,02,2024-S48,2024-11-25,1,Catégorielle,Martinique
Épidémies Hivernales,Grippe,Niveau d'alerte épidémique,08,2024-S48,2024-11-25,1,Catégorielle,
Épidémies Hivernales,Grippe,Niveau d'alerte épidémique,27,2024-S48,2024-11-25,1,Catégorielle,Bourgogne-Franche-Comté
Épidémies Hivernales,Grippe,Niveau d'alerte épidémique,75,2024-S48,2024-11-25,1,Catégorielle,Nouvelle-Aquitaine
Épidémies Hivernales,Grippe,Niveau d'alerte épidémique,04,2024-S49,2024-12-02,1,Catégorielle,La Réunion
Épidémies Hivernales,Grippe,Niveau d'alerte épidémique,06,2024-S49,2024-12-02,1,Catégorielle,Mayotte
Épidémies Hivernales,Grippe,Niveau d'alerte épidémique,07,2024-S49,2024-12-02,1,Catégorielle,
Épidémies Hivernales,Grippe,Niveau d'alerte épidémique,08,2024-S49,2024-12-02,1,Catégorielle,
Épidémies Hivernales,Grippe,Niveau d'alerte épidémique,11,2024-S49,2024-12-02,3,Catégorielle,Île-de-France
Épidémies Hivernales,Grippe,Niveau d'alerte épidémique,52,2024-S49,2024-12-02,2,Catégorielle,Pays de la Loire
Épidémies Hivernales,Grippe,Niveau d'alerte épidémique,84,2024-S49,2024-12-02,2,Catégorielle,Auvergne-Rhône-Alpes
Épidémies Hivernales,Grippe,Niveau d'alerte épidémique,02,2024-S50,2024-12-09,2,Catégorielle,Martinique
Épidémies Hivernales,Grippe,Niveau d'alerte épidémique,04,2024-S50,2024-12-09,1,Catégorielle,La Réunion
Épidémies Hivernales,Grippe,Niveau d'alerte épidémique,24,2024-S50,2024-12-09,3,Catégorielle,Centre-Val de Loire
Épidémies Hivernales,Grippe,Niveau d'alerte épidémique,28,2024-S50,2024-12-09,3,Catégorielle,Normandie
Épidémies Hivernales,Grippe,Niveau d'alerte épidémique,52,2024-S50,2024-12-09,3,Catégorielle,Pays de la Loire
Épidémies Hivernales,Grippe,Niveau d'alerte épidémique,84,2024-S50,2024-12-09,3,Catégorielle,Auvergne-Rhône-Alpes
Épidémies Hivernales,Grippe,Niveau d'alerte épidémique,08,2024-S51,2024-12-16,1,Catégorielle,
Épidémies Hivernales,Grippe,Niveau d'alerte épidémique,28,2024-S51,2024-12-16,3,Catégorielle,Normandie
Épidémies Hivernales,Grippe,Niveau d'alerte épidémique,52,2024-S51,2024-12-16,3,Catégorielle,Pays de la Loire
Épidémies Hivernales,Grippe,Niveau d'alerte épidémique,53,2024-S51,2024-12-16,3,Catégorielle,Bretagne
Épidémies Hivernales,Grippe,Niveau d'alerte épidémique,75,2024-S51,2024-12-16,3,Catégorielle,Nouvelle-Aquitaine
Épidémies Hivernales,Grippe,Niveau d'alerte épidémique,93,2024-S51,2024-12-16,3,Catégorielle,Provence-Alpes-Côte d'Azur
Épidémies Hivernales,Grippe,Niveau d'alerte épidémique,04,2024-S52,2024-12-23,1,Catégorielle,La Réunion
Épidémies Hivernales,Grippe,Niveau d'alerte épidémique,07,2024-S52,2024-12-23,1,Catégorielle,
Épidémies Hivernales,Grippe,Niveau d'alerte épidémique,32,2024-S52,2024-12-23,3,Catégorielle,Hauts-de-France
Épidémies Hivernales,Grippe,Niveau d'alerte épidémique,52,2024-S52,2024-12-23,3,Catégorielle,Pays de la Loire
Épidémies Hivernales,Grippe,Niveau d'alerte épidémique,84,2024-S52,2024-12-23,3,Catégorielle,Auvergne-Rhône-Alpes
Épidémies Hivernales,Grippe,Niveau d'alerte épidémique,93,2024-S52,2024-12-23,3,Catégorielle,Provence-Alpes-Côte d'Azur
Épidémies Hivernales,Grippe,Niveau d'alerte épidémique,02,2025-S01,2024-12-30,3,Catégorielle,Martinique
Épidémies Hivernales,Grippe,Niveau d'alerte épidémique,04,2025-S01,2024-12-30,1,Catégorielle,La Réunion
Épidémies Hivernales,Grippe,Niveau d'alerte épidémique,06,2025-S01,2024-12-30,2,Catégorielle,Mayotte
Épidémies Hivernales,Grippe,Niveau d'alerte épidémique,07,2025-S01,2024-12-30,3,Catégorielle,
Épidémies Hivernales,Grippe,Niveau d'alerte épidémique,28,2025-S01,2024-12-30,3,Catégorielle,Normandie
Épidémies Hivernales,Grippe,Niveau d'alerte épidémique,76,2025-S01,2024-12-30,3,Catégorielle,Occitanie
Épidémies Hivernales,Grippe,Niveau d'alerte épidémique,94,2025-S01,2024-12-30,3,Catégorielle,Corse
Épidémies Hivernales,Grippe,Niveau d'alerte épidémique,01,2025-S02,2025-01-06,3,Catégorielle,Guadeloupe
Épidémies Hivernales,Grippe,Niveau d'alerte épidémique,03,2025-S02,2025-01-06,3,Catégorielle,Guyane
Épidémies Hivernales,Grippe,Niveau d'alerte épidémique,04,2025-S02,2025-01-06,1,Catégorielle,La Réunion
Épidémies Hivernales,Grippe,Niveau d'alerte épidémique,07,2025-S02,2025-01-06,3,Catégorielle,
Épidémies Hivernales,Grippe,Niveau d'alerte épidémique,32,2025-S02,2025-01-06,3,Catégorielle,Hauts-de-France
Épidémies Hivernales,Grippe,Niveau d'alerte épidémique,44,2025-S02,2025-01-06,3,Catégorielle,Grand Est
Épidémies Hivernales,Grippe,Niveau d'alerte épidémique,52,2025-S02,2025-01-06,3,Catégorielle,Pays de la Loire
Épidémies Hivernales,Grippe,Niveau d'alerte épidémique,84,2025-S02,2025-01-06,3,Catégorielle,Auvergne-Rhône-Alpes
Épidémies Hivernales,Grippe,Niveau d'alerte épidémique,08,2025-S03,2025-01-13,3,Catégorielle,
Épidémies Hivernales,Grippe,Niveau d'alerte épidémique,44,2025-S03,2025-01-13,3,Catégorielle,Grand Est
Épidémies Hivernales,Grippe,Niveau d'alerte épidémique,52,2025-S03,2025-01-13,3,Catégorielle,Pays de la Loire
Épidémies Hivernales,Grippe,Niveau d'alerte épidémique,53,2025-S03,2025-01-13,3,Catégorielle,Bretagne
Épidémies Hivernales,Grippe,Niveau d'alerte épidémique,76,2025-S03,2025-01-13,3,Catégorielle,Occitanie
Épidémies Hivernales,Grippe,Niveau d'alerte épidémique,84,2025-S03,2025-01-13,3,Catégorielle,Auvergne-Rhône-Alpes
Épidémies Hivernales,Grippe,Niveau d'alerte épidémique,93,2025-S03,2025-01-13,3,Catégorielle,Provence-Alpes-Côte d'Azur
Épidémies Hivernales,Grippe,Niveau d'alerte épidémique,03,2025-S04,2025-01-20,3,Catégorielle,Guyane
Épidémies Hivernales,Grippe,Niveau d'alerte épidémique,04,2025-S04,2025-01-20,1,Catégorielle,La Réunion
Épidémies Hivernales,Grippe,Niveau d'alerte épidémique,11,2025-S04,2025-01-20,3,Catégorielle,Île-de-France
Épidémies Hivernales,Grippe,Niveau d'alerte épidémique,32,2025-S04,2025-01-20,3,Catégorielle,Hauts-de-France
Épidémies Hivernales,Grippe,Niveau d'alerte épidémique,44,2025-S04,2025-01-20,3,Catégorielle,Grand Est
Épidémies Hivernales,Grippe,Niveau d'alerte épidémique,52,2025-S04,2025-01-20,3,Catégorielle,Pays de la Loire
Épidémies Hivernales,Grippe,Niveau d'alerte épidémique,93,2025-S04,2025-01-20,3,Catégorielle,Provence-Alpes-Côte d'Azur
Épidémies Hivernales,Grippe,Niveau d'alerte épidémique,24,2025-S05,2025-01-27,3,Catégorielle,Centre-Val de Loire
Épidémies Hivernales,Grippe,Niveau d'alerte épidémique,27,2025-S05,2025-01-27,3,Catégorielle,Bourgogne-Franche-Comté
Épidémies Hivernales,Grippe,Niveau d'alerte épidémique,32,2025-S05,2025-01-27,3,Catégorielle,Hauts-de-France
Épidémies Hivernales,Grippe,Niveau d'alerte épidémique,44,2025-S05,2025-01-27,3,Catégorielle,Grand Est
Épidémies Hivernales,Grippe,Niveau d'alerte épidémique,75,2025-S05,2025-01-27,3,Catégorielle,Nouvelle-Aquitaine
Épidémies Hivernales,Grippe,Niveau d'alerte épidémique,84,2025-S05,2025-01-27,3,Catégorielle,Auvergne-Rhône-Alpes
Épidémies Hivernales,Grippe,Niveau d'alerte épidémique,02,2025-S06,2025-02-03,3,Catégorielle,Martinique
Épidémies Hivernales,Grippe,Niveau d'alerte épidémique,03,2025-S06,2025-02-03,3,Catégorielle,Guyane
Épidémies Hivernales,Grippe,Niveau d'alerte épidémique,24,2025-S06,2025-02-03,3,Catégorielle,Centre-Val de Loire
Épidémies Hivernales,Grippe,Niveau d'alerte épidémique,27,2025-S06,2025-02-03,3,Catégorielle,Bourgogne-Franche-Comté
Épidémies Hivernales,Grippe,Niveau d'alerte épidémique,32,2025-S06,2025-02-03,3,Catégorielle,Hauts-de-France
Épidémies Hivernales,Grippe,Niveau d'alerte épidémique,44,2025-S06,2025-02-03,3,Catégorielle,Grand Est
Épidémies Hivernales,Grippe,Niveau d'alerte épidémique,52,2025-S06,2025-02-03,3,Catégorielle,Pays de la Loire
Épidémies Hivernales,Grippe,Niveau d'alerte épidémique,75,2025-S06,2025-02-03,3,Catégorielle,Nouvelle-Aquitaine
Épidémies Hivernales,Grippe,Niveau d'alerte épidémique,84,2025-S06,2025-02-03,3,Catégorielle,Auvergne-Rhône-Alpes
Épidémies Hivernales,Grippe,Niveau d'alerte épidémique,04,2025-S07,2025-02-10,1,Catégorielle,La Réunion
Épidémies Hivernales,Grippe,Niveau d'alerte épidémique,06,2025-S07,2025-02-10,3,Catégorielle,Mayotte
Épidémies Hivernales,Grippe,Niveau d'alerte épidémique,27,2025-S07,2025-02-10,3,Catégorielle,Bourgogne-Franche-Comté
Épidémies Hivernales,Grippe,Niveau d'alerte épidémique,32,2025-S07,2025-02-10,3,Catégorielle,Hauts-de-France
Épidémies Hivernales,Grippe,Niveau d'alerte épidémique,76,2025-S07,2025-02-10,3,Catégorielle,Occitanie
Épidémies Hivernales,Grippe,Niveau d'alerte épidémique,94,2025-S07,2025-02-10,3,Catégorielle,Corse
Épidémies Hivernales,Grippe,Niveau d'alerte épidémique,01,2025-S08,2025-02-17,3,Catégorielle,Guadeloupe
Épidémies Hivernales,Grippe,Niveau d'alerte épidémique,03,2025-S08,2025-02-17,3,Catégorielle,Guyane
Épidémies Hivernales,Grippe,Niveau d'alerte épidémique,07,2025-S08,2025-02-17,3,Catégorielle,
Épidémies Hivernales,Grippe,Niveau d'alerte épidémique,08,2025-S08,2025-02-17,3,Catégorielle,
Épidémies Hivernales,Grippe,Niveau d'alerte épidémique,44,2025-S08,2025-02-17,3,Catégorielle,Grand Est
Épidémies Hivernales,Grippe,Niveau d'alerte épidémique,52,2025-S08,2025-02-17,3,Catégorielle,Pays de la Loire
Épidémies Hivernales,Grippe,Niveau d'alerte épidémique,53,2025-S08,2025-02-17,3,Catégorielle,Bretagne
Épidémies Hivernales,Grippe,Niveau d'alerte épidémique,76,2025-S08,2025-02-17,3,Catégorielle,Occitanie
Épidémies Hivernales,Grippe,Niveau d'alerte épidémique,04,2025-S09,2025-02-24,1,Catégorielle,La Réunion
Épidémies Hivernales,Grippe,Niveau d'alerte épidémique,06,2025-S09,2025-02-24,3,Catégorielle,Mayotte
Épidémies Hivernales,Grippe,Niveau d'alerte épidémique,11,2025-S09,2025-02-24,3,Catégorielle,Île-de-France
Épidémies Hivernales,Grippe,Niveau d'alerte épidémique,27,2025-S09,2025-02-24,3,Catégorielle,Bourgogne-Franche-Comté
Épidémies Hivernales,Grippe,Niveau d'alerte épidémique,28,2025-S09,2025-02-24,4,Catégorielle,Normandie
Épidémies Hivernales,Grippe,Niveau d'alerte épidémique,32,2025-S09,2025-02-24,3,Catégorielle,Hauts-de-France
Épidémies Hivernales,Grippe,Niveau d'alerte épidémique,44,2025-S09,2025-02-24,3,Catégorielle,Grand Est
Épidémies Hivernales,Grippe,Niveau d'alerte épidémique,75,2025-S09,2025-02-24,3,Catégorielle,Nouvelle-Aquitaine
Épidémies Hivernales,Grippe,Niveau d'alerte épidémique,76,2025-S09,2025-02-24,3,Catégorielle,Occitanie
Épidémies Hivernales,Grippe,Niveau d'alerte épidémique,84,2025-S09,2025-02-24,3,Catégorielle,Auvergne-Rhône-Alpes
Épidémies Hivernales,Grippe,Niveau d'alerte épidémique,94,2025-S09,2025-02-24,4,Catégorielle,Corse
Épidémies Hivernales,Grippe,Niveau d'alerte épidémique,04,2025-S10,2025-03-03,1,Catégorielle,La Réunion
Épidémies Hivernales,Grippe,Niveau d'alerte épidémique,06,2025-S10,2025-03-03,3,Catégorielle,Mayotte
Épidémies Hivernales,Grippe,Niveau d'alerte épidémique,07,2025-S10,2025-03-03,3,Catégorielle,
Épidémies Hivernales,Grippe,Niveau d'alerte épidémique,11,2025-S10,2025-03-03,4,Catégorielle,Île-de-France
Épidémies Hivernales,Grippe,Niveau d'alerte épidémique,27,2025-S10,2025-03-03,4,Catégorielle,Bourgogne-Franche-Comté
Épidémies Hivernales,Grippe,Niveau d'alerte épidémique,28,2025-S10,2025-03-03,4,Catégorielle,Normandie
Épidémies Hivernales,Grippe,Niveau d'alerte épidémique,32,2025-S10,2025-03-03,4,Catégorielle,Hauts-de-France
Épidémies Hivernales,Grippe,Niveau d'alerte épidémique,53,2025-S10,2025-03-03,4,Catégorielle,Bretagne
Épidémies Hivernales,Grippe,Niveau d'alerte épidémique,93,2025-S10,2025-03-03,4,Catégorielle,Provence-Alpes-Côte d'Azur
Épidémies Hivernales,Grippe,Niveau d'alerte épidémique,94,2025-S10,2025-03-03,4,Catégorielle,Corse
Épidémies Hivernales,Grippe,Niveau d'alerte épidémique,02,2025-S11,2025-03-10,3,Catégorielle,Martinique
Épidémies Hivernales,Grippe,Niveau d'alerte épidémique,08,2025-S11,2025-03-10,3,Catégorielle,
Épidémies Hivernales,Grippe,Niveau d'alerte épidémique,11,2025-S11,2025-03-10,4,Catégorielle,Île-de-France
Épidémies Hivernales,Grippe,Niveau d'alerte épidémique,32,2025-S11,2025-03-10,4,Catégorielle,Hauts-de-France
Épidémies Hivernales,Grippe,Niveau d'alerte épidémique,75,2025-S11,2025-03-10,4,Catégorielle,Nouvelle-Aquitaine
Épidémies Hivernales,Grippe,Niveau d'alerte épidémique,76,2025-S11,2025-03-10,4,Catégorielle,Occitanie
Épidémies Hivernales,Grippe,Niveau d'alerte épidémique,02,2025-S12,2025-03-17,3,Catégorielle,Martinique
Épidémies Hivernales,Grippe,Niveau d'alerte épidémique,03,2025-S12,2025-03-17,3,Catégorielle,Guyane
Épidémies Hivernales,Grippe,Niveau d'alerte épidémique,06,2025-S12,2025-03-17,3,Catégorielle,Mayotte
Épidémies Hivernales,Grippe,Niveau d'alerte épidémique,07,2025-S12,2025-03-17,3,Catégorielle,
Épidémies Hivernales,Grippe,Niveau d'alerte épidémique,11,2025-S12,2025-03-17,4,Catégorielle,Île-de-France
Épidémies Hivernales,Grippe,Niveau d'alerte épidémique,32,2025-S12,2025-03-17,4,Catégorielle,Hauts-de-France
Épidémies Hivernales,Grippe,Niveau d'alerte épidémique,44,2025-S12,2025-03-17,4,Catégorielle,Grand Est
Épidémies Hivernales,Grippe,Niveau d'alerte épidémique,75,2025-S12,2025-03-17,4,Catégorielle,Nouvelle-Aquitaine
Épidémies Hivernales,Grippe,Niveau d'alerte épidémique,84,2025-S12,2025-03-17,4,Catégorielle,Auvergne-Rhône-Alpes
Épidémies Hivernales,Grippe,Niveau d'alerte épidémique,93,2025-S12,2025-03-17,4,Catégorielle,Provence-Alpes-Côte d'Azur
Épidémies Hivernales,Grippe,Niveau d'alerte épidémique,94,2025-S12,2025-03-17,1,Catégorielle,Corse
Épidémies Hivernales,Grippe,Niveau d'alerte épidémique,03,2025-S13,2025-03-24,3,Catégorielle,Guyane
Épidémies Hivernales,Grippe,Niveau d'alerte épidémique,04,2025-S13,2025-03-24,1,Catégorielle,La Réunion
Épidémies Hivernales,Grippe,Niveau d'alerte épidémique,06,2025-S13,2025-03-24,3,Catégorielle,Mayotte
Épidémies Hivernales,Grippe,Niveau d'alerte épidémique,08,2025-S13,2025-03-24,3,Catégorielle,
Épidémies Hivernales,Grippe,Niveau d'alerte épidémique,24,2025-S13,2025-03-24,1,Catégorielle,Centre-Val de Loire
Épidémies Hivernales,Grippe,Niveau d'alerte épidémique,27,2025-S13,2025-03-24,1,Catégorielle,Bourgogne-Franche-Comté
Épidémies Hivernales,Grippe,Niveau d'alerte épidémique,93,2025-S13,2025-03-24,1,Catégorielle,Provence-Alpes-Côte d'Azur
Épidémies Hivernales,Grippe,Niveau d'alerte épidémique,02,2025-S14,2025-03-31,3,Catégorielle,Martinique
Épidémies Hivernales,Grippe,Niveau d'alerte épidémique,03,2025-S14,2025-03-31,3,Catégorielle,Guyane
Épidémies Hivernales,Grippe,Niveau d'alerte épidémique,06,2025-S14,2025-03-31,4,Catégorielle,Mayotte
Épidémies Hivernales,Grippe,Niveau d'alerte épidémique,08,2025-S14,2025-03-31,3,Catégorielle,
Épidémies Hivernales,Grippe,Niveau d'alerte épidémique,27,2025-S14,2025-03-31,1,Catégorielle,Bourgogne-Franche-Comté
Épidémies Hivernales,Grippe,Niveau d'alerte épidémique,76,2025-S14,2025-03-31,1,Catégorielle,Occitanie
Épidémies Hivernales,Grippe,Niveau d'alerte épidémique,94,2025-S14,2025-03-31,1,Catégorielle,Corse
Épidémies Hivernales,Grippe,Niveau d'alerte épidémique,02,2025-S15,2025-04-07,3,Catégorielle,Martinique
Épidémies Hivernales,Grippe,Niveau d'alerte épidémique,07,2025-S15,2025-04-07,4,Catégorielle,
Épidémies Hivernales,Grippe,Niveau d'alerte épidémique,08,2025-S15,2025-04-07,3,Catégorielle,
Épidémies Hivernales,Grippe,Niveau d'alerte épidémique,24,2025-S15,2025-04-07,1,Catégorielle,Centre-Val de Loire
Épidémies Hivernales,Grippe,Niveau d'alerte épidémique,27,2025-S15,2025-04-07,1,Catégorielle,Bourgogne-Franche-Comté
Épidémies Hivernales,Grippe,Niveau d'alerte épidémique,32,2025-S15,2025-04-07,1,Catégorielle,Hauts-de-France
Épidémies Hivernales,Grippe,Niveau d'alerte épidémique,52,2025-S15,2025-04-07,1,Catégorielle,Pays de la Loire
Épidémies Hivernales,Grippe,Niveau d'alerte épidémique,76,2025-S15,2025-04-07,1,Catégorielle,Occitanie
Épidémies Hivernales,Grippe,Niveau d'alerte épidémique,84,2025-S15,2025-04-07,1,Catégorielle,Auvergne-Rhône-Alpes
Épidémies Hivernales,Grippe,Niveau d'alerte épidémique,93,2025-S15,2025-04-07,1,Catégorielle,Provence-Alpes-Côte d'Azur
Épidémies Hivernales,Grippe,Niveau d'alerte épidémique,94,2025-S15,2025-04-07,1,Catégorielle,Corse
Épidémies Hivernales,Grippe,Niveau d'alerte épidémique,03,2025-S17,2025-04-21,3,Catégorielle,Guyane
Épidémies Hivernales,Grippe,Niveau d'alerte épidémique,03,2025-S40,2025-09-29,1,Catégorielle,Guyane
Épidémies Hivernales,Grippe,Niveau d'alerte épidémique,06,2025-S40,2025-09-29,1,Catégorielle,Mayotte
Épidémies Hivernales,Grippe,Niveau d'alerte épidémique,08,2025-S40,2025-09-29,1,Catégorielle,
Épidémies Hivernales,Grippe,Niveau d'alerte épidémique,11,2025-S40,2025-09-29,1,Catégorielle,Île-de-France
Épidémies Hivernales,Grippe,Niveau d'alerte épidémique,44,2025-S40,2025-09-29,1,Catégorielle,Grand Est
Épidémies Hivernales,Grippe,Niveau d'alerte épidémique,52,2025-S40,2025-09-29,1,Catégorielle,Pays de la Loire
Épidémies Hivernales,Grippe,Niveau d'alerte épidémique,53,2025-S40,2025-09-29,1,Catégorielle,Bretagne
Épidémies Hivernales,Grippe,Niveau d'alerte épidémique,94,2025-S40,2025-09-29,1,Catégorielle,Corse
Épidémies Hivernales,Grippe,Niveau d'alerte épidémique,01,2025-S41,2025-10-06,1,Catégorielle,Guadeloupe
Épidémies Hivernales,Grippe,Niveau d'alerte épidémique,07,2025-S41,2025-10-06,1,Catégorielle,
Épidémies Hivernales,Grippe,Niveau d'alerte épidémique,08,2025-S41,2025-10-06,1,Catégorielle,
Épidémies Hivernales,Grippe,Niveau d'alerte épidémique,28,2025-S41,2025-10-06,1,Catégorielle,Normandie
Épidémies Hivernales,Grippe,Niveau d'alerte épidémique,32,2025-S41,2025-10-06,1,Catégorielle,Hauts-de-France
Épidémies Hivernales,Grippe,Niveau d'alerte épidémique,44,2025-S41,2025-10-06,1,Catégorielle,Grand Est
Épidémies Hivernales,Grippe,Niveau d'alerte épidémique,53,2025-S41,2025-10-06,1,Catégorielle,Bretagne
Épidémies Hivernales,Grippe,Niveau d'alerte épidémique,75,2025-S41,2025-10-06,1,Catégorielle,Nouvelle-Aquitaine
Épidémies Hivernales,Grippe,Niveau d'alerte épidémique,76,2025-S41,2025-10-06,1,Catégorielle,Occitanie
Épidémies Hivernales,Grippe,Niveau d'alerte épidémique,94,2025-S41,2025-10-06,1,Catégorielle,Corse
Épidémies Hivernales,Grippe,Niveau d'alerte épidémique,01,2025-S42,2025-10-13,1,Catégorielle,Guadeloupe
Épidémies Hivernales,Grippe,Niveau d'alerte épidémique,06,2025-S42,2025-10-13,1,Catégorielle,Mayotte
Épidémies Hivernales,Grippe,Niveau d'alerte épidémique,08,2025-S42,2025-10-13,1,Catégorielle,
Épidémies Hivernales,Grippe,Niveau d'alerte épidémique,11,2025-S42,2025-10-13,1,Catégorielle,Île-de-France
Épidémies Hivernales,Grippe,Niveau d'alerte épidémique,27,2025-S42,2025-10-13,1,Catégorielle,Bourgogne-Franche-Comté
Épidémies Hivernales,Grippe,Niveau d'alerte épidémique,28,2025-S42,2025-10-13,1,Catégorielle,Normandie
Épidémies Hivernales,Grippe,Niveau d'alerte épidémique,44,2025-S42,2025-10-13,1,Catégorielle,Grand Est
Épidémies Hivernales,Grippe,Niveau d'alerte épidémique,76,2025-S42,2025-10-13,1,Catégorielle,Occitanie
Épidémies Hivernales,Grippe,Niveau d'alerte épidémique,93,2025-S42,2025-10-13,1,Catégorielle,Provence-Alpes-Côte d'Azur
Épidémies Hivernales,Grippe,Niveau d'alerte épidémique,01,2025-S43,2025-10-20,1,Catégorielle,Guadeloupe
Épidémies Hivernales,Grippe,Niveau d'alerte épidémique,02,2025-S43,2025-10-20,1,Catégorielle,Martinique
Épidémies Hivernales,Grippe,Niveau d'alerte épidémique,04,2025-S43,2025-10-20,1,Catégorielle,La Réunion
Épidémies Hivernales,Grippe,Niveau d'alerte épidémique,07,2025-S43,2025-10-20,1,Catégorielle,
Épidémies Hivernales,Grippe,Niveau d'alerte épidémique,08,2025-S43,2025-10-20,1,Catégorielle,
Épidémies Hivernales,Grippe,Niveau d'alerte épidémique,11,2025-S43,2025-10-20,1,Catégorielle,Île-de-France
Épidémies Hivernales,Grippe,Niveau d'alerte épidémique,75,2025-S43,2025-10-20,1,Catégorielle,Nouvelle-Aquitaine
Épidémies Hivernales,Grippe,Niveau d'alerte épidémique,01,2025-S44,2025-10-27,1,Catégorielle,Guadeloupe
Épidémies Hivernales,Grippe,Niveau d'alerte épidémique,02,2025-S44,2025-10-27,1,Catégorielle,Martinique
Épidémies Hivernales,Grippe,Niveau d'alerte épidémique,03,2025-S44,2025-10-27,1,Catégorielle,Guyane
Épidémies Hivernales,Grippe,Niveau d'alerte épidémique,04,2025-S44,2025-10-27,1,Catégorielle,La Réunion
Épidémies Hivernales,Grippe,Niveau d'alerte épidémique,07,2025-S44,2025-10-27,1,Catégorielle,
Épidémies Hivernales,Grippe,Niveau d'alerte épidémique,24,2025-S44,2025-10-27,1,Catégorielle,Centre-Val de Loire
Épidémies Hivernales,Grippe,Niveau d'alerte épidémique,28,2025-S44,2025-10-27,1,Catégorielle,Normandie
Épidémies Hivernales,Grippe,Niveau d'alerte épidémique,44,2025-S44,2025-10-27,1,Catégorielle,Grand Est
Épidémies Hivernales,Grippe,Niveau d'alerte épidémique,76,2025-S44,2025-10-27,1,Catégorielle,Occitanie
Épidémies Hivernales,Grippe,Niveau d'alerte épidémique,01,2025-S45,2025-11-03,1,Catégorielle,Guadeloupe
Épidémies Hivernales,Grippe,Niveau d'alerte épidémique,11,2025-S45,2025-11-03,1,Catégorielle,Île-de-France
Épidémies Hivernales,Grippe,Niveau d'alerte épidémique,75,2025-S45,2025-11-03,1,Catégorielle,Nouvelle-Aquitaine
Épidémies Hivernales,Grippe,Niveau d'alerte épidémique,02,2025-S46,2025-11-10,1,Catégorielle,Martinique
Épidémies Hivernales,Grippe,Niveau d'alerte épidémique,06,2025-S46,2025-11-10,2,Catégorielle,Mayotte
Épidémies Hivernales,Grippe,Niveau d'alerte épidémique,08,2025-S46,2025-11-10,1,Catégorielle,
Épidémies Hivernales,Grippe,Niveau d'alerte épidémique,28,2025-S46,2025-11-10,1,Catégorielle,Normandie
Épidémies Hivernales,Grippe,Niveau d'alerte épidémique,32,2025-S46,2025-11-10,1,Catégorielle,Hauts-de-France
Épidémies Hivernales,Grippe,Niveau d'alerte épidémique,44,2025-S46,2025-11-10,1,Catégorielle,Grand Est
Épidémies Hivernales,Grippe,Niveau d'alerte épidémique,52,2025-S46,2025-11-10,1,Catégorielle,Pays de la Loire
Épidémies Hivernales,Grippe,Niveau d'alerte épidémique,53,2025-S46,2025-11-10,1,Catégorielle,Bretagne
Épidémies Hivernales,Grippe,Niveau d'alerte épidémique,75,2025-S46,2025-11-10,1,Catégorielle,Nouvelle-Aquitaine
Épidémies Hivernales,Grippe,Niveau d'alerte épidémique,84,2025-S46,2025-11-10,1,Catégorielle,Auvergne-Rhône-Alpes
Épidémies Hivernales,Grippe,Niveau d'alerte épidémique,93,2025-S46,2025-11-10,1,Catégorielle,Provence-Alpes-Côte d'Azur
Épidémies Hivernales,Grippe,Niveau d'alerte épidémique,01,2025-S47,2025-11-17,1,Catégorielle,Guadeloupe
Épidémies Hivernales,Grippe,Niveau d'alerte épidémique,03,2025-S47,2025-11-17,1,Catégorielle,Guyane
Épidémies Hivernales,Grippe,Niveau d'alerte épidémique,32,2025-S47,2025-11-17,1,Catégorielle,Hauts-de-France
Épidémies Hivernales,Grippe,Niveau d'alerte épidémique,53,2025-S47,2025-11-17,1,Catégorielle,Bretagne
Épidémies Hivernales,Grippe,Niveau d'alerte épidémique,76,2025-S47,2025-11-17,1,Catégorielle,Occitanie
Épidémies Hivernales,Grippe,Niveau d'alerte épidémique,01,2025-S48,2025-11-24,1,Catégorielle,Guadeloupe
Épidémies Hivernales,Grippe,Niveau d'alerte épidémique,02,2025-S48,2025-11-24,1,Catégorielle,Martinique
Épidémies Hivernales,Grippe,Niveau d'alerte épidémique,44,2025-S48,2025-11-24,2,Catégorielle,Grand Est
Épidémies Hivernales,Grippe,Niveau d'alerte épidémique,52,2025-S48,2025-11-24,2,Catégorielle,Pays de la Loire
Épidémies Hivernales,Grippe,Niveau d'alerte épidémique,75,2025-S48,2025-11-24,3,Catégorielle,Nouvelle-Aquitaine
Épidémies Hivernales,Grippe,Niveau d'alerte épidémique,93,2025-S48,2025-11-24,2,Catégorielle,Provence-Alpes-Côte d'Azur
Épidémies Hivernales,Grippe,Niveau d'alerte épidémique,04,2025-S49,2025-12-01,1,Catégorielle,La Réunion
Épidémies Hivernales,Grippe,Niveau d'alerte épidémique,06,2025-S49,2025-12-01,3,Catégorielle,Mayotte
Épidémies Hivernales,Grippe,Niveau d'alerte épidémique,11,2025-S49,2025-12-01,3,Catégorielle,Île-de-France
Épidémies Hivernales,Grippe,Niveau d'alerte épidémique,27,2025-S49,2025-12-01,3,Catégorielle,Bourgogne-Franche-Comté
Épidémies Hivernales,Grippe,Niveau d'alerte épidémique,44,2025-S49,2025-12-01,3,Catégorielle,Grand Est
Épidémies Hivernales,Grippe,Niveau d'alerte épidémique,52,2025-S49,2025-12-01,3,Catégorielle,Pays de la Loire
Épidémies Hivernales,Grippe,Niveau d'alerte épidémique,93,2025-S49,2025-12-01,3,Catégorielle,Provence-Alpes-Côte d'Azur
Épidémies Hivernales,Grippe,Niveau d'alerte épidémique,02,2025-S50,2025-12-08,2,Catégorielle,Martinique
Épidémies Hivernales,Grippe,Niveau d'alerte épidémique,04,2025-S50,2025-12-08,1,Catégorielle,La Réunion
Épidémies Hivernales,Grippe,Niveau d'alerte épidémique,06,2025-S50,2025-12-08,3,Catégorielle,Mayotte
Épidémies Hivernales,Grippe,Niveau d'alerte épidémique,27,2025-S50,2025-12-08,3,Catégorielle,Bourgogne-Franche-Comté
Épidémies Hivernales,Grippe,Niveau d'alerte épidémique,28,2025-S50,2025-12-08,3,Catégorielle,Normandie
Épidémies Hivernales,Grippe,Niveau d'alerte épidémique,53,2025-S50,2025-12-08,3,Catégorielle,Bretagne
Épidémies Hivernales,Grippe,Niveau d'alerte épidémique,93,2025-S50,2025-12-08,3,Catégorielle,Provence-Alpes-Côte d'Azur
Épidémies Hivernales,Grippe,Niveau d'alerte épidémique,03,2025-S51,2025-12-15,3,Catégorielle,Guyane
Épidémies Hivernales,Grippe,Niveau d'alerte épidémique,11,2025-S51,2025-12-15,3,Catégorielle,Île-de-France
Épidémies Hivernales,Grippe,Niveau d'alerte épidémique,24,2025-S51,2025-12-15,3,Catégorielle,Centre-Val de Loire
Épidémies Hivernales,Grippe,Niveau d'alerte épidémique,44,2025-S51,2025-12-15,3,Catégorielle,Grand Est
Épidémies Hivernales,Grippe,Niveau d'alerte épidémique,84,2025-S51,2025-12-15,3,Catégorielle,Auvergne-Rhône-Alpes
Épidémies Hivernales,Grippe,Niveau d'alerte épidémique,94,2025-S51,2025-12-15,3,Catégorielle,Corse
Épidémies Hivernales,Grippe,Niveau d'alerte épidémique,06,2025-S52,2025-12-22,3,Catégorielle,Mayotte
Épidémies Hivernales,Grippe,Niveau d'alerte épidémique,28,2025-S52,2025-12-22,3,Catégorielle,Normandie
Épidémies Hivernales,Grippe,Niveau d'alerte épidémique,93,2025-S52,2025-12-22,3,Catégorielle,Provence-Alpes-Côte d'Azur
Épidémies Hivernales,Grippe,Niveau d'alerte épidémique,94,2025-S52,2025-12-22,3,Catégorielle,Corse
Épidémies Hivernales,Grippe,Niveau d'alerte épidémique,03,2026-S01,2025-12-29,3,Catégorielle,Guyane
Épidémies Hivernales,Grippe,Niveau d'alerte épidémique,06,2026-S01,2025-12-29,3,Catégorielle,Mayotte
Épidémies Hivernales,Grippe,Niveau d'alerte épidémique,76,2026-S01,2025-12-29,3,Catégorielle,Occitanie
Épidémies Hivernales,Grippe,Niveau d'alerte épidémique,06,2026-S02,2026-01-05,3,Catégorielle,Mayotte
Épidémies Hivernales,Grippe,Niveau d'alerte épidémique,11,2026-S02,2026-01-05,3,Catégorielle,Île-de-France
Épidémies Hivernales,Grippe,Niveau d'alerte épidémique,52,2026-S02,2026-01-05,3,Catégorielle,Pays de la Loire
Épidémies Hivernales,Grippe,Niveau d'alerte épidémique,28,2026-S03,2026-01-12,3,Catégorielle,Normandie
Épidémies Hivernales,Grippe,Niveau d'alerte épidémique,53,2026-S03,2026-01-12,3,Catégorielle,Bretagne
Épidémies Hivernales,Grippe,Niveau d'alerte épidémique,93,2026-S03,2026-01-12,3,Catégorielle,Provence-Alpes-Côte d'Azur
Épidémies Hivernales,Grippe,Niveau d'alerte épidémique,02,2026-S04,2026-01-19,3,Catégorielle,Martinique
Épidémies Hivernales,Grippe,Niveau d'alerte épidémique,03,2026-S04,2026-01-19,3,Catégorielle,Guyane
Épidémies Hivernales,Grippe,Niveau d'alerte épidémique,04,2026-S04,2026-01-19,1,Catégorielle,La Réunion
Épidémies Hivernales,Grippe,Niveau d'alerte épidémique,06,2026-S04,2026-01-19,4,Catégorielle,Mayotte
Épidémies Hivernales,Grippe,Niveau d'alerte épidémique,11,2026-S04,2026-01-19,3,Catégorielle,Île-de-France
Épidémies Hivernales,Grippe,Niveau d'alerte épidémique,27,2026-S04,2026-01-19,3,Catégorielle,Bourgogne-Franche-Comté
Épidémies Hivernales,Grippe,Niveau d'alerte épidémique,44,2026-S04,2026-01-19,3,Catégorielle,Grand Est
Épidémies Hivernales,Grippe,Niveau d'alerte épidémique,52,2026-S04,2026-01-19,3,Catégorielle,Pays de la Loire
Épidémies Hivernales,Grippe,Niveau d'alerte épidémique,53,2026-S04,2026-01-19,3,Catégorielle,Bretagne
Épidémies Hivernales,Grippe,Niveau d'alerte épidémique,75,2026-S04,2026-01-19,3,Catégorielle,Nouvelle-Aquitaine
Épidémies Hivernales,Grippe,Niveau d'alerte épidémique,84,2026-S04,2026-01-19,3,Catégorielle,Auvergne-Rhône-Alpes
Épidémies Hivernales,Grippe,Niveau d'alerte épidémique,93,2026-S04,2026-01-19,3,Catégorielle,Provence-Alpes-Côte d'Azur
Épidémies Hivernales,Grippe,Niveau d'alerte épidémique,01,2026-S05,2026-01-26,3,Catégorielle,Guadeloupe
Épidémies Hivernales,Grippe,Niveau d'alerte épidémique,02,2026-S05,2026-01-26,3,Catégorielle,Martinique
Épidémies Hivernales,Grippe,Niveau d'alerte épidémique,11,2026-S05,2026-01-26,4,Catégorielle,Île-de-France
Épidémies Hivernales,Grippe,Niveau d'alerte épidémique,24,2026-S05,2026-01-26,3,Catégorielle,Centre-Val de Loire
Épidémies Hivernales,Grippe,Niveau d'alerte épidémique,32,2026-S05,2026-01-26,3,Catégorielle,Hauts-de-France
Épidémies Hivernales,Grippe,Niveau d'alerte épidémique,52,2026-S05,2026-01-26,3,Catégorielle,Pays de la Loire
Épidémies Hivernales,Grippe,Niveau d'alerte épidémique,53,2026-S05,2026-01-26,3,Catégorielle,Bretagne
Épidémies Hivernales,Grippe,Niveau d'alerte épidémique,93,2026-S05,2026-01-26,3,Catégorielle,Provence-Alpes-Côte d'Azur
Épidémies Hivernales,Grippe,Niveau d'alerte épidémique,06,2026-S06,2026-02-02,4,Catégorielle,Mayotte
Épidémies Hivernales,Grippe,Niveau d'alerte épidémique,11,2026-S06,2026-02-02,4,Catégorielle,Île-de-France
Épidémies Hivernales,Grippe,Niveau d'alerte épidémique,75,2026-S06,2026-02-02,3,Catégorielle,Nouvelle-Aquitaine
Épidémies Hivernales,Grippe,Niveau d'alerte épidémique,76,2026-S06,2026-02-02,3,Catégorielle,Occitanie
Épidémies Hivernales,Grippe,Niveau d'alerte épidémique,84,2026-S06,2026-02-02,4,Catégorielle,Auvergne-Rhône-Alpes
Épidémies Hivernales,Grippe,Niveau d'alerte épidémique,94,2026-S06,2026-02-02,3,Catégorielle,Corse
Épidémies Hivernales,Grippe,Niveau d'alerte épidémique,24,2026-S07,2026-02-09,4,Catégorielle,Centre-Val de Loire
Épidémies Hivernales,Grippe,Niveau d'alerte épidémique,27,2026-S07,2026-02-09,3,Catégorielle,Bourgogne-Franche-Comté
Épidémies Hivernales,Grippe,Niveau d'alerte épidémique,32,2026-S07,2026-02-09,3,Catégorielle,Hauts-de-France
Épidémies Hivernales,Grippe,Niveau d'alerte épidémique,52,2026-S07,2026-02-09,4,Catégorielle,Pays de la Loire
Épidémies Hivernales,Grippe,Niveau d'alerte épidémique,75,2026-S07,2026-02-09,4,Catégorielle,Nouvelle-Aquitaine
Épidémies Hivernales,Grippe,Niveau d'alerte épidémique,76,2026-S07,2026-02-09,3,Catégorielle,Occitanie
Épidémies Hivernales,Grippe,Niveau d'alerte épidémique,94,2026-S07,2026-02-09,3,Catégorielle,Corse
Épidémies Hivernales,Grippe,Niveau d'alerte épidémique,27,2026-S08,2026-02-16,4,Catégorielle,Bourgogne-Franche-Comté
Épidémies Hivernales,Grippe,Niveau d'alerte épidémique,53,2026-S08,2026-02-16,4,Catégorielle,Bretagne
Épidémies Hivernales,Grippe,Niveau d'alerte épidémique,76,2026-S08,2026-02-16,4,Catégorielle,Occitanie
Épidémies Hivernales,Grippe,Niveau d'alerte épidémique,01,2026-S09,2026-02-23,3,Catégorielle,Guadeloupe
Épidémies Hivernales,Grippe,Niveau d'alerte épidémique,06,2026-S09,2026-02-23,4,Catégorielle,Mayotte
Épidémies Hivernales,Grippe,Niveau d'alerte épidémique,11,2026-S09,2026-02-23,1,Catégorielle,Île-de-France
Épidémies Hivernales,Grippe,Niveau d'alerte épidémique,24,2026-S09,2026-02-23,1,Catégorielle,Centre-Val de Loire
Épidémies Hivernales,Grippe,Niveau d'alerte épidémique,27,2026-S09,2026-02-23,1,Catégorielle,Bourgogne-Franche-Comté
Épidémies Hivernales,Grippe,Niveau d'alerte épidémique,28,2026-S09,2026-02-23,1,Catégorielle,Normandie
Épidémies Hivernales,Grippe,Niveau d'alerte épidémique,32,2026-S09,2026-02-23,1,Catégorielle,Hauts-de-France
Épidémies Hivernales,Grippe,Niveau d'alerte épidémique,94,2026-S09,2026-02-23,4,Catégorielle,Corse
Épidémies Hivernales,Grippe,Niveau d'alerte épidémique,01,2026-S10,2026-03-02,3,Catégorielle,Guadeloupe
Épidémies Hivernales,Grippe,Niveau d'alerte épidémique,02,2026-S10,2026-03-02,3,Catégorielle,Martinique
Épidémies Hivernales,Grippe,Niveau d'alerte épidémique,03,2026-S10,2026-03-02,1,Catégorielle,Guyane
Épidémies Hivernales,Grippe,Niveau d'alerte épidémique,06,2026-S10,2026-03-02,4,Catégorielle,Mayotte
Épidémies Hivernales,Grippe,Niveau d'alerte épidémique,24,2026-S10,2026-03-02,1,Catégorielle,Centre-Val de Loire
Épidémies Hivernales,Grippe,Niveau d'alerte épidémique,32,2026-S10,2026-03-02,1,Catégorielle,Hauts-de-France
Épidémies Hivernales,Grippe,Niveau d'alerte épidémique,53,2026-S10,2026-03-02,1,Catégorielle,Bretagne
Épidémies Hivernales,Grippe,Niveau d'alerte épidémique,75,2026-S10,2026-03-02,1,Catégorielle,Nouvelle-Aquitaine
Épidémies Hivernales,Grippe,Niveau d'alerte épidémique,76,2026-S10,2026-03-02,1,Catégorielle,Occitanie
Épidémies Hivernales,Grippe,Niveau d'alerte épidémique,93,2026-S10,2026-03-02,1,Catégorielle,Provence-Alpes-Côte d'Azur
Épidémies Hivernales,Grippe,Niveau d'alerte épidémique,01,2026-S11,2026-03-09,3,Catégorielle,Guadeloupe
Épidémies Hivernales,Grippe,Niveau d'alerte épidémique,06,2026-S11,2026-03-09,3,Catégorielle,Mayotte
Épidémies Hivernales,Grippe,Niveau d'alerte épidémique,06,2026-S11,2026-03-09,4,Catégorielle,Mayotte
Épidémies Hivernales,Grippe,Niveau d'alerte épidémique,32,2026-S11,2026-03-09,1,Catégorielle,Hauts-de-France
Épidémies Hivernales,Grippe,Niveau d'alerte épidémique,44,2026-S11,2026-03-09,1,Catégorielle,Grand Est
Épidémies Hivernales,Grippe,Niveau d'alerte épidémique,52,2026-S11,2026-03-09,1,Catégorielle,Pays de la Loire
Épidémies Hivernales,Grippe,Niveau d'alerte épidémique,53,2026-S11,2026-03-09,1,Catégorielle,Bretagne
Épidémies Hivernales,Grippe,Niveau d'alerte épidémique,76,2026-S11,2026-03-09,1,Catégorielle,Occitanie
Épidémies Hivernales,Grippe,Niveau d'alerte épidémique,93,2026-S11,2026-03-09,1,Catégorielle,Provence-Alpes-Côte d'Azur
Épidémies Hivernales,Grippe,Niveau d'alerte épidémique,06,2026-S12,2026-03-16,4,Catégorielle,Mayotte
Épidémies Hivernales,Grippe,Niveau d'alerte épidémique,44,2026-S12,2026-03-16,1,Catégorielle,Grand Est
Épidémies Hivernales,Grippe,Niveau d'alerte épidémique,75,2026-S12,2026-03-16,1,Catégorielle,Nouvelle-Aquitaine
Épidémies Hivernales,Grippe,Niveau d'alerte épidémique,84,2026-S12,2026-03-16,1,Catégorielle,Auvergne-Rhône-Alpes
Épidémies Hivernales,Grippe,Niveau d'alerte épidémique,94,2026-S12,2026-03-16,1,Catégorielle,Corse
Épidémies Hivernales,Grippe,Niveau d'alerte épidémique,02,2026-S13,2026-03-23,3,Catégorielle,Martinique
Épidémies Hivernales,Grippe,Niveau d'alerte épidémique,06,2026-S13,2026-03-23,4,Catégorielle,Mayotte
Épidémies Hivernales,Grippe,Niveau d'alerte épidémique,28,2026-S13,2026-03-23,1,Catégorielle,Normandie
Épidémies Hivernales,Grippe,Niveau d'alerte épidémique,01,2026-S14,2026-03-30,1,Catégorielle,Guadeloupe
Épidémies Hivernales,Grippe,Niveau d'alerte épidémique,52,2026-S14,2026-03-30,1,Catégorielle,Pays de la Loire
Épidémies Hivernales,Grippe,Niveau d'alerte épidémique,76,2026-S14,2026-03-30,1,Catégorielle,Occitanie
Épidémies Hivernales,Grippe,Niveau d'alerte épidémique,01,2026-S15,2026-04-06,1,Catégorielle,Guadeloupe
Épidémies Hivernales,Grippe,Niveau d'alerte épidémique,03,2026-S15,2026-04-06,1,Catégorielle,Guyane
Épidémies Hivernales,Grippe,Niveau d'alerte épidémique,04,2026-S15,2026-04-06,1,Catégorielle,La Réunion
Épidémies Hivernales,Grippe,Niveau d'alerte épidémique,06,2026-S15,2026-04-06,1,Catégorielle,Mayotte
Épidémies Hivernales,Grippe,Niveau d'alerte épidémique,11,2026-S15,2026-04-06,1,Catégorielle,Île-de-France
Épidémies Hivernales,Grippe,Niveau d'alerte épidémique,27,2026-S15,2026-04-06,1,Catégorielle,Bourgogne-Franche-Comté
Épidémies Hivernales,Grippe,Niveau d'alerte épidémique,32,2026-S15,2026-04-06,1,Catégorielle,Hauts-de-France
Épidémies Hivernales,Grippe,Niveau d'alerte épidémique,44,2026-S15,2026-04-06,1,Catégorielle,Grand Est
Épidémies Hivernales,Grippe,Niveau d'alerte épidémique,06,2026-S16,2026-04-13,4,Catégorielle,Mayotte
Épidémies Hivernales,Grippe,Niveau d'alerte épidémique,28,2026-S16,2026-04-13,1,Catégorielle,Normandie
Épidémies Hivernales,Bronchiolite,Niveau d'alerte épidémique,03,2023-S37,2023-09-11,1,Catégorielle,Guyane
Épidémies Hivernales,Bronchiolite,Niveau d'alerte épidémique,04,2023-S37,2023-09-11,1,Catégorielle,La Réunion
Épidémies Hivernales,Bronchiolite,Niveau d'alerte épidémique,52,2023-S37,2023-09-11,1,Catégorielle,Pays de la Loire
Épidémies Hivernales,Bronchiolite,Niveau d'alerte épidémique,53,2023-S37,2023-09-11,1,Catégorielle,Bretagne
Épidémies Hivernales,Bronchiolite,Niveau d'alerte épidémique,02,2023-S38,2023-09-18,2,Catégorielle,Martinique
Épidémies Hivernales,Bronchiolite,Niveau d'alerte épidémique,07,2023-S38,2023-09-18,1,Catégorielle,
Épidémies Hivernales,Bronchiolite,Niveau d'alerte épidémique,24,2023-S38,2023-09-18,1,Catégorielle,Centre-Val de Loire
Épidémies Hivernales,Bronchiolite,Niveau d'alerte épidémique,27,2023-S38,2023-09-18,1,Catégorielle,Bourgogne-Franche-Comté
Épidémies Hivernales,Bronchiolite,Niveau d'alerte épidémique,32,2023-S38,2023-09-18,1,Catégorielle,Hauts-de-France
Épidémies Hivernales,Bronchiolite,Niveau d'alerte épidémique,52,2023-S38,2023-09-18,1,Catégorielle,Pays de la Loire
Épidémies Hivernales,Bronchiolite,Niveau d'alerte épidémique,53,2023-S38,2023-09-18,1,Catégorielle,Bretagne
Épidémies Hivernales,Bronchiolite,Niveau d'alerte épidémique,75,2023-S38,2023-09-18,1,Catégorielle,Nouvelle-Aquitaine
Épidémies Hivernales,Bronchiolite,Niveau d'alerte épidémique,93,2023-S38,2023-09-18,1,Catégorielle,Provence-Alpes-Côte d'Azur
Épidémies Hivernales,Bronchiolite,Niveau d'alerte épidémique,94,2023-S38,2023-09-18,1,Catégorielle,Corse
Épidémies Hivernales,Bronchiolite,Niveau d'alerte épidémique,02,2023-S39,2023-09-25,2,Catégorielle,Martinique
Épidémies Hivernales,Bronchiolite,Niveau d'alerte épidémique,11,2023-S39,2023-09-25,1,Catégorielle,Île-de-France
Épidémies Hivernales,Bronchiolite,Niveau d'alerte épidémique,27,2023-S39,2023-09-25,1,Catégorielle,Bourgogne-Franche-Comté
Épidémies Hivernales,Bronchiolite,Niveau d'alerte épidémique,32,2023-S39,2023-09-25,1,Catégorielle,Hauts-de-France
Épidémies Hivernales,Bronchiolite,Niveau d'alerte épidémique,52,2023-S39,2023-09-25,2,Catégorielle,Pays de la Loire
Épidémies Hivernales,Bronchiolite,Niveau d'alerte épidémique,53,2023-S39,2023-09-25,1,Catégorielle,Bretagne
Épidémies Hivernales,Bronchiolite,Niveau d'alerte épidémique,75,2023-S39,2023-09-25,2,Catégorielle,Nouvelle-Aquitaine
Épidémies Hivernales,Bronchiolite,Niveau d'alerte épidémique,76,2023-S39,2023-09-25,1,Catégorielle,Occitanie
Épidémies Hivernales,Bronchiolite,Niveau d'alerte épidémique,94,2023-S39,2023-09-25,1,Catégorielle,Corse
Épidémies Hivernales,Bronchiolite,Niveau d'alerte épidémique,02,2023-S40,2023-10-02,3,Catégorielle,Martinique
Épidémies Hivernales,Bronchiolite,Niveau d'alerte épidémique,04,2023-S40,2023-10-02,1,Catégorielle,La Réunion
Épidémies Hivernales,Bronchiolite,Niveau d'alerte épidémique,06,2023-S40,2023-10-02,1,Catégorielle,Mayotte
Épidémies Hivernales,Bronchiolite,Niveau d'alerte épidémique,07,2023-S40,2023-10-02,1,Catégorielle,
Épidémies Hivernales,Bronchiolite,Niveau d'alerte épidémique,11,2023-S40,2023-10-02,3,Catégorielle,Île-de-France
Épidémies Hivernales,Bronchiolite,Niveau d'alerte épidémique,52,2023-S40,2023-10-02,2,Catégorielle,Pays de la Loire
Épidémies Hivernales,Bronchiolite,Niveau d'alerte épidémique,53,2023-S40,2023-10-02,1,Catégorielle,Bretagne
Épidémies Hivernales,Bronchiolite,Niveau d'alerte épidémique,75,2023-S40,2023-10-02,2,Catégorielle,Nouvelle-Aquitaine
Épidémies Hivernales,Bronchiolite,Niveau d'alerte épidémique,93,2023-S40,2023-10-02,1,Catégorielle,Provence-Alpes-Côte d'Azur
Épidémies Hivernales,Bronchiolite,Niveau d'alerte épidémique,02,2023-S41,2023-10-09,3,Catégorielle,Martinique
Épidémies Hivernales,Bronchiolite,Niveau d'alerte épidémique,07,2023-S41,2023-10-09,1,Catégorielle,
Épidémies Hivernales,Bronchiolite,Niveau d'alerte épidémique,24,2023-S41,2023-10-09,2,Catégorielle,Centre-Val de Loire
Épidémies Hivernales,Bronchiolite,Niveau d'alerte épidémique,27,2023-S41,2023-10-09,1,Catégorielle,Bourgogne-Franche-Comté
Épidémies Hivernales,Bronchiolite,Niveau d'alerte épidémique,32,2023-S41,2023-10-09,1,Catégorielle,Hauts-de-France
Épidémies Hivernales,Bronchiolite,Niveau d'alerte épidémique,53,2023-S41,2023-10-09,3,Catégorielle,Bretagne
Épidémies Hivernales,Bronchiolite,Niveau d'alerte épidémique,84,2023-S41,2023-10-09,1,Catégorielle,Auvergne-Rhône-Alpes
Épidémies Hivernales,Bronchiolite,Niveau d'alerte épidémique,27,2023-S42,2023-10-16,1,Catégorielle,Bourgogne-Franche-Comté
Épidémies Hivernales,Bronchiolite,Niveau d'alerte épidémique,84,2023-S42,2023-10-16,1,Catégorielle,Auvergne-Rhône-Alpes
Épidémies Hivernales,Bronchiolite,Niveau d'alerte épidémique,01,2023-S43,2023-10-23,3,Catégorielle,Guadeloupe
Épidémies Hivernales,Bronchiolite,Niveau d'alerte épidémique,08,2023-S43,2023-10-23,1,Catégorielle,
Épidémies Hivernales,Bronchiolite,Niveau d'alerte épidémique,24,2023-S43,2023-10-23,3,Catégorielle,Centre-Val de Loire
Épidémies Hivernales,Bronchiolite,Niveau d'alerte épidémique,28,2023-S43,2023-10-23,3,Catégorielle,Normandie
Épidémies Hivernales,Bronchiolite,Niveau d'alerte épidémique,32,2023-S43,2023-10-23,2,Catégorielle,Hauts-de-France
Épidémies Hivernales,Bronchiolite,Niveau d'alerte épidémique,84,2023-S43,2023-10-23,2,Catégorielle,Auvergne-Rhône-Alpes
Épidémies Hivernales,Bronchiolite,Niveau d'alerte épidémique,94,2023-S43,2023-10-23,1,Catégorielle,Corse
Épidémies Hivernales,Bronchiolite,Niveau d'alerte épidémique,02,2023-S44,2023-10-30,3,Catégorielle,Martinique
Épidémies Hivernales,Bronchiolite,Niveau d'alerte épidémique,07,2023-S44,2023-10-30,1,Catégorielle,
Épidémies Hivernales,Bronchiolite,Niveau d'alerte épidémique,08,2023-S44,2023-10-30,1,Catégorielle,
Épidémies Hivernales,Bronchiolite,Niveau d'alerte épidémique,24,2023-S44,2023-10-30,3,Catégorielle,Centre-Val de Loire
Épidémies Hivernales,Bronchiolite,Niveau d'alerte épidémique,28,2023-S44,2023-10-30,3,Catégorielle,Normandie
Épidémies Hivernales,Bronchiolite,Niveau d'alerte épidémique,32,2023-S44,2023-10-30,3,Catégorielle,Hauts-de-France
Épidémies Hivernales,Bronchiolite,Niveau d'alerte épidémique,44,2023-S44,2023-10-30,3,Catégorielle,Grand Est
Épidémies Hivernales,Bronchiolite,Niveau d'alerte épidémique,75,2023-S44,2023-10-30,3,Catégorielle,Nouvelle-Aquitaine
Épidémies Hivernales,Bronchiolite,Niveau d'alerte épidémique,93,2023-S44,2023-10-30,2,Catégorielle,Provence-Alpes-Côte d'Azur
Épidémies Hivernales,Bronchiolite,Niveau d'alerte épidémique,03,2023-S45,2023-11-06,3,Catégorielle,Guyane
Épidémies Hivernales,Bronchiolite,Niveau d'alerte épidémique,11,2023-S45,2023-11-06,3,Catégorielle,Île-de-France
Épidémies Hivernales,Bronchiolite,Niveau d'alerte épidémique,28,2023-S45,2023-11-06,3,Catégorielle,Normandie
Épidémies Hivernales,Bronchiolite,Niveau d'alerte épidémique,84,2023-S45,2023-11-06,2,Catégorielle,Auvergne-Rhône-Alpes
Épidémies Hivernales,Bronchiolite,Niveau d'alerte épidémique,06,2023-S46,2023-11-13,1,Catégorielle,Mayotte
Épidémies Hivernales,Bronchiolite,Niveau d'alerte épidémique,07,2023-S46,2023-11-13,1,Catégorielle,
Épidémies Hivernales,Bronchiolite,Niveau d'alerte épidémique,11,2023-S46,2023-11-13,3,Catégorielle,Île-de-France
Épidémies Hivernales,Bronchiolite,Niveau d'alerte épidémique,27,2023-S46,2023-11-13,3,Catégorielle,Bourgogne-Franche-Comté
Épidémies Hivernales,Bronchiolite,Niveau d'alerte épidémique,53,2023-S46,2023-11-13,3,Catégorielle,Bretagne
Épidémies Hivernales,Bronchiolite,Niveau d'alerte épidémique,02,2023-S47,2023-11-20,3,Catégorielle,Martinique
Épidémies Hivernales,Bronchiolite,Niveau d'alerte épidémique,08,2023-S47,2023-11-20,1,Catégorielle,
Épidémies Hivernales,Bronchiolite,Niveau d'alerte épidémique,11,2023-S47,2023-11-20,3,Catégorielle,Île-de-France
Épidémies Hivernales,Bronchiolite,Niveau d'alerte épidémique,32,2023-S47,2023-11-20,3,Catégorielle,Hauts-de-France
Épidémies Hivernales,Bronchiolite,Niveau d'alerte épidémique,76,2023-S47,2023-11-20,3,Catégorielle,Occitanie
Épidémies Hivernales,Bronchiolite,Niveau d'alerte épidémique,04,2023-S48,2023-11-27,1,Catégorielle,La Réunion
Épidémies Hivernales,Bronchiolite,Niveau d'alerte épidémique,06,2023-S48,2023-11-27,1,Catégorielle,Mayotte
Épidémies Hivernales,Bronchiolite,Niveau d'alerte épidémique,08,2023-S48,2023-11-27,1,Catégorielle,
Épidémies Hivernales,Bronchiolite,Niveau d'alerte épidémique,44,2023-S48,2023-11-27,3,Catégorielle,Grand Est
Épidémies Hivernales,Bronchiolite,Niveau d'alerte épidémique,75,2023-S48,2023-11-27,3,Catégorielle,Nouvelle-Aquitaine
Épidémies Hivernales,Bronchiolite,Niveau d'alerte épidémique,04,2023-S49,2023-12-04,1,Catégorielle,La Réunion
Épidémies Hivernales,Bronchiolite,Niveau d'alerte épidémique,06,2023-S49,2023-12-04,1,Catégorielle,Mayotte
Épidémies Hivernales,Bronchiolite,Niveau d'alerte épidémique,27,2023-S49,2023-12-04,3,Catégorielle,Bourgogne-Franche-Comté
Épidémies Hivernales,Bronchiolite,Niveau d'alerte épidémique,32,2023-S49,2023-12-04,3,Catégorielle,Hauts-de-France
Épidémies Hivernales,Bronchiolite,Niveau d'alerte épidémique,44,2023-S49,2023-12-04,3,Catégorielle,Grand Est
Épidémies Hivernales,Bronchiolite,Niveau d'alerte épidémique,53,2023-S49,2023-12-04,3,Catégorielle,Bretagne
Épidémies Hivernales,Bronchiolite,Niveau d'alerte épidémique,93,2023-S49,2023-12-04,3,Catégorielle,Provence-Alpes-Côte d'Azur
Épidémies Hivernales,Bronchiolite,Niveau d'alerte épidémique,94,2023-S49,2023-12-04,3,Catégorielle,Corse
Épidémies Hivernales,Bronchiolite,Niveau d'alerte épidémique,01,2023-S50,2023-12-11,3,Catégorielle,Guadeloupe
Épidémies Hivernales,Bronchiolite,Niveau d'alerte épidémique,03,2023-S50,2023-12-11,3,Catégorielle,Guyane
Épidémies Hivernales,Bronchiolite,Niveau d'alerte épidémique,04,2023-S50,2023-12-11,1,Catégorielle,La Réunion
Épidémies Hivernales,Bronchiolite,Niveau d'alerte épidémique,07,2023-S50,2023-12-11,1,Catégorielle,
Épidémies Hivernales,Bronchiolite,Niveau d'alerte épidémique,11,2023-S50,2023-12-11,3,Catégorielle,Île-de-France
Épidémies Hivernales,Bronchiolite,Niveau d'alerte épidémique,27,2023-S50,2023-12-11,3,Catégorielle,Bourgogne-Franche-Comté
Épidémies Hivernales,Bronchiolite,Niveau d'alerte épidémique,32,2023-S50,2023-12-11,3,Catégorielle,Hauts-de-France
Épidémies Hivernales,Bronchiolite,Niveau d'alerte épidémique,76,2023-S50,2023-12-11,3,Catégorielle,Occitanie
Épidémies Hivernales,Bronchiolite,Niveau d'alerte épidémique,93,2023-S50,2023-12-11,3,Catégorielle,Provence-Alpes-Côte d'Azur
Épidémies Hivernales,Bronchiolite,Niveau d'alerte épidémique,01,2023-S51,2023-12-18,3,Catégorielle,Guadeloupe
Épidémies Hivernales,Bronchiolite,Niveau d'alerte épidémique,06,2023-S51,2023-12-18,3,Catégorielle,Mayotte
Épidémies Hivernales,Bronchiolite,Niveau d'alerte épidémique,27,2023-S51,2023-12-18,3,Catégorielle,Bourgogne-Franche-Comté
Épidémies Hivernales,Bronchiolite,Niveau d'alerte épidémique,28,2023-S51,2023-12-18,3,Catégorielle,Normandie
Épidémies Hivernales,Bronchiolite,Niveau d'alerte épidémique,32,2023-S51,2023-12-18,3,Catégorielle,Hauts-de-France
Épidémies Hivernales,Bronchiolite,Niveau d'alerte épidémique,84,2023-S51,2023-12-18,3,Catégorielle,Auvergne-Rhône-Alpes
Épidémies Hivernales,Bronchiolite,Niveau d'alerte épidémique,02,2023-S52,2023-12-25,3,Catégorielle,Martinique
Épidémies Hivernales,Bronchiolite,Niveau d'alerte épidémique,03,2023-S52,2023-12-25,3,Catégorielle,Guyane
Épidémies Hivernales,Bronchiolite,Niveau d'alerte épidémique,07,2023-S52,2023-12-25,1,Catégorielle,
Épidémies Hivernales,Bronchiolite,Niveau d'alerte épidémique,08,2023-S52,2023-12-25,1,Catégorielle,
Épidémies Hivernales,Bronchiolite,Niveau d'alerte épidémique,27,2023-S52,2023-12-25,3,Catégorielle,Bourgogne-Franche-Comté
Épidémies Hivernales,Bronchiolite,Niveau d'alerte épidémique,76,2023-S52,2023-12-25,3,Catégorielle,Occitanie
Épidémies Hivernales,Bronchiolite,Niveau d'alerte épidémique,01,2024-S01,2024-01-01,3,Catégorielle,Guadeloupe
Épidémies Hivernales,Bronchiolite,Niveau d'alerte épidémique,27,2024-S01,2024-01-01,3,Catégorielle,Bourgogne-Franche-Comté
Épidémies Hivernales,Bronchiolite,Niveau d'alerte épidémique,53,2024-S01,2024-01-01,4,Catégorielle,Bretagne
Épidémies Hivernales,Bronchiolite,Niveau d'alerte épidémique,93,2024-S01,2024-01-01,3,Catégorielle,Provence-Alpes-Côte d'Azur
Épidémies Hivernales,Bronchiolite,Niveau d'alerte épidémique,94,2024-S01,2024-01-01,3,Catégorielle,Corse
Épidémies Hivernales,Bronchiolite,Niveau d'alerte épidémique,01,2024-S02,2024-01-08,3,Catégorielle,Guadeloupe
Épidémies Hivernales,Bronchiolite,Niveau d'alerte épidémique,08,2024-S02,2024-01-08,3,Catégorielle,
Épidémies Hivernales,Bronchiolite,Niveau d'alerte épidémique,11,2024-S02,2024-01-08,1,Catégorielle,Île-de-France
Épidémies Hivernales,Bronchiolite,Niveau d'alerte épidémique,28,2024-S02,2024-01-08,4,Catégorielle,Normandie
Épidémies Hivernales,Bronchiolite,Niveau d'alerte épidémique,53,2024-S02,2024-01-08,1,Catégorielle,Bretagne
Épidémies Hivernales,Bronchiolite,Niveau d'alerte épidémique,93,2024-S02,2024-01-08,3,Catégorielle,Provence-Alpes-Côte d'Azur
Épidémies Hivernales,Bronchiolite,Niveau d'alerte épidémique,06,2024-S03,2024-01-15,3,Catégorielle,Mayotte
Épidémies Hivernales,Bronchiolite,Niveau d'alerte épidémique,28,2024-S03,2024-01-15,1,Catégorielle,Normandie
Épidémies Hivernales,Bronchiolite,Niveau d'alerte épidémique,44,2024-S03,2024-01-15,1,Catégorielle,Grand Est
Épidémies Hivernales,Bronchiolite,Niveau d'alerte épidémique,53,2024-S03,2024-01-15,1,Catégorielle,Bretagne
Épidémies Hivernales,Bronchiolite,Niveau d'alerte épidémique,75,2024-S03,2024-01-15,4,Catégorielle,Nouvelle-Aquitaine
Épidémies Hivernales,Bronchiolite,Niveau d'alerte épidémique,01,2024-S04,2024-01-22,3,Catégorielle,Guadeloupe
Épidémies Hivernales,Bronchiolite,Niveau d'alerte épidémique,24,2024-S04,2024-01-22,4,Catégorielle,Centre-Val de Loire
Épidémies Hivernales,Bronchiolite,Niveau d'alerte épidémique,28,2024-S04,2024-01-22,1,Catégorielle,Normandie
Épidémies Hivernales,Bronchiolite,Niveau d'alerte épidémique,75,2024-S04,2024-01-22,4,Catégorielle,Nouvelle-Aquitaine
Épidémies Hivernales,Bronchiolite,Niveau d'alerte épidémique,76,2024-S04,2024-01-22,4,Catégorielle,Occitanie
Épidémies Hivernales,Bronchiolite,Niveau d'alerte épidémique,93,2024-S04,2024-01-22,4,Catégorielle,Provence-Alpes-Côte d'Azur
Épidémies Hivernales,Bronchiolite,Niveau d'alerte épidémique,27,2024-S05,2024-01-29,4,Catégorielle,Bourgogne-Franche-Comté
Épidémies Hivernales,Bronchiolite,Niveau d'alerte épidémique,52,2024-S05,2024-01-29,1,Catégorielle,Pays de la Loire
Épidémies Hivernales,Bronchiolite,Niveau d'alerte épidémique,04,2024-S06,2024-02-05,4,Catégorielle,La Réunion
Épidémies Hivernales,Bronchiolite,Niveau d'alerte épidémique,52,2024-S06,2024-02-05,1,Catégorielle,Pays de la Loire
Épidémies Hivernales,Bronchiolite,Niveau d'alerte épidémique,53,2024-S06,2024-02-05,1,Catégorielle,Bretagne
Épidémies Hivernales,Bronchiolite,Niveau d'alerte épidémique,75,2024-S06,2024-02-05,1,Catégorielle,Nouvelle-Aquitaine
Épidémies Hivernales,Bronchiolite,Niveau d'alerte épidémique,76,2024-S06,2024-02-05,1,Catégorielle,Occitanie
Épidémies Hivernales,Bronchiolite,Niveau d'alerte épidémique,93,2024-S06,2024-02-05,1,Catégorielle,Provence-Alpes-Côte d'Azur
Épidémies Hivernales,Bronchiolite,Niveau d'alerte épidémique,02,2024-S07,2024-02-12,1,Catégorielle,Martinique
Épidémies Hivernales,Bronchiolite,Niveau d'alerte épidémique,03,2024-S07,2024-02-12,1,Catégorielle,Guyane
Épidémies Hivernales,Bronchiolite,Niveau d'alerte épidémique,04,2024-S07,2024-02-12,1,Catégorielle,La Réunion
Épidémies Hivernales,Bronchiolite,Niveau d'alerte épidémique,06,2024-S07,2024-02-12,3,Catégorielle,Mayotte
Épidémies Hivernales,Bronchiolite,Niveau d'alerte épidémique,07,2024-S07,2024-02-12,1,Catégorielle,
Épidémies Hivernales,Bronchiolite,Niveau d'alerte épidémique,52,2024-S07,2024-02-12,1,Catégorielle,Pays de la Loire
Épidémies Hivernales,Bronchiolite,Niveau d'alerte épidémique,53,2024-S07,2024-02-12,1,Catégorielle,Bretagne
Épidémies Hivernales,Bronchiolite,Niveau d'alerte épidémique,75,2024-S07,2024-02-12,1,Catégorielle,Nouvelle-Aquitaine
Épidémies Hivernales,Bronchiolite,Niveau d'alerte épidémique,76,2024-S07,2024-02-12,1,Catégorielle,Occitanie
Épidémies Hivernales,Bronchiolite,Niveau d'alerte épidémique,84,2024-S07,2024-02-12,1,Catégorielle,Auvergne-Rhône-Alpes
Épidémies Hivernales,Bronchiolite,Niveau d'alerte épidémique,93,2024-S07,2024-02-12,1,Catégorielle,Provence-Alpes-Côte d'Azur
Épidémies Hivernales,Bronchiolite,Niveau d'alerte épidémique,02,2024-S08,2024-02-19,1,Catégorielle,Martinique
Épidémies Hivernales,Bronchiolite,Niveau d'alerte épidémique,03,2024-S08,2024-02-19,1,Catégorielle,Guyane
Épidémies Hivernales,Bronchiolite,Niveau d'alerte épidémique,06,2024-S08,2024-02-19,3,Catégorielle,Mayotte
Épidémies Hivernales,Bronchiolite,Niveau d'alerte épidémique,07,2024-S08,2024-02-19,1,Catégorielle,
Épidémies Hivernales,Bronchiolite,Niveau d'alerte épidémique,08,2024-S08,2024-02-19,1,Catégorielle,
Épidémies Hivernales,Bronchiolite,Niveau d'alerte épidémique,11,2024-S08,2024-02-19,1,Catégorielle,Île-de-France
Épidémies Hivernales,Bronchiolite,Niveau d'alerte épidémique,32,2024-S08,2024-02-19,1,Catégorielle,Hauts-de-France
Épidémies Hivernales,Bronchiolite,Niveau d'alerte épidémique,44,2024-S08,2024-02-19,1,Catégorielle,Grand Est
Épidémies Hivernales,Bronchiolite,Niveau d'alerte épidémique,53,2024-S08,2024-02-19,1,Catégorielle,Bretagne
Épidémies Hivernales,Bronchiolite,Niveau d'alerte épidémique,76,2024-S08,2024-02-19,1,Catégorielle,Occitanie
Épidémies Hivernales,Bronchiolite,Niveau d'alerte épidémique,52,2024-S09,2024-02-26,1,Catégorielle,Pays de la Loire
Épidémies Hivernales,Bronchiolite,Niveau d'alerte épidémique,84,2024-S09,2024-02-26,1,Catégorielle,Auvergne-Rhône-Alpes
Épidémies Hivernales,Bronchiolite,Niveau d'alerte épidémique,03,2024-S10,2024-03-04,1,Catégorielle,Guyane
Épidémies Hivernales,Bronchiolite,Niveau d'alerte épidémique,07,2024-S10,2024-03-04,1,Catégorielle,
Épidémies Hivernales,Bronchiolite,Niveau d'alerte épidémique,53,2024-S10,2024-03-04,1,Catégorielle,Bretagne
Épidémies Hivernales,Bronchiolite,Niveau d'alerte épidémique,01,2024-S11,2024-03-11,1,Catégorielle,Guadeloupe
Épidémies Hivernales,Bronchiolite,Niveau d'alerte épidémique,04,2024-S11,2024-03-11,1,Catégorielle,La Réunion
Épidémies Hivernales,Bronchiolite,Niveau d'alerte épidémique,11,2024-S11,2024-03-11,1,Catégorielle,Île-de-France
Épidémies Hivernales,Bronchiolite,Niveau d'alerte épidémique,24,2024-S11,2024-03-11,1,Catégorielle,Centre-Val de Loire
Épidémies Hivernales,Bronchiolite,Niveau d'alerte épidémique,01,2024-S12,2024-03-18,1,Catégorielle,Guadeloupe
Épidémies Hivernales,Bronchiolite,Niveau d'alerte épidémique,03,2024-S12,2024-03-18,1,Catégorielle,Guyane
Épidémies Hivernales,Bronchiolite,Niveau d'alerte épidémique,04,2024-S12,2024-03-18,1,Catégorielle,La Réunion
Épidémies Hivernales,Bronchiolite,Niveau d'alerte épidémique,07,2024-S12,2024-03-18,1,Catégorielle,
Épidémies Hivernales,Bronchiolite,Niveau d'alerte épidémique,24,2024-S12,2024-03-18,1,Catégorielle,Centre-Val de Loire
Épidémies Hivernales,Bronchiolite,Niveau d'alerte épidémique,28,2024-S12,2024-03-18,1,Catégorielle,Normandie
Épidémies Hivernales,Bronchiolite,Niveau d'alerte épidémique,44,2024-S12,2024-03-18,4,Catégorielle,Grand Est
Épidémies Hivernales,Bronchiolite,Niveau d'alerte épidémique,44,2024-S12,2024-03-18,1,Catégorielle,Grand Est
Épidémies Hivernales,Bronchiolite,Niveau d'alerte épidémique,52,2024-S12,2024-03-18,1,Catégorielle,Pays de la Loire
Épidémies Hivernales,Bronchiolite,Niveau d'alerte épidémique,53,2024-S12,2024-03-18,1,Catégorielle,Bretagne
Épidémies Hivernales,Bronchiolite,Niveau d'alerte épidémique,84,2024-S12,2024-03-18,1,Catégorielle,Auvergne-Rhône-Alpes
Épidémies Hivernales,Bronchiolite,Niveau d'alerte épidémique,93,2024-S12,2024-03-18,1,Catégorielle,Provence-Alpes-Côte d'Azur
Épidémies Hivernales,Bronchiolite,Niveau d'alerte épidémique,94,2024-S12,2024-03-18,1,Catégorielle,Corse
Épidémies Hivernales,Bronchiolite,Niveau d'alerte épidémique,03,2024-S13,2024-03-25,1,Catégorielle,Guyane
Épidémies Hivernales,Bronchiolite,Niveau d'alerte épidémique,04,2024-S13,2024-03-25,1,Catégorielle,La Réunion
Épidémies Hivernales,Bronchiolite,Niveau d'alerte épidémique,07,2024-S13,2024-03-25,1,Catégorielle,
Épidémies Hivernales,Bronchiolite,Niveau d'alerte épidémique,08,2024-S13,2024-03-25,1,Catégorielle,
Épidémies Hivernales,Bronchiolite,Niveau d'alerte épidémique,11,2024-S13,2024-03-25,1,Catégorielle,Île-de-France
Épidémies Hivernales,Bronchiolite,Niveau d'alerte épidémique,75,2024-S13,2024-03-25,1,Catégorielle,Nouvelle-Aquitaine
Épidémies Hivernales,Bronchiolite,Niveau d'alerte épidémique,76,2024-S13,2024-03-25,1,Catégorielle,Occitanie
Épidémies Hivernales,Bronchiolite,Niveau d'alerte épidémique,93,2024-S13,2024-03-25,1,Catégorielle,Provence-Alpes-Côte d'Azur
Épidémies Hivernales,Bronchiolite,Niveau d'alerte épidémique,94,2024-S13,2024-03-25,1,Catégorielle,Corse
Épidémies Hivernales,Bronchiolite,Niveau d'alerte épidémique,01,2024-S14,2024-04-01,1,Catégorielle,Guadeloupe
Épidémies Hivernales,Bronchiolite,Niveau d'alerte épidémique,02,2024-S14,2024-04-01,1,Catégorielle,Martinique
Épidémies Hivernales,Bronchiolite,Niveau d'alerte épidémique,04,2024-S14,2024-04-01,1,Catégorielle,La Réunion
Épidémies Hivernales,Bronchiolite,Niveau d'alerte épidémique,01,2024-S15,2024-04-08,1,Catégorielle,Guadeloupe
Épidémies Hivernales,Bronchiolite,Niveau d'alerte épidémique,02,2024-S15,2024-04-08,1,Catégorielle,Martinique
Épidémies Hivernales,Bronchiolite,Niveau d'alerte épidémique,08,2024-S15,2024-04-08,1,Catégorielle,
Épidémies Hivernales,Bronchiolite,Niveau d'alerte épidémique,27,2024-S15,2024-04-08,1,Catégorielle,Bourgogne-Franche-Comté
Épidémies Hivernales,Bronchiolite,Niveau d'alerte épidémique,44,2024-S15,2024-04-08,1,Catégorielle,Grand Est
Épidémies Hivernales,Bronchiolite,Niveau d'alerte épidémique,52,2024-S15,2024-04-08,1,Catégorielle,Pays de la Loire
Épidémies Hivernales,Bronchiolite,Niveau d'alerte épidémique,84,2024-S15,2024-04-08,1,Catégorielle,Auvergne-Rhône-Alpes
Épidémies Hivernales,Bronchiolite,Niveau d'alerte épidémique,94,2024-S15,2024-04-08,1,Catégorielle,Corse
Épidémies Hivernales,Bronchiolite,Niveau d'alerte épidémique,02,2024-S41,2024-10-07,1,Catégorielle,Martinique
Épidémies Hivernales,Bronchiolite,Niveau d'alerte épidémique,04,2024-S41,2024-10-07,1,Catégorielle,La Réunion
Épidémies Hivernales,Bronchiolite,Niveau d'alerte épidémique,08,2024-S41,2024-10-07,1,Catégorielle,
Épidémies Hivernales,Bronchiolite,Niveau d'alerte épidémique,52,2024-S41,2024-10-07,1,Catégorielle,Pays de la Loire
Épidémies Hivernales,Bronchiolite,Niveau d'alerte épidémique,53,2024-S41,2024-10-07,1,Catégorielle,Bretagne
Épidémies Hivernales,Bronchiolite,Niveau d'alerte épidémique,76,2024-S41,2024-10-07,1,Catégorielle,Occitanie
Épidémies Hivernales,Bronchiolite,Niveau d'alerte épidémique,94,2024-S41,2024-10-07,1,Catégorielle,Corse
Épidémies Hivernales,Bronchiolite,Niveau d'alerte épidémique,04,2024-S42,2024-10-14,1,Catégorielle,La Réunion
Épidémies Hivernales,Bronchiolite,Niveau d'alerte épidémique,06,2024-S42,2024-10-14,1,Catégorielle,Mayotte
Épidémies Hivernales,Bronchiolite,Niveau d'alerte épidémique,11,2024-S42,2024-10-14,2,Catégorielle,Île-de-France
Épidémies Hivernales,Bronchiolite,Niveau d'alerte épidémique,32,2024-S42,2024-10-14,1,Catégorielle,Hauts-de-France
Épidémies Hivernales,Bronchiolite,Niveau d'alerte épidémique,44,2024-S42,2024-10-14,1,Catégorielle,Grand Est
Épidémies Hivernales,Bronchiolite,Niveau d'alerte épidémique,76,2024-S42,2024-10-14,1,Catégorielle,Occitanie
Épidémies Hivernales,Bronchiolite,Niveau d'alerte épidémique,84,2024-S42,2024-10-14,1,Catégorielle,Auvergne-Rhône-Alpes
Épidémies Hivernales,Bronchiolite,Niveau d'alerte épidémique,02,2024-S43,2024-10-21,3,Catégorielle,Martinique
Épidémies Hivernales,Bronchiolite,Niveau d'alerte épidémique,04,2024-S43,2024-10-21,1,Catégorielle,La Réunion
Épidémies Hivernales,Bronchiolite,Niveau d'alerte épidémique,06,2024-S43,2024-10-21,1,Catégorielle,Mayotte
Épidémies Hivernales,Bronchiolite,Niveau d'alerte épidémique,44,2024-S43,2024-10-21,1,Catégorielle,Grand Est
Épidémies Hivernales,Bronchiolite,Niveau d'alerte épidémique,94,2024-S43,2024-10-21,1,Catégorielle,Corse
Épidémies Hivernales,Bronchiolite,Niveau d'alerte épidémique,01,2024-S44,2024-10-28,3,Catégorielle,Guadeloupe
Épidémies Hivernales,Bronchiolite,Niveau d'alerte épidémique,04,2024-S44,2024-10-28,1,Catégorielle,La Réunion
Épidémies Hivernales,Bronchiolite,Niveau d'alerte épidémique,11,2024-S44,2024-10-28,3,Catégorielle,Île-de-France
Épidémies Hivernales,Bronchiolite,Niveau d'alerte épidémique,27,2024-S44,2024-10-28,1,Catégorielle,Bourgogne-Franche-Comté
Épidémies Hivernales,Bronchiolite,Niveau d'alerte épidémique,44,2024-S44,2024-10-28,1,Catégorielle,Grand Est
Épidémies Hivernales,Bronchiolite,Niveau d'alerte épidémique,52,2024-S44,2024-10-28,1,Catégorielle,Pays de la Loire
Épidémies Hivernales,Bronchiolite,Niveau d'alerte épidémique,75,2024-S44,2024-10-28,1,Catégorielle,Nouvelle-Aquitaine
Épidémies Hivernales,Bronchiolite,Niveau d'alerte épidémique,94,2024-S44,2024-10-28,1,Catégorielle,Corse
Épidémies Hivernales,Bronchiolite,Niveau d'alerte épidémique,03,2024-S45,2024-11-04,3,Catégorielle,Guyane
Épidémies Hivernales,Bronchiolite,Niveau d'alerte épidémique,06,2024-S45,2024-11-04,1,Catégorielle,Mayotte
Épidémies Hivernales,Bronchiolite,Niveau d'alerte épidémique,24,2024-S45,2024-11-04,1,Catégorielle,Centre-Val de Loire
Épidémies Hivernales,Bronchiolite,Niveau d'alerte épidémique,27,2024-S45,2024-11-04,1,Catégorielle,Bourgogne-Franche-Comté
Épidémies Hivernales,Bronchiolite,Niveau d'alerte épidémique,28,2024-S45,2024-11-04,2,Catégorielle,Normandie
Épidémies Hivernales,Bronchiolite,Niveau d'alerte épidémique,53,2024-S45,2024-11-04,2,Catégorielle,Bretagne
Épidémies Hivernales,Bronchiolite,Niveau d'alerte épidémique,76,2024-S45,2024-11-04,1,Catégorielle,Occitanie
Épidémies Hivernales,Bronchiolite,Niveau d'alerte épidémique,06,2024-S46,2024-11-11,1,Catégorielle,Mayotte
Épidémies Hivernales,Bronchiolite,Niveau d'alerte épidémique,07,2024-S46,2024-11-11,1,Catégorielle,
Épidémies Hivernales,Bronchiolite,Niveau d'alerte épidémique,08,2024-S46,2024-11-11,1,Catégorielle,
Épidémies Hivernales,Bronchiolite,Niveau d'alerte épidémique,24,2024-S46,2024-11-11,2,Catégorielle,Centre-Val de Loire
Épidémies Hivernales,Bronchiolite,Niveau d'alerte épidémique,27,2024-S46,2024-11-11,1,Catégorielle,Bourgogne-Franche-Comté
Épidémies Hivernales,Bronchiolite,Niveau d'alerte épidémique,32,2024-S46,2024-11-11,3,Catégorielle,Hauts-de-France
Épidémies Hivernales,Bronchiolite,Niveau d'alerte épidémique,44,2024-S46,2024-11-11,2,Catégorielle,Grand Est
Épidémies Hivernales,Bronchiolite,Niveau d'alerte épidémique,84,2024-S46,2024-11-11,2,Catégorielle,Auvergne-Rhône-Alpes
Épidémies Hivernales,Bronchiolite,Niveau d'alerte épidémique,04,2024-S47,2024-11-18,1,Catégorielle,La Réunion
Épidémies Hivernales,Bronchiolite,Niveau d'alerte épidémique,07,2024-S47,2024-11-18,1,Catégorielle,
Épidémies Hivernales,Bronchiolite,Niveau d'alerte épidémique,24,2024-S47,2024-11-18,3,Catégorielle,Centre-Val de Loire
Épidémies Hivernales,Bronchiolite,Niveau d'alerte épidémique,27,2024-S47,2024-11-18,2,Catégorielle,Bourgogne-Franche-Comté
Épidémies Hivernales,Bronchiolite,Niveau d'alerte épidémique,28,2024-S47,2024-11-18,2,Catégorielle,Normandie
Épidémies Hivernales,Bronchiolite,Niveau d'alerte épidémique,52,2024-S47,2024-11-18,2,Catégorielle,Pays de la Loire
Épidémies Hivernales,Bronchiolite,Niveau d'alerte épidémique,84,2024-S47,2024-11-18,3,Catégorielle,Auvergne-Rhône-Alpes
Épidémies Hivernales,Bronchiolite,Niveau d'alerte épidémique,93,2024-S47,2024-11-18,3,Catégorielle,Provence-Alpes-Côte d'Azur
Épidémies Hivernales,Bronchiolite,Niveau d'alerte épidémique,02,2024-S48,2024-11-25,3,Catégorielle,Martinique
Épidémies Hivernales,Bronchiolite,Niveau d'alerte épidémique,06,2024-S48,2024-11-25,2,Catégorielle,Mayotte
Épidémies Hivernales,Bronchiolite,Niveau d'alerte épidémique,07,2024-S48,2024-11-25,1,Catégorielle,
Épidémies Hivernales,Bronchiolite,Niveau d'alerte épidémique,11,2024-S48,2024-11-25,3,Catégorielle,Île-de-France
Épidémies Hivernales,Bronchiolite,Niveau d'alerte épidémique,28,2024-S48,2024-11-25,3,Catégorielle,Normandie
Épidémies Hivernales,Bronchiolite,Niveau d'alerte épidémique,32,2024-S48,2024-11-25,3,Catégorielle,Hauts-de-France
Épidémies Hivernales,Bronchiolite,Niveau d'alerte épidémique,44,2024-S48,2024-11-25,3,Catégorielle,Grand Est
Épidémies Hivernales,Bronchiolite,Niveau d'alerte épidémique,06,2024-S49,2024-12-02,3,Catégorielle,Mayotte
Épidémies Hivernales,Bronchiolite,Niveau d'alerte épidémique,07,2024-S49,2024-12-02,1,Catégorielle,
Épidémies Hivernales,Bronchiolite,Niveau d'alerte épidémique,24,2024-S49,2024-12-02,3,Catégorielle,Centre-Val de Loire
Épidémies Hivernales,Bronchiolite,Niveau d'alerte épidémique,27,2024-S49,2024-12-02,3,Catégorielle,Bourgogne-Franche-Comté
Épidémies Hivernales,Bronchiolite,Niveau d'alerte épidémique,53,2024-S49,2024-12-02,3,Catégorielle,Bretagne
Épidémies Hivernales,Bronchiolite,Niveau d'alerte épidémique,84,2024-S49,2024-12-02,3,Catégorielle,Auvergne-Rhône-Alpes
Épidémies Hivernales,Bronchiolite,Niveau d'alerte épidémique,94,2024-S49,2024-12-02,1,Catégorielle,Corse
Épidémies Hivernales,Bronchiolite,Niveau d'alerte épidémique,03,2024-S50,2024-12-09,3,Catégorielle,Guyane
Épidémies Hivernales,Bronchiolite,Niveau d'alerte épidémique,06,2024-S50,2024-12-09,3,Catégorielle,Mayotte
Épidémies Hivernales,Bronchiolite,Niveau d'alerte épidémique,07,2024-S50,2024-12-09,1,Catégorielle,
Épidémies Hivernales,Bronchiolite,Niveau d'alerte épidémique,24,2024-S50,2024-12-09,3,Catégorielle,Centre-Val de Loire
Épidémies Hivernales,Bronchiolite,Niveau d'alerte épidémique,75,2024-S50,2024-12-09,3,Catégorielle,Nouvelle-Aquitaine
Épidémies Hivernales,Bronchiolite,Niveau d'alerte épidémique,93,2024-S50,2024-12-09,3,Catégorielle,Provence-Alpes-Côte d'Azur
Épidémies Hivernales,Bronchiolite,Niveau d'alerte épidémique,01,2024-S51,2024-12-16,3,Catégorielle,Guadeloupe
Épidémies Hivernales,Bronchiolite,Niveau d'alerte épidémique,04,2024-S51,2024-12-16,2,Catégorielle,La Réunion
Épidémies Hivernales,Bronchiolite,Niveau d'alerte épidémique,07,2024-S51,2024-12-16,1,Catégorielle,
Épidémies Hivernales,Bronchiolite,Niveau d'alerte épidémique,84,2024-S51,2024-12-16,3,Catégorielle,Auvergne-Rhône-Alpes
Épidémies Hivernales,Bronchiolite,Niveau d'alerte épidémique,94,2024-S51,2024-12-16,2,Catégorielle,Corse
Épidémies Hivernales,Bronchiolite,Niveau d'alerte épidémique,01,2024-S52,2024-12-23,3,Catégorielle,Guadeloupe
Épidémies Hivernales,Bronchiolite,Niveau d'alerte épidémique,04,2024-S52,2024-12-23,2,Catégorielle,La Réunion
Épidémies Hivernales,Bronchiolite,Niveau d'alerte épidémique,11,2024-S52,2024-12-23,4,Catégorielle,Île-de-France
Épidémies Hivernales,Bronchiolite,Niveau d'alerte épidémique,24,2024-S52,2024-12-23,3,Catégorielle,Centre-Val de Loire
Épidémies Hivernales,Bronchiolite,Niveau d'alerte épidémique,28,2024-S52,2024-12-23,3,Catégorielle,Normandie
Épidémies Hivernales,Bronchiolite,Niveau d'alerte épidémique,32,2024-S52,2024-12-23,3,Catégorielle,Hauts-de-France
Épidémies Hivernales,Bronchiolite,Niveau d'alerte épidémique,53,2024-S52,2024-12-23,3,Catégorielle,Bretagne
Épidémies Hivernales,Bronchiolite,Niveau d'alerte épidémique,76,2024-S52,2024-12-23,3,Catégorielle,Occitanie
Épidémies Hivernales,Bronchiolite,Niveau d'alerte épidémique,02,2025-S01,2024-12-30,3,Catégorielle,Martinique
Épidémies Hivernales,Bronchiolite,Niveau d'alerte épidémique,03,2025-S01,2024-12-30,3,Catégorielle,Guyane
Épidémies Hivernales,Bronchiolite,Niveau d'alerte épidémique,04,2025-S01,2024-12-30,1,Catégorielle,La Réunion
Épidémies Hivernales,Bronchiolite,Niveau d'alerte épidémique,08,2025-S01,2024-12-30,1,Catégorielle,
Épidémies Hivernales,Bronchiolite,Niveau d'alerte épidémique,11,2025-S01,2024-12-30,4,Catégorielle,Île-de-France
Épidémies Hivernales,Bronchiolite,Niveau d'alerte épidémique,52,2025-S01,2024-12-30,3,Catégorielle,Pays de la Loire
Épidémies Hivernales,Bronchiolite,Niveau d'alerte épidémique,75,2025-S01,2024-12-30,3,Catégorielle,Nouvelle-Aquitaine
Épidémies Hivernales,Bronchiolite,Niveau d'alerte épidémique,84,2025-S01,2024-12-30,3,Catégorielle,Auvergne-Rhône-Alpes
Épidémies Hivernales,Bronchiolite,Niveau d'alerte épidémique,03,2025-S02,2025-01-06,3,Catégorielle,Guyane
Épidémies Hivernales,Bronchiolite,Niveau d'alerte épidémique,11,2025-S02,2025-01-06,1,Catégorielle,Île-de-France
Épidémies Hivernales,Bronchiolite,Niveau d'alerte épidémique,53,2025-S02,2025-01-06,4,Catégorielle,Bretagne
Épidémies Hivernales,Bronchiolite,Niveau d'alerte épidémique,75,2025-S02,2025-01-06,4,Catégorielle,Nouvelle-Aquitaine
Épidémies Hivernales,Bronchiolite,Niveau d'alerte épidémique,84,2025-S02,2025-01-06,3,Catégorielle,Auvergne-Rhône-Alpes
Épidémies Hivernales,Bronchiolite,Niveau d'alerte épidémique,03,2025-S03,2025-01-13,4,Catégorielle,Guyane
Épidémies Hivernales,Bronchiolite,Niveau d'alerte épidémique,06,2025-S03,2025-01-13,3,Catégorielle,Mayotte
Épidémies Hivernales,Bronchiolite,Niveau d'alerte épidémique,08,2025-S03,2025-01-13,4,Catégorielle,
Épidémies Hivernales,Bronchiolite,Niveau d'alerte épidémique,24,2025-S03,2025-01-13,4,Catégorielle,Centre-Val de Loire
Épidémies Hivernales,Bronchiolite,Niveau d'alerte épidémique,52,2025-S03,2025-01-13,4,Catégorielle,Pays de la Loire
Épidémies Hivernales,Bronchiolite,Niveau d'alerte épidémique,53,2025-S03,2025-01-13,4,Catégorielle,Bretagne
Épidémies Hivernales,Bronchiolite,Niveau d'alerte épidémique,84,2025-S03,2025-01-13,4,Catégorielle,Auvergne-Rhône-Alpes
Épidémies Hivernales,Bronchiolite,Niveau d'alerte épidémique,93,2025-S03,2025-01-13,4,Catégorielle,Provence-Alpes-Côte d'Azur
Épidémies Hivernales,Bronchiolite,Niveau d'alerte épidémique,03,2025-S04,2025-01-20,1,Catégorielle,Guyane
Épidémies Hivernales,Bronchiolite,Niveau d'alerte épidémique,11,2025-S04,2025-01-20,1,Catégorielle,Île-de-France
Épidémies Hivernales,Bronchiolite,Niveau d'alerte épidémique,24,2025-S04,2025-01-20,1,Catégorielle,Centre-Val de Loire
Épidémies Hivernales,Bronchiolite,Niveau d'alerte épidémique,32,2025-S04,2025-01-20,4,Catégorielle,Hauts-de-France
Épidémies Hivernales,Bronchiolite,Niveau d'alerte épidémique,53,2025-S04,2025-01-20,1,Catégorielle,Bretagne
Épidémies Hivernales,Bronchiolite,Niveau d'alerte épidémique,75,2025-S04,2025-01-20,4,Catégorielle,Nouvelle-Aquitaine
Épidémies Hivernales,Bronchiolite,Niveau d'alerte épidémique,76,2025-S04,2025-01-20,4,Catégorielle,Occitanie
Épidémies Hivernales,Bronchiolite,Niveau d'alerte épidémique,24,2025-S05,2025-01-27,1,Catégorielle,Centre-Val de Loire
Épidémies Hivernales,Bronchiolite,Niveau d'alerte épidémique,28,2025-S05,2025-01-27,1,Catégorielle,Normandie
Épidémies Hivernales,Bronchiolite,Niveau d'alerte épidémique,44,2025-S05,2025-01-27,4,Catégorielle,Grand Est
Épidémies Hivernales,Bronchiolite,Niveau d'alerte épidémique,52,2025-S05,2025-01-27,1,Catégorielle,Pays de la Loire
Épidémies Hivernales,Bronchiolite,Niveau d'alerte épidémique,06,2025-S06,2025-02-03,3,Catégorielle,Mayotte
Épidémies Hivernales,Bronchiolite,Niveau d'alerte épidémique,08,2025-S06,2025-02-03,1,Catégorielle,
Épidémies Hivernales,Bronchiolite,Niveau d'alerte épidémique,24,2025-S06,2025-02-03,1,Catégorielle,Centre-Val de Loire
Épidémies Hivernales,Bronchiolite,Niveau d'alerte épidémique,27,2025-S06,2025-02-03,4,Catégorielle,Bourgogne-Franche-Comté
Épidémies Hivernales,Bronchiolite,Niveau d'alerte épidémique,44,2025-S06,2025-02-03,4,Catégorielle,Grand Est
Épidémies Hivernales,Bronchiolite,Niveau d'alerte épidémique,52,2025-S06,2025-02-03,1,Catégorielle,Pays de la Loire
Épidémies Hivernales,Bronchiolite,Niveau d'alerte épidémique,84,2025-S06,2025-02-03,4,Catégorielle,Auvergne-Rhône-Alpes
Épidémies Hivernales,Bronchiolite,Niveau d'alerte épidémique,02,2025-S07,2025-02-10,1,Catégorielle,Martinique
Épidémies Hivernales,Bronchiolite,Niveau d'alerte épidémique,04,2025-S07,2025-02-10,1,Catégorielle,La Réunion
Épidémies Hivernales,Bronchiolite,Niveau d'alerte épidémique,06,2025-S07,2025-02-10,3,Catégorielle,Mayotte
Épidémies Hivernales,Bronchiolite,Niveau d'alerte épidémique,27,2025-S07,2025-02-10,4,Catégorielle,Bourgogne-Franche-Comté
Épidémies Hivernales,Bronchiolite,Niveau d'alerte épidémique,32,2025-S07,2025-02-10,1,Catégorielle,Hauts-de-France
Épidémies Hivernales,Bronchiolite,Niveau d'alerte épidémique,53,2025-S07,2025-02-10,1,Catégorielle,Bretagne
Épidémies Hivernales,Bronchiolite,Niveau d'alerte épidémique,94,2025-S07,2025-02-10,3,Catégorielle,Corse
Épidémies Hivernales,Bronchiolite,Niveau d'alerte épidémique,11,2025-S08,2025-02-17,1,Catégorielle,Île-de-France
Épidémies Hivernales,Bronchiolite,Niveau d'alerte épidémique,28,2025-S08,2025-02-17,1,Catégorielle,Normandie
Épidémies Hivernales,Bronchiolite,Niveau d'alerte épidémique,75,2025-S08,2025-02-17,1,Catégorielle,Nouvelle-Aquitaine
Épidémies Hivernales,Bronchiolite,Niveau d'alerte épidémique,01,2025-S09,2025-02-24,1,Catégorielle,Guadeloupe
Épidémies Hivernales,Bronchiolite,Niveau d'alerte épidémique,02,2025-S09,2025-02-24,1,Catégorielle,Martinique
Épidémies Hivernales,Bronchiolite,Niveau d'alerte épidémique,04,2025-S09,2025-02-24,1,Catégorielle,La Réunion
Épidémies Hivernales,Bronchiolite,Niveau d'alerte épidémique,06,2025-S09,2025-02-24,3,Catégorielle,Mayotte
Épidémies Hivernales,Bronchiolite,Niveau d'alerte épidémique,08,2025-S09,2025-02-24,1,Catégorielle,
Épidémies Hivernales,Bronchiolite,Niveau d'alerte épidémique,28,2025-S09,2025-02-24,1,Catégorielle,Normandie
Épidémies Hivernales,Bronchiolite,Niveau d'alerte épidémique,44,2025-S09,2025-02-24,1,Catégorielle,Grand Est
Épidémies Hivernales,Bronchiolite,Niveau d'alerte épidémique,52,2025-S09,2025-02-24,1,Catégorielle,Pays de la Loire
Épidémies Hivernales,Bronchiolite,Niveau d'alerte épidémique,75,2025-S09,2025-02-24,1,Catégorielle,Nouvelle-Aquitaine
Épidémies Hivernales,Bronchiolite,Niveau d'alerte épidémique,94,2025-S09,2025-02-24,4,Catégorielle,Corse
Épidémies Hivernales,Bronchiolite,Niveau d'alerte épidémique,04,2025-S10,2025-03-03,1,Catégorielle,La Réunion
Épidémies Hivernales,Bronchiolite,Niveau d'alerte épidémique,08,2025-S10,2025-03-03,1,Catégorielle,
Épidémies Hivernales,Bronchiolite,Niveau d'alerte épidémique,11,2025-S10,2025-03-03,1,Catégorielle,Île-de-France
Épidémies Hivernales,Bronchiolite,Niveau d'alerte épidémique,24,2025-S10,2025-03-03,1,Catégorielle,Centre-Val de Loire
Épidémies Hivernales,Bronchiolite,Niveau d'alerte épidémique,32,2025-S10,2025-03-03,1,Catégorielle,Hauts-de-France
Épidémies Hivernales,Bronchiolite,Niveau d'alerte épidémique,76,2025-S10,2025-03-03,1,Catégorielle,Occitanie
Épidémies Hivernales,Bronchiolite,Niveau d'alerte épidémique,93,2025-S10,2025-03-03,1,Catégorielle,Provence-Alpes-Côte d'Azur
Épidémies Hivernales,Bronchiolite,Niveau d'alerte épidémique,02,2025-S11,2025-03-10,1,Catégorielle,Martinique
Épidémies Hivernales,Bronchiolite,Niveau d'alerte épidémique,03,2025-S11,2025-03-10,1,Catégorielle,Guyane
Épidémies Hivernales,Bronchiolite,Niveau d'alerte épidémique,07,2025-S11,2025-03-10,1,Catégorielle,
Épidémies Hivernales,Bronchiolite,Niveau d'alerte épidémique,08,2025-S11,2025-03-10,1,Catégorielle,
Épidémies Hivernales,Bronchiolite,Niveau d'alerte épidémique,52,2025-S11,2025-03-10,1,Catégorielle,Pays de la Loire
Épidémies Hivernales,Bronchiolite,Niveau d'alerte épidémique,53,2025-S11,2025-03-10,1,Catégorielle,Bretagne
Épidémies Hivernales,Bronchiolite,Niveau d'alerte épidémique,02,2025-S12,2025-03-17,1,Catégorielle,Martinique
Épidémies Hivernales,Bronchiolite,Niveau d'alerte épidémique,28,2025-S12,2025-03-17,1,Catégorielle,Normandie
Épidémies Hivernales,Bronchiolite,Niveau d'alerte épidémique,75,2025-S12,2025-03-17,1,Catégorielle,Nouvelle-Aquitaine
Épidémies Hivernales,Bronchiolite,Niveau d'alerte épidémique,04,2025-S13,2025-03-24,1,Catégorielle,La Réunion
Épidémies Hivernales,Bronchiolite,Niveau d'alerte épidémique,11,2025-S13,2025-03-24,1,Catégorielle,Île-de-France
Épidémies Hivernales,Bronchiolite,Niveau d'alerte épidémique,24,2025-S13,2025-03-24,1,Catégorielle,Centre-Val de Loire
Épidémies Hivernales,Bronchiolite,Niveau d'alerte épidémique,32,2025-S13,2025-03-24,1,Catégorielle,Hauts-de-France
Épidémies Hivernales,Bronchiolite,Niveau d'alerte épidémique,84,2025-S13,2025-03-24,1,Catégorielle,Auvergne-Rhône-Alpes
Épidémies Hivernales,Bronchiolite,Niveau d'alerte épidémique,93,2025-S13,2025-03-24,1,Catégorielle,Provence-Alpes-Côte d'Azur
Épidémies Hivernales,Bronchiolite,Niveau d'alerte épidémique,02,2025-S14,2025-03-31,1,Catégorielle,Martinique
Épidémies Hivernales,Bronchiolite,Niveau d'alerte épidémique,03,2025-S14,2025-03-31,1,Catégorielle,Guyane
Épidémies Hivernales,Bronchiolite,Niveau d'alerte épidémique,06,2025-S14,2025-03-31,4,Catégorielle,Mayotte
Épidémies Hivernales,Bronchiolite,Niveau d'alerte épidémique,07,2025-S14,2025-03-31,1,Catégorielle,
Épidémies Hivernales,Bronchiolite,Niveau d'alerte épidémique,11,2025-S14,2025-03-31,1,Catégorielle,Île-de-France
Épidémies Hivernales,Bronchiolite,Niveau d'alerte épidémique,24,2025-S14,2025-03-31,1,Catégorielle,Centre-Val de Loire
Épidémies Hivernales,Bronchiolite,Niveau d'alerte épidémique,27,2025-S14,2025-03-31,1,Catégorielle,Bourgogne-Franche-Comté
Épidémies Hivernales,Bronchiolite,Niveau d'alerte épidémique,28,2025-S14,2025-03-31,1,Catégorielle,Normandie
Épidémies Hivernales,Bronchiolite,Niveau d'alerte épidémique,32,2025-S14,2025-03-31,1,Catégorielle,Hauts-de-France
Épidémies Hivernales,Bronchiolite,Niveau d'alerte épidémique,44,2025-S14,2025-03-31,1,Catégorielle,Grand Est
Épidémies Hivernales,Bronchiolite,Niveau d'alerte épidémique,52,2025-S14,2025-03-31,1,Catégorielle,Pays de la Loire
Épidémies Hivernales,Bronchiolite,Niveau d'alerte épidémique,76,2025-S14,2025-03-31,1,Catégorielle,Occitanie
Épidémies Hivernales,Bronchiolite,Niveau d'alerte épidémique,84,2025-S14,2025-03-31,1,Catégorielle,Auvergne-Rhône-Alpes
Épidémies Hivernales,Bronchiolite,Niveau d'alerte épidémique,02,2025-S15,2025-04-07,1,Catégorielle,Martinique
Épidémies Hivernales,Bronchiolite,Niveau d'alerte épidémique,08,2025-S15,2025-04-07,1,Catégorielle,
Épidémies Hivernales,Bronchiolite,Niveau d'alerte épidémique,27,2025-S15,2025-04-07,4,Catégorielle,Bourgogne-Franche-Comté
Épidémies Hivernales,Bronchiolite,Niveau d'alerte épidémique,32,2025-S15,2025-04-07,1,Catégorielle,Hauts-de-France
Épidémies Hivernales,Bronchiolite,Niveau d'alerte épidémique,52,2025-S15,2025-04-07,1,Catégorielle,Pays de la Loire
Épidémies Hivernales,Bronchiolite,Niveau d'alerte épidémique,76,2025-S15,2025-04-07,1,Catégorielle,Occitanie
Épidémies Hivernales,Bronchiolite,Niveau d'alerte épidémique,93,2025-S15,2025-04-07,1,Catégorielle,Provence-Alpes-Côte d'Azur
Épidémies Hivernales,Bronchiolite,Niveau d'alerte épidémique,03,2025-S16,2025-04-14,1,Catégorielle,Guyane
Épidémies Hivernales,Bronchiolite,Niveau d'alerte épidémique,06,2025-S16,2025-04-14,4,Catégorielle,Mayotte
Épidémies Hivernales,Bronchiolite,Niveau d'alerte épidémique,04,2025-S17,2025-04-21,1,Catégorielle,La Réunion
Épidémies Hivernales,Bronchiolite,Niveau d'alerte épidémique,04,2025-S19,2025-05-05,1,Catégorielle,La Réunion
Épidémies Hivernales,Bronchiolite,Niveau d'alerte épidémique,11,2025-S39,2025-09-22,1,Catégorielle,Île-de-France
Épidémies Hivernales,Bronchiolite,Niveau d'alerte épidémique,24,2025-S40,2025-09-29,1,Catégorielle,Centre-Val de Loire
Épidémies Hivernales,Bronchiolite,Niveau d'alerte épidémique,27,2025-S40,2025-09-29,1,Catégorielle,Bourgogne-Franche-Comté
Épidémies Hivernales,Bronchiolite,Niveau d'alerte épidémique,28,2025-S40,2025-09-29,1,Catégorielle,Normandie
Épidémies Hivernales,Bronchiolite,Niveau d'alerte épidémique,44,2025-S40,2025-09-29,1,Catégorielle,Grand Est
Épidémies Hivernales,Bronchiolite,Niveau d'alerte épidémique,52,2025-S40,2025-09-29,1,Catégorielle,Pays de la Loire
Épidémies Hivernales,Bronchiolite,Niveau d'alerte épidémique,06,2025-S41,2025-10-06,1,Catégorielle,Mayotte
Épidémies Hivernales,Bronchiolite,Niveau d'alerte épidémique,07,2025-S41,2025-10-06,1,Catégorielle,
Épidémies Hivernales,Bronchiolite,Niveau d'alerte épidémique,08,2025-S41,2025-10-06,1,Catégorielle,
Épidémies Hivernales,Bronchiolite,Niveau d'alerte épidémique,27,2025-S41,2025-10-06,1,Catégorielle,Bourgogne-Franche-Comté
Épidémies Hivernales,Bronchiolite,Niveau d'alerte épidémique,44,2025-S41,2025-10-06,1,Catégorielle,Grand Est
Épidémies Hivernales,Bronchiolite,Niveau d'alerte épidémique,75,2025-S41,2025-10-06,1,Catégorielle,Nouvelle-Aquitaine
Épidémies Hivernales,Bronchiolite,Niveau d'alerte épidémique,76,2025-S41,2025-10-06,1,Catégorielle,Occitanie
Épidémies Hivernales,Bronchiolite,Niveau d'alerte épidémique,93,2025-S41,2025-10-06,1,Catégorielle,Provence-Alpes-Côte d'Azur
Épidémies Hivernales,Bronchiolite,Niveau d'alerte épidémique,94,2025-S41,2025-10-06,1,Catégorielle,Corse
Épidémies Hivernales,Bronchiolite,Niveau d'alerte épidémique,03,2025-S42,2025-10-13,1,Catégorielle,Guyane
Épidémies Hivernales,Bronchiolite,Niveau d'alerte épidémique,11,2025-S42,2025-10-13,2,Catégorielle,Île-de-France
Épidémies Hivernales,Bronchiolite,Niveau d'alerte épidémique,27,2025-S42,2025-10-13,1,Catégorielle,Bourgogne-Franche-Comté
Épidémies Hivernales,Bronchiolite,Niveau d'alerte épidémique,28,2025-S42,2025-10-13,2,Catégorielle,Normandie
Épidémies Hivernales,Bronchiolite,Niveau d'alerte épidémique,52,2025-S42,2025-10-13,1,Catégorielle,Pays de la Loire
Épidémies Hivernales,Bronchiolite,Niveau d'alerte épidémique,76,2025-S42,2025-10-13,1,Catégorielle,Occitanie
Épidémies Hivernales,Bronchiolite,Niveau d'alerte épidémique,94,2025-S42,2025-10-13,1,Catégorielle,Corse
Épidémies Hivernales,Bronchiolite,Niveau d'alerte épidémique,01,2025-S43,2025-10-20,1,Catégorielle,Guadeloupe
Épidémies Hivernales,Bronchiolite,Niveau d'alerte épidémique,03,2025-S43,2025-10-20,1,Catégorielle,Guyane
Épidémies Hivernales,Bronchiolite,Niveau d'alerte épidémique,28,2025-S43,2025-10-20,2,Catégorielle,Normandie
Épidémies Hivernales,Bronchiolite,Niveau d'alerte épidémique,52,2025-S43,2025-10-20,1,Catégorielle,Pays de la Loire
Épidémies Hivernales,Bronchiolite,Niveau d'alerte épidémique,53,2025-S43,2025-10-20,1,Catégorielle,Bretagne
Épidémies Hivernales,Bronchiolite,Niveau d'alerte épidémique,84,2025-S43,2025-10-20,1,Catégorielle,Auvergne-Rhône-Alpes
Épidémies Hivernales,Bronchiolite,Niveau d'alerte épidémique,03,2025-S44,2025-10-27,1,Catégorielle,Guyane
Épidémies Hivernales,Bronchiolite,Niveau d'alerte épidémique,06,2025-S44,2025-10-27,1,Catégorielle,Mayotte
Épidémies Hivernales,Bronchiolite,Niveau d'alerte épidémique,08,2025-S44,2025-10-27,1,Catégorielle,
Épidémies Hivernales,Bronchiolite,Niveau d'alerte épidémique,27,2025-S44,2025-10-27,1,Catégorielle,Bourgogne-Franche-Comté
Épidémies Hivernales,Bronchiolite,Niveau d'alerte épidémique,28,2025-S44,2025-10-27,2,Catégorielle,Normandie
Épidémies Hivernales,Bronchiolite,Niveau d'alerte épidémique,44,2025-S44,2025-10-27,1,Catégorielle,Grand Est
Épidémies Hivernales,Bronchiolite,Niveau d'alerte épidémique,75,2025-S44,2025-10-27,1,Catégorielle,Nouvelle-Aquitaine
Épidémies Hivernales,Bronchiolite,Niveau d'alerte épidémique,02,2025-S45,2025-11-03,1,Catégorielle,Martinique
Épidémies Hivernales,Bronchiolite,Niveau d'alerte épidémique,06,2025-S45,2025-11-03,1,Catégorielle,Mayotte
Épidémies Hivernales,Bronchiolite,Niveau d'alerte épidémique,07,2025-S45,2025-11-03,1,Catégorielle,
Épidémies Hivernales,Bronchiolite,Niveau d'alerte épidémique,08,2025-S45,2025-11-03,1,Catégorielle,
Épidémies Hivernales,Bronchiolite,Niveau d'alerte épidémique,93,2025-S45,2025-11-03,1,Catégorielle,Provence-Alpes-Côte d'Azur
Épidémies Hivernales,Bronchiolite,Niveau d'alerte épidémique,06,2025-S46,2025-11-10,1,Catégorielle,Mayotte
Épidémies Hivernales,Bronchiolite,Niveau d'alerte épidémique,11,2025-S46,2025-11-10,3,Catégorielle,Île-de-France
Épidémies Hivernales,Bronchiolite,Niveau d'alerte épidémique,24,2025-S46,2025-11-10,1,Catégorielle,Centre-Val de Loire
Épidémies Hivernales,Bronchiolite,Niveau d'alerte épidémique,32,2025-S46,2025-11-10,2,Catégorielle,Hauts-de-France
Épidémies Hivernales,Bronchiolite,Niveau d'alerte épidémique,52,2025-S46,2025-11-10,2,Catégorielle,Pays de la Loire
Épidémies Hivernales,Bronchiolite,Niveau d'alerte épidémique,76,2025-S46,2025-11-10,1,Catégorielle,Occitanie
Épidémies Hivernales,Bronchiolite,Niveau d'alerte épidémique,84,2025-S46,2025-11-10,2,Catégorielle,Auvergne-Rhône-Alpes
Épidémies Hivernales,Bronchiolite,Niveau d'alerte épidémique,94,2025-S46,2025-11-10,1,Catégorielle,Corse
Épidémies Hivernales,Bronchiolite,Niveau d'alerte épidémique,01,2025-S47,2025-11-17,1,Catégorielle,Guadeloupe
Épidémies Hivernales,Bronchiolite,Niveau d'alerte épidémique,03,2025-S47,2025-11-17,1,Catégorielle,Guyane
Épidémies Hivernales,Bronchiolite,Niveau d'alerte épidémique,06,2025-S47,2025-11-17,1,Catégorielle,Mayotte
Épidémies Hivernales,Bronchiolite,Niveau d'alerte épidémique,32,2025-S47,2025-11-17,2,Catégorielle,Hauts-de-France
Épidémies Hivernales,Bronchiolite,Niveau d'alerte épidémique,44,2025-S47,2025-11-17,2,Catégorielle,Grand Est
Épidémies Hivernales,Bronchiolite,Niveau d'alerte épidémique,52,2025-S47,2025-11-17,3,Catégorielle,Pays de la Loire
Épidémies Hivernales,Bronchiolite,Niveau d'alerte épidémique,06,2025-S48,2025-11-24,1,Catégorielle,Mayotte
Épidémies Hivernales,Bronchiolite,Niveau d'alerte épidémique,27,2025-S48,2025-11-24,3,Catégorielle,Bourgogne-Franche-Comté
Épidémies Hivernales,Bronchiolite,Niveau d'alerte épidémique,32,2025-S48,2025-11-24,3,Catégorielle,Hauts-de-France
Épidémies Hivernales,Bronchiolite,Niveau d'alerte épidémique,44,2025-S48,2025-11-24,3,Catégorielle,Grand Est
Épidémies Hivernales,Bronchiolite,Niveau d'alerte épidémique,93,2025-S48,2025-11-24,3,Catégorielle,Provence-Alpes-Côte d'Azur
Épidémies Hivernales,Bronchiolite,Niveau d'alerte épidémique,01,2025-S49,2025-12-01,3,Catégorielle,Guadeloupe
Épidémies Hivernales,Bronchiolite,Niveau d'alerte épidémique,03,2025-S49,2025-12-01,1,Catégorielle,Guyane
Épidémies Hivernales,Bronchiolite,Niveau d'alerte épidémique,24,2025-S49,2025-12-01,3,Catégorielle,Centre-Val de Loire
Épidémies Hivernales,Bronchiolite,Niveau d'alerte épidémique,44,2025-S49,2025-12-01,3,Catégorielle,Grand Est
Épidémies Hivernales,Bronchiolite,Niveau d'alerte épidémique,53,2025-S49,2025-12-01,3,Catégorielle,Bretagne
Épidémies Hivernales,Bronchiolite,Niveau d'alerte épidémique,84,2025-S49,2025-12-01,3,Catégorielle,Auvergne-Rhône-Alpes
Épidémies Hivernales,Bronchiolite,Niveau d'alerte épidémique,93,2025-S49,2025-12-01,3,Catégorielle,Provence-Alpes-Côte d'Azur
Épidémies Hivernales,Bronchiolite,Niveau d'alerte épidémique,94,2025-S49,2025-12-01,2,Catégorielle,Corse
Épidémies Hivernales,Bronchiolite,Niveau d'alerte épidémique,01,2025-S50,2025-12-08,3,Catégorielle,Guadeloupe
Épidémies Hivernales,Bronchiolite,Niveau d'alerte épidémique,75,2025-S50,2025-12-08,3,Catégorielle,Nouvelle-Aquitaine
Épidémies Hivernales,Bronchiolite,Niveau d'alerte épidémique,84,2025-S50,2025-12-08,3,Catégorielle,Auvergne-Rhône-Alpes
Épidémies Hivernales,Bronchiolite,Niveau d'alerte épidémique,93,2025-S50,2025-12-08,3,Catégorielle,Provence-Alpes-Côte d'Azur
Épidémies Hivernales,Bronchiolite,Niveau d'alerte épidémique,01,2025-S51,2025-12-15,3,Catégorielle,Guadeloupe
Épidémies Hivernales,Bronchiolite,Niveau d'alerte épidémique,02,2025-S51,2025-12-15,3,Catégorielle,Martinique
Épidémies Hivernales,Bronchiolite,Niveau d'alerte épidémique,04,2025-S51,2025-12-15,2,Catégorielle,La Réunion
Épidémies Hivernales,Bronchiolite,Niveau d'alerte épidémique,44,2025-S51,2025-12-15,3,Catégorielle,Grand Est
Épidémies Hivernales,Bronchiolite,Niveau d'alerte épidémique,76,2025-S51,2025-12-15,3,Catégorielle,Occitanie
Épidémies Hivernales,Bronchiolite,Niveau d'alerte épidémique,93,2025-S51,2025-12-15,3,Catégorielle,Provence-Alpes-Côte d'Azur
Épidémies Hivernales,Bronchiolite,Niveau d'alerte épidémique,01,2025-S52,2025-12-22,3,Catégorielle,Guadeloupe
Épidémies Hivernales,Bronchiolite,Niveau d'alerte épidémique,02,2025-S52,2025-12-22,3,Catégorielle,Martinique
Épidémies Hivernales,Bronchiolite,Niveau d'alerte épidémique,03,2025-S52,2025-12-22,1,Catégorielle,Guyane
Épidémies Hivernales,Bronchiolite,Niveau d'alerte épidémique,04,2025-S52,2025-12-22,2,Catégorielle,La Réunion
Épidémies Hivernales,Bronchiolite,Niveau d'alerte épidémique,06,2025-S52,2025-12-22,2,Catégorielle,Mayotte
Épidémies Hivernales,Bronchiolite,Niveau d'alerte épidémique,11,2025-S52,2025-12-22,3,Catégorielle,Île-de-France
Épidémies Hivernales,Bronchiolite,Niveau d'alerte épidémique,44,2025-S52,2025-12-22,3,Catégorielle,Grand Est
Épidémies Hivernales,Bronchiolite,Niveau d'alerte épidémique,02,2026-S01,2025-12-29,3,Catégorielle,Martinique
Épidémies Hivernales,Bronchiolite,Niveau d'alerte épidémique,04,2026-S01,2025-12-29,2,Catégorielle,La Réunion
Épidémies Hivernales,Bronchiolite,Niveau d'alerte épidémique,11,2026-S01,2025-12-29,4,Catégorielle,Île-de-France
Épidémies Hivernales,Bronchiolite,Niveau d'alerte épidémique,27,2026-S01,2025-12-29,3,Catégorielle,Bourgogne-Franche-Comté
Épidémies Hivernales,Bronchiolite,Niveau d'alerte épidémique,28,2026-S01,2025-12-29,3,Catégorielle,Normandie
Épidémies Hivernales,Bronchiolite,Niveau d'alerte épidémique,52,2026-S01,2025-12-29,3,Catégorielle,Pays de la Loire
Épidémies Hivernales,Bronchiolite,Niveau d'alerte épidémique,93,2026-S01,2025-12-29,3,Catégorielle,Provence-Alpes-Côte d'Azur
Épidémies Hivernales,Bronchiolite,Niveau d'alerte épidémique,06,2026-S02,2026-01-05,2,Catégorielle,Mayotte
Épidémies Hivernales,Bronchiolite,Niveau d'alerte épidémique,11,2026-S02,2026-01-05,1,Catégorielle,Île-de-France
Épidémies Hivernales,Bronchiolite,Niveau d'alerte épidémique,76,2026-S02,2026-01-05,4,Catégorielle,Occitanie
Épidémies Hivernales,Bronchiolite,Niveau d'alerte épidémique,84,2026-S02,2026-01-05,3,Catégorielle,Auvergne-Rhône-Alpes
Épidémies Hivernales,Bronchiolite,Niveau d'alerte épidémique,94,2026-S02,2026-01-05,4,Catégorielle,Corse
Épidémies Hivernales,Bronchiolite,Niveau d'alerte épidémique,01,2026-S03,2026-01-12,3,Catégorielle,Guadeloupe
Épidémies Hivernales,Bronchiolite,Niveau d'alerte épidémique,11,2026-S03,2026-01-12,1,Catégorielle,Île-de-France
Épidémies Hivernales,Bronchiolite,Niveau d'alerte épidémique,44,2026-S03,2026-01-12,4,Catégorielle,Grand Est
Épidémies Hivernales,Bronchiolite,Niveau d'alerte épidémique,53,2026-S03,2026-01-12,1,Catégorielle,Bretagne
Épidémies Hivernales,Bronchiolite,Niveau d'alerte épidémique,84,2026-S03,2026-01-12,4,Catégorielle,Auvergne-Rhône-Alpes
Épidémies Hivernales,Bronchiolite,Niveau d'alerte épidémique,93,2026-S03,2026-01-12,4,Catégorielle,Provence-Alpes-Côte d'Azur
Épidémies Hivernales,Bronchiolite,Niveau d'alerte épidémique,11,2026-S04,2026-01-19,1,Catégorielle,Île-de-France
Épidémies Hivernales,Bronchiolite,Niveau d'alerte épidémique,24,2026-S04,2026-01-19,4,Catégorielle,Centre-Val de Loire
Épidémies Hivernales,Bronchiolite,Niveau d'alerte épidémique,28,2026-S04,2026-01-19,1,Catégorielle,Normandie
Épidémies Hivernales,Bronchiolite,Niveau d'alerte épidémique,44,2026-S04,2026-01-19,4,Catégorielle,Grand Est
Épidémies Hivernales,Bronchiolite,Niveau d'alerte épidémique,76,2026-S04,2026-01-19,4,Catégorielle,Occitanie
Épidémies Hivernales,Bronchiolite,Niveau d'alerte épidémique,93,2026-S04,2026-01-19,4,Catégorielle,Provence-Alpes-Côte d'Azur
Épidémies Hivernales,Bronchiolite,Niveau d'alerte épidémique,94,2026-S04,2026-01-19,4,Catégorielle,Corse
Épidémies Hivernales,Bronchiolite,Niveau d'alerte épidémique,01,2026-S05,2026-01-26,4,Catégorielle,Guadeloupe
Épidémies Hivernales,Bronchiolite,Niveau d'alerte épidémique,02,2026-S05,2026-01-26,3,Catégorielle,Martinique
Épidémies Hivernales,Bronchiolite,Niveau d'alerte épidémique,03,2026-S05,2026-01-26,1,Catégorielle,Guyane
Épidémies Hivernales,Bronchiolite,Niveau d'alerte épidémique,06,2026-S05,2026-01-26,3,Catégorielle,Mayotte
Épidémies Hivernales,Bronchiolite,Niveau d'alerte épidémique,11,2026-S05,2026-01-26,1,Catégorielle,Île-de-France
Épidémies Hivernales,Bronchiolite,Niveau d'alerte épidémique,27,2026-S05,2026-01-26,4,Catégorielle,Bourgogne-Franche-Comté
Épidémies Hivernales,Bronchiolite,Niveau d'alerte épidémique,32,2026-S05,2026-01-26,1,Catégorielle,Hauts-de-France
Épidémies Hivernales,Bronchiolite,Niveau d'alerte épidémique,53,2026-S05,2026-01-26,1,Catégorielle,Bretagne
Épidémies Hivernales,Bronchiolite,Niveau d'alerte épidémique,75,2026-S05,2026-01-26,4,Catégorielle,Nouvelle-Aquitaine
Épidémies Hivernales,Bronchiolite,Niveau d'alerte épidémique,02,2026-S06,2026-02-02,3,Catégorielle,Martinique
Épidémies Hivernales,Bronchiolite,Niveau d'alerte épidémique,06,2026-S06,2026-02-02,3,Catégorielle,Mayotte
Épidémies Hivernales,Bronchiolite,Niveau d'alerte épidémique,32,2026-S06,2026-02-02,1,Catégorielle,Hauts-de-France
Épidémies Hivernales,Bronchiolite,Niveau d'alerte épidémique,53,2026-S06,2026-02-02,1,Catégorielle,Bretagne
Épidémies Hivernales,Bronchiolite,Niveau d'alerte épidémique,75,2026-S06,2026-02-02,4,Catégorielle,Nouvelle-Aquitaine
Épidémies Hivernales,Bronchiolite,Niveau d'alerte épidémique,04,2026-S07,2026-02-09,1,Catégorielle,La Réunion
Épidémies Hivernales,Bronchiolite,Niveau d'alerte épidémique,11,2026-S07,2026-02-09,1,Catégorielle,Île-de-France
Épidémies Hivernales,Bronchiolite,Niveau d'alerte épidémique,27,2026-S07,2026-02-09,4,Catégorielle,Bourgogne-Franche-Comté
Épidémies Hivernales,Bronchiolite,Niveau d'alerte épidémique,32,2026-S07,2026-02-09,1,Catégorielle,Hauts-de-France
Épidémies Hivernales,Bronchiolite,Niveau d'alerte épidémique,94,2026-S07,2026-02-09,4,Catégorielle,Corse
Épidémies Hivernales,Bronchiolite,Niveau d'alerte épidémique,01,2026-S08,2026-02-16,4,Catégorielle,Guadeloupe
Épidémies Hivernales,Bronchiolite,Niveau d'alerte épidémique,03,2026-S08,2026-02-16,1,Catégorielle,Guyane
Épidémies Hivernales,Bronchiolite,Niveau d'alerte épidémique,06,2026-S08,2026-02-16,3,Catégorielle,Mayotte
Épidémies Hivernales,Bronchiolite,Niveau d'alerte épidémique,27,2026-S08,2026-02-16,1,Catégorielle,Bourgogne-Franche-Comté
Épidémies Hivernales,Bronchiolite,Niveau d'alerte épidémique,02,2026-S09,2026-02-23,4,Catégorielle,Martinique
Épidémies Hivernales,Bronchiolite,Niveau d'alerte épidémique,03,2026-S09,2026-02-23,1,Catégorielle,Guyane
Épidémies Hivernales,Bronchiolite,Niveau d'alerte épidémique,06,2026-S09,2026-02-23,3,Catégorielle,Mayotte
Épidémies Hivernales,Bronchiolite,Niveau d'alerte épidémique,28,2026-S09,2026-02-23,1,Catégorielle,Normandie
Épidémies Hivernales,Bronchiolite,Niveau d'alerte épidémique,44,2026-S09,2026-02-23,1,Catégorielle,Grand Est
Épidémies Hivernales,Bronchiolite,Niveau d'alerte épidémique,52,2026-S09,2026-02-23,1,Catégorielle,Pays de la Loire
Épidémies Hivernales,Bronchiolite,Niveau d'alerte épidémique,75,2026-S09,2026-02-23,4,Catégorielle,Nouvelle-Aquitaine
Épidémies Hivernales,Bronchiolite,Niveau d'alerte épidémique,76,2026-S09,2026-02-23,4,Catégorielle,Occitanie
Épidémies Hivernales,Bronchiolite,Niveau d'alerte épidémique,84,2026-S09,2026-02-23,1,Catégorielle,Auvergne-Rhône-Alpes
Épidémies Hivernales,Bronchiolite,Niveau d'alerte épidémique,93,2026-S09,2026-02-23,4,Catégorielle,Provence-Alpes-Côte d'Azur
Épidémies Hivernales,Bronchiolite,Niveau d'alerte épidémique,03,2026-S10,2026-03-02,1,Catégorielle,Guyane
Épidémies Hivernales,Bronchiolite,Niveau d'alerte épidémique,06,2026-S10,2026-03-02,3,Catégorielle,Mayotte
Épidémies Hivernales,Bronchiolite,Niveau d'alerte épidémique,11,2026-S10,2026-03-02,1,Catégorielle,Île-de-France
Épidémies Hivernales,Bronchiolite,Niveau d'alerte épidémique,32,2026-S10,2026-03-02,1,Catégorielle,Hauts-de-France
Épidémies Hivernales,Bronchiolite,Niveau d'alerte épidémique,75,2026-S10,2026-03-02,1,Catégorielle,Nouvelle-Aquitaine
Épidémies Hivernales,Bronchiolite,Niveau d'alerte épidémique,76,2026-S10,2026-03-02,1,Catégorielle,Occitanie
Épidémies Hivernales,Bronchiolite,Niveau d'alerte épidémique,01,2026-S11,2026-03-09,1,Catégorielle,Guadeloupe
Épidémies Hivernales,Bronchiolite,Niveau d'alerte épidémique,24,2026-S11,2026-03-09,1,Catégorielle,Centre-Val de Loire
Épidémies Hivernales,Bronchiolite,Niveau d'alerte épidémique,28,2026-S11,2026-03-09,1,Catégorielle,Normandie
Épidémies Hivernales,Bronchiolite,Niveau d'alerte épidémique,44,2026-S11,2026-03-09,1,Catégorielle,Grand Est
Épidémies Hivernales,Bronchiolite,Niveau d'alerte épidémique,52,2026-S11,2026-03-09,1,Catégorielle,Pays de la Loire
Épidémies Hivernales,Bronchiolite,Niveau d'alerte épidémique,76,2026-S11,2026-03-09,1,Catégorielle,Occitanie
Épidémies Hivernales,Bronchiolite,Niveau d'alerte épidémique,84,2026-S11,2026-03-09,1,Catégorielle,Auvergne-Rhône-Alpes
Épidémies Hivernales,Bronchiolite,Niveau d'alerte épidémique,93,2026-S11,2026-03-09,1,Catégorielle,Provence-Alpes-Côte d'Azur
Épidémies Hivernales,Bronchiolite,Niveau d'alerte épidémique,03,2026-S12,2026-03-16,1,Catégorielle,Guyane
Épidémies Hivernales,Bronchiolite,Niveau d'alerte épidémique,24,2026-S12,2026-03-16,1,Catégorielle,Centre-Val de Loire
Épidémies Hivernales,Bronchiolite,Niveau d'alerte épidémique,53,2026-S12,2026-03-16,1,Catégorielle,Bretagne
Épidémies Hivernales,Bronchiolite,Niveau d'alerte épidémique,76,2026-S12,2026-03-16,1,Catégorielle,Occitanie
Épidémies Hivernales,Bronchiolite,Niveau d'alerte épidémique,93,2026-S12,2026-03-16,1,Catégorielle,Provence-Alpes-Côte d'Azur
Épidémies Hivernales,Bronchiolite,Niveau d'alerte épidémique,06,2026-S13,2026-03-23,3,Catégorielle,Mayotte
Épidémies Hivernales,Bronchiolite,Niveau d'alerte épidémique,75,2026-S13,2026-03-23,1,Catégorielle,Nouvelle-Aquitaine
Épidémies Hivernales,Bronchiolite,Niveau d'alerte épidémique,76,2026-S13,2026-03-23,1,Catégorielle,Occitanie
Épidémies Hivernales,Bronchiolite,Niveau d'alerte épidémique,02,2026-S14,2026-03-30,1,Catégorielle,Martinique
Épidémies Hivernales,Bronchiolite,Niveau d'alerte épidémique,03,2026-S14,2026-03-30,1,Catégorielle,Guyane
Épidémies Hivernales,Bronchiolite,Niveau d'alerte épidémique,27,2026-S14,2026-03-30,1,Catégorielle,Bourgogne-Franche-Comté
Épidémies Hivernales,Bronchiolite,Niveau d'alerte épidémique,52,2026-S14,2026-03-30,1,Catégorielle,Pays de la Loire
Épidémies Hivernales,Bronchiolite,Niveau d'alerte épidémique,02,2026-S15,2026-04-06,1,Catégorielle,Martinique
Épidémies Hivernales,Bronchiolite,Niveau d'alerte épidémique,04,2026-S15,2026-04-06,1,Catégorielle,La Réunion
Épidémies Hivernales,Bronchiolite,Niveau d'alerte épidémique,32,2026-S15,2026-04-06,1,Catégorielle,Hauts-de-France
Épidémies Hivernales,Bronchiolite,Niveau d'alerte épidémique,44,2026-S15,2026-04-06,1,Catégorielle,Grand Est
Épidémies Hivernales,Bronchiolite,Niveau d'alerte épidémique,76,2026-S15,2026-04-06,1,Catégorielle,Occitanie
Épidémies Hivernales,Bronchiolite,Niveau d'alerte épidémique,03,2026-S16,2026-04-13,1,Catégorielle,Guyane
Épidémies Hivernales,Bronchiolite,Niveau d'alerte épidémique,28,2026-S16,2026-04-13,1,Catégorielle,Normandie
Épidémies Hivernales,Grippe,Niveau d'alerte épidémique,24,2023-S39,2023-09-25,1,Catégorielle,Centre-Val de Loire
Épidémies Hivernales,Grippe,Niveau d'alerte épidémique,27,2023-S39,2023-09-25,1,Catégorielle,Bourgogne-Franche-Comté
Épidémies Hivernales,Grippe,Niveau d'alerte épidémique,28,2023-S39,2023-09-25,1,Catégorielle,Normandie
Épidémies Hivernales,Grippe,Niveau d'alerte épidémique,32,2023-S39,2023-09-25,1,Catégorielle,Hauts-de-France
Épidémies Hivernales,Grippe,Niveau d'alerte épidémique,76,2023-S39,2023-09-25,1,Catégorielle,Occitanie
Épidémies Hivernales,Grippe,Niveau d'alerte épidémique,94,2023-S39,2023-09-25,1,Catégorielle,Corse
Épidémies Hivernales,Grippe,Niveau d'alerte épidémique,01,2023-S40,2023-10-02,1,Catégorielle,Guadeloupe
Épidémies Hivernales,Grippe,Niveau d'alerte épidémique,03,2023-S40,2023-10-02,1,Catégorielle,Guyane
Épidémies Hivernales,Grippe,Niveau d'alerte épidémique,08,2023-S40,2023-10-02,1,Catégorielle,
Épidémies Hivernales,Grippe,Niveau d'alerte épidémique,11,2023-S40,2023-10-02,1,Catégorielle,Île-de-France
Épidémies Hivernales,Grippe,Niveau d'alerte épidémique,28,2023-S40,2023-10-02,1,Catégorielle,Normandie
Épidémies Hivernales,Grippe,Niveau d'alerte épidémique,76,2023-S40,2023-10-02,1,Catégorielle,Occitanie
Épidémies Hivernales,Grippe,Niveau d'alerte épidémique,08,2023-S41,2023-10-09,1,Catégorielle,
Épidémies Hivernales,Grippe,Niveau d'alerte épidémique,24,2023-S41,2023-10-09,1,Catégorielle,Centre-Val de Loire
Épidémies Hivernales,Grippe,Niveau d'alerte épidémique,32,2023-S41,2023-10-09,1,Catégorielle,Hauts-de-France
Épidémies Hivernales,Grippe,Niveau d'alerte épidémique,44,2023-S41,2023-10-09,1,Catégorielle,Grand Est
Épidémies Hivernales,Grippe,Niveau d'alerte épidémique,52,2023-S41,2023-10-09,1,Catégorielle,Pays de la Loire
Épidémies Hivernales,Grippe,Niveau d'alerte épidémique,84,2023-S41,2023-10-09,1,Catégorielle,Auvergne-Rhône-Alpes
Épidémies Hivernales,Grippe,Niveau d'alerte épidémique,93,2023-S41,2023-10-09,1,Catégorielle,Provence-Alpes-Côte d'Azur
Épidémies Hivernales,Grippe,Niveau d'alerte épidémique,11,2023-S42,2023-10-16,1,Catégorielle,Île-de-France
Épidémies Hivernales,Grippe,Niveau d'alerte épidémique,27,2023-S42,2023-10-16,1,Catégorielle,Bourgogne-Franche-Comté
Épidémies Hivernales,Grippe,Niveau d'alerte épidémique,28,2023-S42,2023-10-16,1,Catégorielle,Normandie
Épidémies Hivernales,Grippe,Niveau d'alerte épidémique,93,2023-S42,2023-10-16,1,Catégorielle,Provence-Alpes-Côte d'Azur
Épidémies Hivernales,Grippe,Niveau d'alerte épidémique,01,2023-S43,2023-10-23,1,Catégorielle,Guadeloupe
Épidémies Hivernales,Grippe,Niveau d'alerte épidémique,06,2023-S43,2023-10-23,2,Catégorielle,Mayotte
Épidémies Hivernales,Grippe,Niveau d'alerte épidémique,07,2023-S43,2023-10-23,1,Catégorielle,
Épidémies Hivernales,Grippe,Niveau d'alerte épidémique,08,2023-S43,2023-10-23,1,Catégorielle,
Épidémies Hivernales,Grippe,Niveau d'alerte épidémique,27,2023-S43,2023-10-23,1,Catégorielle,Bourgogne-Franche-Comté
Épidémies Hivernales,Grippe,Niveau d'alerte épidémique,28,2023-S43,2023-10-23,1,Catégorielle,Normandie
Épidémies Hivernales,Grippe,Niveau d'alerte épidémique,93,2023-S43,2023-10-23,1,Catégorielle,Provence-Alpes-Côte d'Azur
Épidémies Hivernales,Grippe,Niveau d'alerte épidémique,94,2023-S43,2023-10-23,1,Catégorielle,Corse
Épidémies Hivernales,Grippe,Niveau d'alerte épidémique,01,2023-S44,2023-10-30,1,Catégorielle,Guadeloupe
Épidémies Hivernales,Grippe,Niveau d'alerte épidémique,03,2023-S44,2023-10-30,1,Catégorielle,Guyane
Épidémies Hivernales,Grippe,Niveau d'alerte épidémique,06,2023-S44,2023-10-30,3,Catégorielle,Mayotte
Épidémies Hivernales,Grippe,Niveau d'alerte épidémique,32,2023-S44,2023-10-30,1,Catégorielle,Hauts-de-France
Épidémies Hivernales,Grippe,Niveau d'alerte épidémique,52,2023-S44,2023-10-30,1,Catégorielle,Pays de la Loire
Épidémies Hivernales,Grippe,Niveau d'alerte épidémique,53,2023-S44,2023-10-30,1,Catégorielle,Bretagne
Épidémies Hivernales,Grippe,Niveau d'alerte épidémique,94,2023-S44,2023-10-30,1,Catégorielle,Corse
Épidémies Hivernales,Grippe,Niveau d'alerte épidémique,32,2023-S45,2023-11-06,1,Catégorielle,Hauts-de-France
Épidémies Hivernales,Grippe,Niveau d'alerte épidémique,53,2023-S45,2023-11-06,1,Catégorielle,Bretagne
Épidémies Hivernales,Grippe,Niveau d'alerte épidémique,93,2023-S45,2023-11-06,1,Catégorielle,Provence-Alpes-Côte d'Azur
Épidémies Hivernales,Grippe,Niveau d'alerte épidémique,94,2023-S45,2023-11-06,1,Catégorielle,Corse
Épidémies Hivernales,Grippe,Niveau d'alerte épidémique,04,2023-S46,2023-11-13,4,Catégorielle,La Réunion
Épidémies Hivernales,Grippe,Niveau d'alerte épidémique,06,2023-S46,2023-11-13,3,Catégorielle,Mayotte
Épidémies Hivernales,Grippe,Niveau d'alerte épidémique,07,2023-S46,2023-11-13,1,Catégorielle,
Épidémies Hivernales,Grippe,Niveau d'alerte épidémique,08,2023-S46,2023-11-13,1,Catégorielle,
Épidémies Hivernales,Grippe,Niveau d'alerte épidémique,11,2023-S46,2023-11-13,1,Catégorielle,Île-de-France
Épidémies Hivernales,Grippe,Niveau d'alerte épidémique,53,2023-S46,2023-11-13,1,Catégorielle,Bretagne
Épidémies Hivernales,Grippe,Niveau d'alerte épidémique,75,2023-S46,2023-11-13,1,Catégorielle,Nouvelle-Aquitaine
Épidémies Hivernales,Grippe,Niveau d'alerte épidémique,94,2023-S46,2023-11-13,1,Catégorielle,Corse
Épidémies Hivernales,Grippe,Niveau d'alerte épidémique,01,2023-S47,2023-11-20,1,Catégorielle,Guadeloupe
Épidémies Hivernales,Grippe,Niveau d'alerte épidémique,24,2023-S47,2023-11-20,1,Catégorielle,Centre-Val de Loire
Épidémies Hivernales,Grippe,Niveau d'alerte épidémique,32,2023-S47,2023-11-20,1,Catégorielle,Hauts-de-France
Épidémies Hivernales,Grippe,Niveau d'alerte épidémique,44,2023-S47,2023-11-20,1,Catégorielle,Grand Est
Épidémies Hivernales,Grippe,Niveau d'alerte épidémique,53,2023-S47,2023-11-20,1,Catégorielle,Bretagne
Épidémies Hivernales,Grippe,Niveau d'alerte épidémique,76,2023-S47,2023-11-20,1,Catégorielle,Occitanie
Épidémies Hivernales,Grippe,Niveau d'alerte épidémique,03,2023-S48,2023-11-27,2,Catégorielle,Guyane
Épidémies Hivernales,Grippe,Niveau d'alerte épidémique,04,2023-S48,2023-11-27,4,Catégorielle,La Réunion
Épidémies Hivernales,Grippe,Niveau d'alerte épidémique,07,2023-S48,2023-11-27,1,Catégorielle,
Épidémies Hivernales,Grippe,Niveau d'alerte épidémique,08,2023-S48,2023-11-27,1,Catégorielle,
Épidémies Hivernales,Grippe,Niveau d'alerte épidémique,24,2023-S48,2023-11-27,2,Catégorielle,Centre-Val de Loire
Épidémies Hivernales,Grippe,Niveau d'alerte épidémique,28,2023-S48,2023-11-27,1,Catégorielle,Normandie
Épidémies Hivernales,Grippe,Niveau d'alerte épidémique,32,2023-S48,2023-11-27,1,Catégorielle,Hauts-de-France
Épidémies Hivernales,Grippe,Niveau d'alerte épidémique,52,2023-S48,2023-11-27,1,Catégorielle,Pays de la Loire
Épidémies Hivernales,Grippe,Niveau d'alerte épidémique,84,2023-S48,2023-11-27,2,Catégorielle,Auvergne-Rhône-Alpes
Épidémies Hivernales,Grippe,Niveau d'alerte épidémique,94,2023-S48,2023-11-27,1,Catégorielle,Corse
Épidémies Hivernales,Grippe,Niveau d'alerte épidémique,01,2023-S49,2023-12-04,1,Catégorielle,Guadeloupe
Épidémies Hivernales,Grippe,Niveau d'alerte épidémique,02,2023-S49,2023-12-04,1,Catégorielle,Martinique
Épidémies Hivernales,Grippe,Niveau d'alerte épidémique,03,2023-S49,2023-12-04,3,Catégorielle,Guyane
Épidémies Hivernales,Grippe,Niveau d'alerte épidémique,06,2023-S49,2023-12-04,3,Catégorielle,Mayotte
Épidémies Hivernales,Grippe,Niveau d'alerte épidémique,44,2023-S49,2023-12-04,2,Catégorielle,Grand Est
Épidémies Hivernales,Grippe,Niveau d'alerte épidémique,52,2023-S49,2023-12-04,2,Catégorielle,Pays de la Loire
Épidémies Hivernales,Grippe,Niveau d'alerte épidémique,53,2023-S49,2023-12-04,1,Catégorielle,Bretagne
Épidémies Hivernales,Grippe,Niveau d'alerte épidémique,84,2023-S49,2023-12-04,2,Catégorielle,Auvergne-Rhône-Alpes
Épidémies Hivernales,Grippe,Niveau d'alerte épidémique,01,2023-S50,2023-12-11,1,Catégorielle,Guadeloupe
Épidémies Hivernales,Grippe,Niveau d'alerte épidémique,03,2023-S50,2023-12-11,3,Catégorielle,Guyane
Épidémies Hivernales,Grippe,Niveau d'alerte épidémique,11,2023-S50,2023-12-11,2,Catégorielle,Île-de-France
Épidémies Hivernales,Grippe,Niveau d'alerte épidémique,52,2023-S50,2023-12-11,2,Catégorielle,Pays de la Loire
Épidémies Hivernales,Grippe,Niveau d'alerte épidémique,75,2023-S50,2023-12-11,2,Catégorielle,Nouvelle-Aquitaine
Épidémies Hivernales,Grippe,Niveau d'alerte épidémique,01,2023-S51,2023-12-18,2,Catégorielle,Guadeloupe
Épidémies Hivernales,Grippe,Niveau d'alerte épidémique,24,2023-S51,2023-12-18,2,Catégorielle,Centre-Val de Loire
Épidémies Hivernales,Grippe,Niveau d'alerte épidémique,76,2023-S51,2023-12-18,3,Catégorielle,Occitanie
Épidémies Hivernales,Grippe,Niveau d'alerte épidémique,84,2023-S51,2023-12-18,3,Catégorielle,Auvergne-Rhône-Alpes
Épidémies Hivernales,Grippe,Niveau d'alerte épidémique,93,2023-S51,2023-12-18,3,Catégorielle,Provence-Alpes-Côte d'Azur
Épidémies Hivernales,Grippe,Niveau d'alerte épidémique,94,2023-S51,2023-12-18,2,Catégorielle,Corse
Épidémies Hivernales,Grippe,Niveau d'alerte épidémique,01,2023-S52,2023-12-25,3,Catégorielle,Guadeloupe
Épidémies Hivernales,Grippe,Niveau d'alerte épidémique,06,2023-S52,2023-12-25,3,Catégorielle,Mayotte
Épidémies Hivernales,Grippe,Niveau d'alerte épidémique,28,2023-S52,2023-12-25,2,Catégorielle,Normandie
Épidémies Hivernales,Grippe,Niveau d'alerte épidémique,44,2023-S52,2023-12-25,3,Catégorielle,Grand Est
Épidémies Hivernales,Grippe,Niveau d'alerte épidémique,76,2023-S52,2023-12-25,3,Catégorielle,Occitanie
Épidémies Hivernales,Grippe,Niveau d'alerte épidémique,02,2024-S01,2024-01-01,2,Catégorielle,Martinique
Épidémies Hivernales,Grippe,Niveau d'alerte épidémique,07,2024-S01,2024-01-01,1,Catégorielle,
Épidémies Hivernales,Grippe,Niveau d'alerte épidémique,08,2024-S01,2024-01-01,3,Catégorielle,
Épidémies Hivernales,Grippe,Niveau d'alerte épidémique,11,2024-S01,2024-01-01,3,Catégorielle,Île-de-France
Épidémies Hivernales,Grippe,Niveau d'alerte épidémique,27,2024-S01,2024-01-01,3,Catégorielle,Bourgogne-Franche-Comté
Épidémies Hivernales,Grippe,Niveau d'alerte épidémique,28,2024-S01,2024-01-01,2,Catégorielle,Normandie
Épidémies Hivernales,Grippe,Niveau d'alerte épidémique,32,2024-S01,2024-01-01,3,Catégorielle,Hauts-de-France
Épidémies Hivernales,Grippe,Niveau d'alerte épidémique,84,2024-S01,2024-01-01,3,Catégorielle,Auvergne-Rhône-Alpes
Épidémies Hivernales,Grippe,Niveau d'alerte épidémique,03,2024-S02,2024-01-08,3,Catégorielle,Guyane
Épidémies Hivernales,Grippe,Niveau d'alerte épidémique,08,2024-S02,2024-01-08,3,Catégorielle,
Épidémies Hivernales,Grippe,Niveau d'alerte épidémique,24,2024-S02,2024-01-08,3,Catégorielle,Centre-Val de Loire
Épidémies Hivernales,Grippe,Niveau d'alerte épidémique,44,2024-S02,2024-01-08,3,Catégorielle,Grand Est
Épidémies Hivernales,Grippe,Niveau d'alerte épidémique,52,2024-S02,2024-01-08,3,Catégorielle,Pays de la Loire
Épidémies Hivernales,Grippe,Niveau d'alerte épidémique,76,2024-S02,2024-01-08,3,Catégorielle,Occitanie
Épidémies Hivernales,Grippe,Niveau d'alerte épidémique,84,2024-S02,2024-01-08,3,Catégorielle,Auvergne-Rhône-Alpes
Épidémies Hivernales,Grippe,Niveau d'alerte épidémique,01,2024-S03,2024-01-15,3,Catégorielle,Guadeloupe
Épidémies Hivernales,Grippe,Niveau d'alerte épidémique,04,2024-S03,2024-01-15,1,Catégorielle,La Réunion
Épidémies Hivernales,Grippe,Niveau d'alerte épidémique,11,2024-S03,2024-01-15,3,Catégorielle,Île-de-France
Épidémies Hivernales,Grippe,Niveau d'alerte épidémique,24,2024-S03,2024-01-15,3,Catégorielle,Centre-Val de Loire
Épidémies Hivernales,Grippe,Niveau d'alerte épidémique,27,2024-S03,2024-01-15,3,Catégorielle,Bourgogne-Franche-Comté
Épidémies Hivernales,Grippe,Niveau d'alerte épidémique,32,2024-S03,2024-01-15,3,Catégorielle,Hauts-de-France
Épidémies Hivernales,Grippe,Niveau d'alerte épidémique,53,2024-S03,2024-01-15,3,Catégorielle,Bretagne
Épidémies Hivernales,Grippe,Niveau d'alerte épidémique,76,2024-S03,2024-01-15,3,Catégorielle,Occitanie
Épidémies Hivernales,Grippe,Niveau d'alerte épidémique,08,2024-S04,2024-01-22,3,Catégorielle,
Épidémies Hivernales,Grippe,Niveau d'alerte épidémique,53,2024-S04,2024-01-22,3,Catégorielle,Bretagne
Épidémies Hivernales,Grippe,Niveau d'alerte épidémique,75,2024-S04,2024-01-22,3,Catégorielle,Nouvelle-Aquitaine
Épidémies Hivernales,Grippe,Niveau d'alerte épidémique,93,2024-S04,2024-01-22,3,Catégorielle,Provence-Alpes-Côte d'Azur
Épidémies Hivernales,Grippe,Niveau d'alerte épidémique,94,2024-S04,2024-01-22,3,Catégorielle,Corse
Épidémies Hivernales,Grippe,Niveau d'alerte épidémique,44,2024-S05,2024-01-29,3,Catégorielle,Grand Est
Épidémies Hivernales,Grippe,Niveau d'alerte épidémique,52,2024-S05,2024-01-29,3,Catégorielle,Pays de la Loire
Épidémies Hivernales,Grippe,Niveau d'alerte épidémique,75,2024-S05,2024-01-29,3,Catégorielle,Nouvelle-Aquitaine
Épidémies Hivernales,Grippe,Niveau d'alerte épidémique,01,2024-S06,2024-02-05,3,Catégorielle,Guadeloupe
Épidémies Hivernales,Grippe,Niveau d'alerte épidémique,02,2024-S06,2024-02-05,3,Catégorielle,Martinique
Épidémies Hivernales,Grippe,Niveau d'alerte épidémique,04,2024-S06,2024-02-05,1,Catégorielle,La Réunion
Épidémies Hivernales,Grippe,Niveau d'alerte épidémique,08,2024-S06,2024-02-05,3,Catégorielle,
Épidémies Hivernales,Grippe,Niveau d'alerte épidémique,11,2024-S06,2024-02-05,3,Catégorielle,Île-de-France
Épidémies Hivernales,Grippe,Niveau d'alerte épidémique,24,2024-S06,2024-02-05,3,Catégorielle,Centre-Val de Loire
Épidémies Hivernales,Grippe,Niveau d'alerte épidémique,76,2024-S06,2024-02-05,3,Catégorielle,Occitanie
Épidémies Hivernales,Grippe,Niveau d'alerte épidémique,93,2024-S06,2024-02-05,3,Catégorielle,Provence-Alpes-Côte d'Azur
Épidémies Hivernales,Grippe,Niveau d'alerte épidémique,04,2024-S07,2024-02-12,1,Catégorielle,La Réunion
Épidémies Hivernales,Grippe,Niveau d'alerte épidémique,24,2024-S07,2024-02-12,3,Catégorielle,Centre-Val de Loire
Épidémies Hivernales,Grippe,Niveau d'alerte épidémique,44,2024-S07,2024-02-12,3,Catégorielle,Grand Est
Épidémies Hivernales,Grippe,Niveau d'alerte épidémique,76,2024-S07,2024-02-12,3,Catégorielle,Occitanie
Épidémies Hivernales,Grippe,Niveau d'alerte épidémique,93,2024-S07,2024-02-12,3,Catégorielle,Provence-Alpes-Côte d'Azur
Épidémies Hivernales,Grippe,Niveau d'alerte épidémique,01,2024-S08,2024-02-19,3,Catégorielle,Guadeloupe
Épidémies Hivernales,Grippe,Niveau d'alerte épidémique,02,2024-S08,2024-02-19,3,Catégorielle,Martinique
Épidémies Hivernales,Grippe,Niveau d'alerte épidémique,03,2024-S08,2024-02-19,3,Catégorielle,Guyane
Épidémies Hivernales,Grippe,Niveau d'alerte épidémique,04,2024-S08,2024-02-19,1,Catégorielle,La Réunion
Épidémies Hivernales,Grippe,Niveau d'alerte épidémique,27,2024-S08,2024-02-19,3,Catégorielle,Bourgogne-Franche-Comté
Épidémies Hivernales,Grippe,Niveau d'alerte épidémique,53,2024-S08,2024-02-19,3,Catégorielle,Bretagne
Épidémies Hivernales,Grippe,Niveau d'alerte épidémique,94,2024-S08,2024-02-19,3,Catégorielle,Corse
Épidémies Hivernales,Grippe,Niveau d'alerte épidémique,03,2024-S09,2024-02-26,4,Catégorielle,Guyane
Épidémies Hivernales,Grippe,Niveau d'alerte épidémique,53,2024-S09,2024-02-26,4,Catégorielle,Bretagne
Épidémies Hivernales,Grippe,Niveau d'alerte épidémique,93,2024-S09,2024-02-26,3,Catégorielle,Provence-Alpes-Côte d'Azur
Épidémies Hivernales,Grippe,Niveau d'alerte épidémique,01,2024-S10,2024-03-04,3,Catégorielle,Guadeloupe
Épidémies Hivernales,Grippe,Niveau d'alerte épidémique,07,2024-S10,2024-03-04,1,Catégorielle,
Épidémies Hivernales,Grippe,Niveau d'alerte épidémique,11,2024-S10,2024-03-04,4,Catégorielle,Île-de-France
Épidémies Hivernales,Grippe,Niveau d'alerte épidémique,24,2024-S10,2024-03-04,4,Catégorielle,Centre-Val de Loire
Épidémies Hivernales,Grippe,Niveau d'alerte épidémique,28,2024-S10,2024-03-04,4,Catégorielle,Normandie
Épidémies Hivernales,Grippe,Niveau d'alerte épidémique,32,2024-S10,2024-03-04,4,Catégorielle,Hauts-de-France
Épidémies Hivernales,Grippe,Niveau d'alerte épidémique,93,2024-S10,2024-03-04,3,Catégorielle,Provence-Alpes-Côte d'Azur
Épidémies Hivernales,Grippe,Niveau d'alerte épidémique,94,2024-S10,2024-03-04,4,Catégorielle,Corse
Épidémies Hivernales,Grippe,Niveau d'alerte épidémique,11,2024-S11,2024-03-11,4,Catégorielle,Île-de-France
Épidémies Hivernales,Grippe,Niveau d'alerte épidémique,24,2024-S11,2024-03-11,4,Catégorielle,Centre-Val de Loire
Épidémies Hivernales,Grippe,Niveau d'alerte épidémique,32,2024-S11,2024-03-11,4,Catégorielle,Hauts-de-France
Épidémies Hivernales,Grippe,Niveau d'alerte épidémique,75,2024-S11,2024-03-11,4,Catégorielle,Nouvelle-Aquitaine
Épidémies Hivernales,Grippe,Niveau d'alerte épidémique,93,2024-S11,2024-03-11,4,Catégorielle,Provence-Alpes-Côte d'Azur
Épidémies Hivernales,Grippe,Niveau d'alerte épidémique,02,2024-S12,2024-03-18,3,Catégorielle,Martinique
Épidémies Hivernales,Grippe,Niveau d'alerte épidémique,03,2024-S12,2024-03-18,4,Catégorielle,Guyane
Épidémies Hivernales,Grippe,Niveau d'alerte épidémique,04,2024-S12,2024-03-18,1,Catégorielle,La Réunion
Épidémies Hivernales,Grippe,Niveau d'alerte épidémique,11,2024-S12,2024-03-18,4,Catégorielle,Île-de-France
Épidémies Hivernales,Grippe,Niveau d'alerte épidémique,28,2024-S12,2024-03-18,1,Catégorielle,Normandie
Épidémies Hivernales,Grippe,Niveau d'alerte épidémique,53,2024-S12,2024-03-18,1,Catégorielle,Bretagne
Épidémies Hivernales,Grippe,Niveau d'alerte épidémique,76,2024-S12,2024-03-18,1,Catégorielle,Occitanie
Épidémies Hivernales,Grippe,Niveau d'alerte épidémique,84,2024-S12,2024-03-18,1,Catégorielle,Auvergne-Rhône-Alpes
Épidémies Hivernales,Grippe,Niveau d'alerte épidémique,02,2024-S13,2024-03-25,3,Catégorielle,Martinique
Épidémies Hivernales,Grippe,Niveau d'alerte épidémique,03,2024-S13,2024-03-25,1,Catégorielle,Guyane
Épidémies Hivernales,Grippe,Niveau d'alerte épidémique,11,2024-S13,2024-03-25,1,Catégorielle,Île-de-France
Épidémies Hivernales,Grippe,Niveau d'alerte épidémique,53,2024-S13,2024-03-25,1,Catégorielle,Bretagne
Épidémies Hivernales,Grippe,Niveau d'alerte épidémique,93,2024-S13,2024-03-25,1,Catégorielle,Provence-Alpes-Côte d'Azur
Épidémies Hivernales,Grippe,Niveau d'alerte épidémique,94,2024-S13,2024-03-25,1,Catégorielle,Corse
Épidémies Hivernales,Grippe,Niveau d'alerte épidémique,03,2024-S14,2024-04-01,1,Catégorielle,Guyane
Épidémies Hivernales,Grippe,Niveau d'alerte épidémique,08,2024-S14,2024-04-01,1,Catégorielle,
Épidémies Hivernales,Grippe,Niveau d'alerte épidémique,11,2024-S14,2024-04-01,1,Catégorielle,Île-de-France
Épidémies Hivernales,Grippe,Niveau d'alerte épidémique,52,2024-S14,2024-04-01,1,Catégorielle,Pays de la Loire
Épidémies Hivernales,Grippe,Niveau d'alerte épidémique,53,2024-S14,2024-04-01,1,Catégorielle,Bretagne
Épidémies Hivernales,Grippe,Niveau d'alerte épidémique,75,2024-S14,2024-04-01,1,Catégorielle,Nouvelle-Aquitaine
Épidémies Hivernales,Grippe,Niveau d'alerte épidémique,84,2024-S14,2024-04-01,1,Catégorielle,Auvergne-Rhône-Alpes
Épidémies Hivernales,Grippe,Niveau d'alerte épidémique,93,2024-S14,2024-04-01,1,Catégorielle,Provence-Alpes-Côte d'Azur
Épidémies Hivernales,Grippe,Niveau d'alerte épidémique,07,2024-S15,2024-04-08,1,Catégorielle,
Épidémies Hivernales,Grippe,Niveau d'alerte épidémique,28,2024-S15,2024-04-08,1,Catégorielle,Normandie
Épidémies Hivernales,Grippe,Niveau d'alerte épidémique,32,2024-S15,2024-04-08,1,Catégorielle,Hauts-de-France
Épidémies Hivernales,Grippe,Niveau d'alerte épidémique,52,2024-S15,2024-04-08,1,Catégorielle,Pays de la Loire
Épidémies Hivernales,Grippe,Niveau d'alerte épidémique,75,2024-S15,2024-04-08,1,Catégorielle,Nouvelle-Aquitaine
Épidémies Hivernales,Grippe,Niveau d'alerte épidémique,84,2024-S17,2024-04-22,1,Catégorielle,Auvergne-Rhône-Alpes
Épidémies Hivernales,Grippe,Niveau d'alerte épidémique,01,2024-S40,2024-09-30,1,Catégorielle,Guadeloupe
Épidémies Hivernales,Grippe,Niveau d'alerte épidémique,03,2024-S40,2024-09-30,1,Catégorielle,Guyane
Épidémies Hivernales,Grippe,Niveau d'alerte épidémique,07,2024-S40,2024-09-30,1,Catégorielle,
Épidémies Hivernales,Grippe,Niveau d'alerte épidémique,24,2024-S40,2024-09-30,1,Catégorielle,Centre-Val de Loire
Épidémies Hivernales,Grippe,Niveau d'alerte épidémique,27,2024-S40,2024-09-30,1,Catégorielle,Bourgogne-Franche-Comté
Épidémies Hivernales,Grippe,Niveau d'alerte épidémique,28,2024-S40,2024-09-30,1,Catégorielle,Normandie
Épidémies Hivernales,Grippe,Niveau d'alerte épidémique,75,2024-S40,2024-09-30,1,Catégorielle,Nouvelle-Aquitaine
Épidémies Hivernales,Grippe,Niveau d'alerte épidémique,84,2024-S40,2024-09-30,1,Catégorielle,Auvergne-Rhône-Alpes
Épidémies Hivernales,Grippe,Niveau d'alerte épidémique,94,2024-S40,2024-09-30,1,Catégorielle,Corse
Épidémies Hivernales,Grippe,Niveau d'alerte épidémique,01,2024-S41,2024-10-07,1,Catégorielle,Guadeloupe
Épidémies Hivernales,Grippe,Niveau d'alerte épidémique,08,2024-S41,2024-10-07,1,Catégorielle,
Épidémies Hivernales,Grippe,Niveau d'alerte épidémique,24,2024-S41,2024-10-07,1,Catégorielle,Centre-Val de Loire
Épidémies Hivernales,Grippe,Niveau d'alerte épidémique,53,2024-S41,2024-10-07,1,Catégorielle,Bretagne
Épidémies Hivernales,Grippe,Niveau d'alerte épidémique,84,2024-S41,2024-10-07,1,Catégorielle,Auvergne-Rhône-Alpes
Épidémies Hivernales,Grippe,Niveau d'alerte épidémique,94,2024-S41,2024-10-07,1,Catégorielle,Corse
Épidémies Hivernales,Grippe,Niveau d'alerte épidémique,03,2024-S42,2024-10-14,1,Catégorielle,Guyane
Épidémies Hivernales,Grippe,Niveau d'alerte épidémique,07,2024-S42,2024-10-14,2,Catégorielle,
Épidémies Hivernales,Grippe,Niveau d'alerte épidémique,24,2024-S42,2024-10-14,1,Catégorielle,Centre-Val de Loire
Épidémies Hivernales,Grippe,Niveau d'alerte épidémique,27,2024-S42,2024-10-14,1,Catégorielle,Bourgogne-Franche-Comté
Épidémies Hivernales,Grippe,Niveau d'alerte épidémique,28,2024-S42,2024-10-14,1,Catégorielle,Normandie
Épidémies Hivernales,Grippe,Niveau d'alerte épidémique,44,2024-S42,2024-10-14,1,Catégorielle,Grand Est
Épidémies Hivernales,Grippe,Niveau d'alerte épidémique,52,2024-S42,2024-10-14,1,Catégorielle,Pays de la Loire
Épidémies Hivernales,Grippe,Niveau d'alerte épidémique,75,2024-S42,2024-10-14,1,Catégorielle,Nouvelle-Aquitaine
Épidémies Hivernales,Grippe,Niveau d'alerte épidémique,01,2024-S43,2024-10-21,1,Catégorielle,Guadeloupe
Épidémies Hivernales,Grippe,Niveau d'alerte épidémique,28,2024-S43,2024-10-21,1,Catégorielle,Normandie
Épidémies Hivernales,Grippe,Niveau d'alerte épidémique,53,2024-S43,2024-10-21,1,Catégorielle,Bretagne
Épidémies Hivernales,Grippe,Niveau d'alerte épidémique,76,2024-S43,2024-10-21,1,Catégorielle,Occitanie
Épidémies Hivernales,Grippe,Niveau d'alerte épidémique,01,2024-S44,2024-10-28,1,Catégorielle,Guadeloupe
Épidémies Hivernales,Grippe,Niveau d'alerte épidémique,02,2024-S44,2024-10-28,1,Catégorielle,Martinique
Épidémies Hivernales,Grippe,Niveau d'alerte épidémique,03,2024-S44,2024-10-28,1,Catégorielle,Guyane
Épidémies Hivernales,Grippe,Niveau d'alerte épidémique,24,2024-S44,2024-10-28,1,Catégorielle,Centre-Val de Loire
Épidémies Hivernales,Grippe,Niveau d'alerte épidémique,28,2024-S44,2024-10-28,1,Catégorielle,Normandie
Épidémies Hivernales,Grippe,Niveau d'alerte épidémique,32,2024-S44,2024-10-28,1,Catégorielle,Hauts-de-France
Épidémies Hivernales,Grippe,Niveau d'alerte épidémique,52,2024-S44,2024-10-28,1,Catégorielle,Pays de la Loire
Épidémies Hivernales,Grippe,Niveau d'alerte épidémique,03,2024-S45,2024-11-04,1,Catégorielle,Guyane
Épidémies Hivernales,Grippe,Niveau d'alerte épidémique,06,2024-S45,2024-11-04,1,Catégorielle,Mayotte
Épidémies Hivernales,Grippe,Niveau d'alerte épidémique,08,2024-S45,2024-11-04,1,Catégorielle,
Épidémies Hivernales,Grippe,Niveau d'alerte épidémique,11,2024-S45,2024-11-04,1,Catégorielle,Île-de-France
Épidémies Hivernales,Grippe,Niveau d'alerte épidémique,28,2024-S45,2024-11-04,1,Catégorielle,Normandie
Épidémies Hivernales,Grippe,Niveau d'alerte épidémique,53,2024-S45,2024-11-04,1,Catégorielle,Bretagne
Épidémies Hivernales,Grippe,Niveau d'alerte épidémique,84,2024-S45,2024-11-04,1,Catégorielle,Auvergne-Rhône-Alpes
Épidémies Hivernales,Grippe,Niveau d'alerte épidémique,04,2024-S46,2024-11-11,4,Catégorielle,La Réunion
Épidémies Hivernales,Grippe,Niveau d'alerte épidémique,07,2024-S46,2024-11-11,1,Catégorielle,
Épidémies Hivernales,Grippe,Niveau d'alerte épidémique,08,2024-S46,2024-11-11,1,Catégorielle,
Épidémies Hivernales,Grippe,Niveau d'alerte épidémique,24,2024-S46,2024-11-11,1,Catégorielle,Centre-Val de Loire
Épidémies Hivernales,Grippe,Niveau d'alerte épidémique,32,2024-S46,2024-11-11,1,Catégorielle,Hauts-de-France
Épidémies Hivernales,Grippe,Niveau d'alerte épidémique,44,2024-S46,2024-11-11,1,Catégorielle,Grand Est
Épidémies Hivernales,Grippe,Niveau d'alerte épidémique,93,2024-S46,2024-11-11,1,Catégorielle,Provence-Alpes-Côte d'Azur
Épidémies Hivernales,Grippe,Niveau d'alerte épidémique,27,2024-S47,2024-11-18,1,Catégorielle,Bourgogne-Franche-Comté
Épidémies Hivernales,Grippe,Niveau d'alerte épidémique,32,2024-S47,2024-11-18,2,Catégorielle,Hauts-de-France
Épidémies Hivernales,Grippe,Niveau d'alerte épidémique,44,2024-S47,2024-11-18,1,Catégorielle,Grand Est
Épidémies Hivernales,Grippe,Niveau d'alerte épidémique,52,2024-S47,2024-11-18,1,Catégorielle,Pays de la Loire
Épidémies Hivernales,Grippe,Niveau d'alerte épidémique,76,2024-S47,2024-11-18,1,Catégorielle,Occitanie
Épidémies Hivernales,Grippe,Niveau d'alerte épidémique,06,2024-S48,2024-11-25,1,Catégorielle,Mayotte
Épidémies Hivernales,Grippe,Niveau d'alerte épidémique,11,2024-S48,2024-11-25,3,Catégorielle,Île-de-France
Épidémies Hivernales,Grippe,Niveau d'alerte épidémique,24,2024-S48,2024-11-25,1,Catégorielle,Centre-Val de Loire
Épidémies Hivernales,Grippe,Niveau d'alerte épidémique,28,2024-S48,2024-11-25,2,Catégorielle,Normandie
Épidémies Hivernales,Grippe,Niveau d'alerte épidémique,32,2024-S48,2024-11-25,2,Catégorielle,Hauts-de-France
Épidémies Hivernales,Grippe,Niveau d'alerte épidémique,52,2024-S48,2024-11-25,1,Catégorielle,Pays de la Loire
Épidémies Hivernales,Grippe,Niveau d'alerte épidémique,53,2024-S48,2024-11-25,2,Catégorielle,Bretagne
Épidémies Hivernales,Grippe,Niveau d'alerte épidémique,76,2024-S48,2024-11-25,1,Catégorielle,Occitanie
Épidémies Hivernales,Grippe,Niveau d'alerte épidémique,94,2024-S48,2024-11-25,1,Catégorielle,Corse
Épidémies Hivernales,Grippe,Niveau d'alerte épidémique,02,2024-S49,2024-12-02,2,Catégorielle,Martinique
Épidémies Hivernales,Grippe,Niveau d'alerte épidémique,44,2024-S49,2024-12-02,2,Catégorielle,Grand Est
Épidémies Hivernales,Grippe,Niveau d'alerte épidémique,75,2024-S49,2024-12-02,2,Catégorielle,Nouvelle-Aquitaine
Épidémies Hivernales,Grippe,Niveau d'alerte épidémique,03,2024-S50,2024-12-09,1,Catégorielle,Guyane
Épidémies Hivernales,Grippe,Niveau d'alerte épidémique,07,2024-S50,2024-12-09,1,Catégorielle,
Épidémies Hivernales,Grippe,Niveau d'alerte épidémique,08,2024-S50,2024-12-09,1,Catégorielle,
Épidémies Hivernales,Grippe,Niveau d'alerte épidémique,53,2024-S50,2024-12-09,3,Catégorielle,Bretagne
Épidémies Hivernales,Grippe,Niveau d'alerte épidémique,76,2024-S50,2024-12-09,3,Catégorielle,Occitanie
Épidémies Hivernales,Grippe,Niveau d'alerte épidémique,93,2024-S50,2024-12-09,3,Catégorielle,Provence-Alpes-Côte d'Azur
Épidémies Hivernales,Grippe,Niveau d'alerte épidémique,03,2024-S51,2024-12-16,1,Catégorielle,Guyane
Épidémies Hivernales,Grippe,Niveau d'alerte épidémique,04,2024-S51,2024-12-16,1,Catégorielle,La Réunion
Épidémies Hivernales,Grippe,Niveau d'alerte épidémique,07,2024-S51,2024-12-16,1,Catégorielle,
Épidémies Hivernales,Grippe,Niveau d'alerte épidémique,11,2024-S51,2024-12-16,3,Catégorielle,Île-de-France
Épidémies Hivernales,Grippe,Niveau d'alerte épidémique,32,2024-S51,2024-12-16,3,Catégorielle,Hauts-de-France
Épidémies Hivernales,Grippe,Niveau d'alerte épidémique,44,2024-S51,2024-12-16,3,Catégorielle,Grand Est
Épidémies Hivernales,Grippe,Niveau d'alerte épidémique,94,2024-S51,2024-12-16,3,Catégorielle,Corse
Épidémies Hivernales,Grippe,Niveau d'alerte épidémique,01,2024-S52,2024-12-23,2,Catégorielle,Guadeloupe
Épidémies Hivernales,Grippe,Niveau d'alerte épidémique,03,2024-S52,2024-12-23,2,Catégorielle,Guyane
Épidémies Hivernales,Grippe,Niveau d'alerte épidémique,08,2024-S52,2024-12-23,1,Catégorielle,
Épidémies Hivernales,Grippe,Niveau d'alerte épidémique,28,2024-S52,2024-12-23,3,Catégorielle,Normandie
Épidémies Hivernales,Grippe,Niveau d'alerte épidémique,94,2024-S52,2024-12-23,3,Catégorielle,Corse
Épidémies Hivernales,Grippe,Niveau d'alerte épidémique,03,2025-S01,2024-12-30,2,Catégorielle,Guyane
Épidémies Hivernales,Grippe,Niveau d'alerte épidémique,08,2025-S01,2024-12-30,2,Catégorielle,
Épidémies Hivernales,Grippe,Niveau d'alerte épidémique,24,2025-S01,2024-12-30,3,Catégorielle,Centre-Val de Loire
Épidémies Hivernales,Grippe,Niveau d'alerte épidémique,27,2025-S01,2024-12-30,3,Catégorielle,Bourgogne-Franche-Comté
Épidémies Hivernales,Grippe,Niveau d'alerte épidémique,32,2025-S01,2024-12-30,3,Catégorielle,Hauts-de-France
Épidémies Hivernales,Grippe,Niveau d'alerte épidémique,44,2025-S01,2024-12-30,3,Catégorielle,Grand Est
Épidémies Hivernales,Grippe,Niveau d'alerte épidémique,52,2025-S01,2024-12-30,3,Catégorielle,Pays de la Loire
Épidémies Hivernales,Grippe,Niveau d'alerte épidémique,93,2025-S01,2024-12-30,3,Catégorielle,Provence-Alpes-Côte d'Azur
Épidémies Hivernales,Grippe,Niveau d'alerte épidémique,02,2025-S02,2025-01-06,3,Catégorielle,Martinique
Épidémies Hivernales,Grippe,Niveau d'alerte épidémique,08,2025-S02,2025-01-06,3,Catégorielle,
Épidémies Hivernales,Grippe,Niveau d'alerte épidémique,27,2025-S02,2025-01-06,3,Catégorielle,Bourgogne-Franche-Comté
Épidémies Hivernales,Grippe,Niveau d'alerte épidémique,94,2025-S02,2025-01-06,3,Catégorielle,Corse
Épidémies Hivernales,Grippe,Niveau d'alerte épidémique,03,2025-S03,2025-01-13,3,Catégorielle,Guyane
Épidémies Hivernales,Grippe,Niveau d'alerte épidémique,04,2025-S03,2025-01-13,1,Catégorielle,La Réunion
Épidémies Hivernales,Grippe,Niveau d'alerte épidémique,07,2025-S03,2025-01-13,3,Catégorielle,
Épidémies Hivernales,Grippe,Niveau d'alerte épidémique,28,2025-S03,2025-01-13,3,Catégorielle,Normandie
Épidémies Hivernales,Grippe,Niveau d'alerte épidémique,32,2025-S03,2025-01-13,3,Catégorielle,Hauts-de-France
Épidémies Hivernales,Grippe,Niveau d'alerte épidémique,75,2025-S03,2025-01-13,3,Catégorielle,Nouvelle-Aquitaine
Épidémies Hivernales,Grippe,Niveau d'alerte épidémique,24,2025-S04,2025-01-20,3,Catégorielle,Centre-Val de Loire
Épidémies Hivernales,Grippe,Niveau d'alerte épidémique,53,2025-S04,2025-01-20,3,Catégorielle,Bretagne
Épidémies Hivernales,Grippe,Niveau d'alerte épidémique,75,2025-S04,2025-01-20,3,Catégorielle,Nouvelle-Aquitaine
Épidémies Hivernales,Grippe,Niveau d'alerte épidémique,76,2025-S04,2025-01-20,3,Catégorielle,Occitanie
Épidémies Hivernales,Grippe,Niveau d'alerte épidémique,94,2025-S04,2025-01-20,3,Catégorielle,Corse
Épidémies Hivernales,Grippe,Niveau d'alerte épidémique,01,2025-S05,2025-01-27,3,Catégorielle,Guadeloupe
Épidémies Hivernales,Grippe,Niveau d'alerte épidémique,03,2025-S05,2025-01-27,3,Catégorielle,Guyane
Épidémies Hivernales,Grippe,Niveau d'alerte épidémique,06,2025-S05,2025-01-27,3,Catégorielle,Mayotte
Épidémies Hivernales,Grippe,Niveau d'alerte épidémique,07,2025-S05,2025-01-27,3,Catégorielle,
Épidémies Hivernales,Grippe,Niveau d'alerte épidémique,08,2025-S05,2025-01-27,3,Catégorielle,
Épidémies Hivernales,Grippe,Niveau d'alerte épidémique,52,2025-S05,2025-01-27,3,Catégorielle,Pays de la Loire
Épidémies Hivernales,Grippe,Niveau d'alerte épidémique,53,2025-S05,2025-01-27,3,Catégorielle,Bretagne
Épidémies Hivernales,Grippe,Niveau d'alerte épidémique,76,2025-S05,2025-01-27,3,Catégorielle,Occitanie
Épidémies Hivernales,Grippe,Niveau d'alerte épidémique,28,2025-S06,2025-02-03,3,Catégorielle,Normandie
Épidémies Hivernales,Grippe,Niveau d'alerte épidémique,53,2025-S06,2025-02-03,3,Catégorielle,Bretagne
Épidémies Hivernales,Grippe,Niveau d'alerte épidémique,76,2025-S06,2025-02-03,3,Catégorielle,Occitanie
Épidémies Hivernales,Grippe,Niveau d'alerte épidémique,93,2025-S06,2025-02-03,3,Catégorielle,Provence-Alpes-Côte d'Azur
Épidémies Hivernales,Grippe,Niveau d'alerte épidémique,03,2025-S07,2025-02-10,3,Catégorielle,Guyane
Épidémies Hivernales,Grippe,Niveau d'alerte épidémique,07,2025-S07,2025-02-10,3,Catégorielle,
Épidémies Hivernales,Grippe,Niveau d'alerte épidémique,44,2025-S07,2025-02-10,3,Catégorielle,Grand Est
Épidémies Hivernales,Grippe,Niveau d'alerte épidémique,53,2025-S07,2025-02-10,3,Catégorielle,Bretagne
Épidémies Hivernales,Grippe,Niveau d'alerte épidémique,84,2025-S07,2025-02-10,3,Catégorielle,Auvergne-Rhône-Alpes
Épidémies Hivernales,Grippe,Niveau d'alerte épidémique,04,2025-S08,2025-02-17,1,Catégorielle,La Réunion
Épidémies Hivernales,Grippe,Niveau d'alerte épidémique,06,2025-S08,2025-02-17,3,Catégorielle,Mayotte
Épidémies Hivernales,Grippe,Niveau d'alerte épidémique,27,2025-S08,2025-02-17,3,Catégorielle,Bourgogne-Franche-Comté
Épidémies Hivernales,Grippe,Niveau d'alerte épidémique,32,2025-S08,2025-02-17,3,Catégorielle,Hauts-de-France
Épidémies Hivernales,Grippe,Niveau d'alerte épidémique,93,2025-S08,2025-02-17,3,Catégorielle,Provence-Alpes-Côte d'Azur
Épidémies Hivernales,Grippe,Niveau d'alerte épidémique,02,2025-S09,2025-02-24,3,Catégorielle,Martinique
Épidémies Hivernales,Grippe,Niveau d'alerte épidémique,03,2025-S09,2025-02-24,3,Catégorielle,Guyane
Épidémies Hivernales,Grippe,Niveau d'alerte épidémique,07,2025-S09,2025-02-24,3,Catégorielle,
Épidémies Hivernales,Grippe,Niveau d'alerte épidémique,24,2025-S09,2025-02-24,4,Catégorielle,Centre-Val de Loire
Épidémies Hivernales,Grippe,Niveau d'alerte épidémique,53,2025-S09,2025-02-24,3,Catégorielle,Bretagne
Épidémies Hivernales,Grippe,Niveau d'alerte épidémique,01,2025-S10,2025-03-03,3,Catégorielle,Guadeloupe
Épidémies Hivernales,Grippe,Niveau d'alerte épidémique,03,2025-S10,2025-03-03,3,Catégorielle,Guyane
Épidémies Hivernales,Grippe,Niveau d'alerte épidémique,24,2025-S10,2025-03-03,4,Catégorielle,Centre-Val de Loire
Épidémies Hivernales,Grippe,Niveau d'alerte épidémique,44,2025-S10,2025-03-03,4,Catégorielle,Grand Est
Épidémies Hivernales,Grippe,Niveau d'alerte épidémique,52,2025-S10,2025-03-03,4,Catégorielle,Pays de la Loire
Épidémies Hivernales,Grippe,Niveau d'alerte épidémique,75,2025-S10,2025-03-03,3,Catégorielle,Nouvelle-Aquitaine
Épidémies Hivernales,Grippe,Niveau d'alerte épidémique,84,2025-S10,2025-03-03,4,Catégorielle,Auvergne-Rhône-Alpes
Épidémies Hivernales,Grippe,Niveau d'alerte épidémique,03,2025-S11,2025-03-10,3,Catégorielle,Guyane
Épidémies Hivernales,Grippe,Niveau d'alerte épidémique,07,2025-S11,2025-03-10,3,Catégorielle,
Épidémies Hivernales,Grippe,Niveau d'alerte épidémique,28,2025-S11,2025-03-10,4,Catégorielle,Normandie
Épidémies Hivernales,Grippe,Niveau d'alerte épidémique,44,2025-S11,2025-03-10,4,Catégorielle,Grand Est
Épidémies Hivernales,Grippe,Niveau d'alerte épidémique,53,2025-S11,2025-03-10,4,Catégorielle,Bretagne
Épidémies Hivernales,Grippe,Niveau d'alerte épidémique,84,2025-S11,2025-03-10,4,Catégorielle,Auvergne-Rhône-Alpes
Épidémies Hivernales,Grippe,Niveau d'alerte épidémique,28,2025-S12,2025-03-17,4,Catégorielle,Normandie
Épidémies Hivernales,Grippe,Niveau d'alerte épidémique,52,2025-S12,2025-03-17,1,Catégorielle,Pays de la Loire
Épidémies Hivernales,Grippe,Niveau d'alerte épidémique,02,2025-S13,2025-03-24,3,Catégorielle,Martinique
Épidémies Hivernales,Grippe,Niveau d'alerte épidémique,07,2025-S13,2025-03-24,4,Catégorielle,
Épidémies Hivernales,Grippe,Niveau d'alerte épidémique,32,2025-S13,2025-03-24,4,Catégorielle,Hauts-de-France
Épidémies Hivernales,Grippe,Niveau d'alerte épidémique,44,2025-S13,2025-03-24,4,Catégorielle,Grand Est
Épidémies Hivernales,Grippe,Niveau d'alerte épidémique,52,2025-S13,2025-03-24,1,Catégorielle,Pays de la Loire
Épidémies Hivernales,Grippe,Niveau d'alerte épidémique,76,2025-S13,2025-03-24,1,Catégorielle,Occitanie
Épidémies Hivernales,Grippe,Niveau d'alerte épidémique,84,2025-S13,2025-03-24,1,Catégorielle,Auvergne-Rhône-Alpes
Épidémies Hivernales,Grippe,Niveau d'alerte épidémique,01,2025-S14,2025-03-31,3,Catégorielle,Guadeloupe
Épidémies Hivernales,Grippe,Niveau d'alerte épidémique,32,2025-S14,2025-03-31,1,Catégorielle,Hauts-de-France
Épidémies Hivernales,Grippe,Niveau d'alerte épidémique,44,2025-S14,2025-03-31,1,Catégorielle,Grand Est
Épidémies Hivernales,Grippe,Niveau d'alerte épidémique,75,2025-S14,2025-03-31,1,Catégorielle,Nouvelle-Aquitaine
Épidémies Hivernales,Grippe,Niveau d'alerte épidémique,84,2025-S14,2025-03-31,1,Catégorielle,Auvergne-Rhône-Alpes
Épidémies Hivernales,Grippe,Niveau d'alerte épidémique,93,2025-S14,2025-03-31,1,Catégorielle,Provence-Alpes-Côte d'Azur
Épidémies Hivernales,Grippe,Niveau d'alerte épidémique,01,2025-S15,2025-04-07,3,Catégorielle,Guadeloupe
Épidémies Hivernales,Grippe,Niveau d'alerte épidémique,03,2025-S15,2025-04-07,3,Catégorielle,Guyane
Épidémies Hivernales,Grippe,Niveau d'alerte épidémique,04,2025-S15,2025-04-07,1,Catégorielle,La Réunion
Épidémies Hivernales,Grippe,Niveau d'alerte épidémique,11,2025-S15,2025-04-07,1,Catégorielle,Île-de-France
Épidémies Hivernales,Grippe,Niveau d'alerte épidémique,28,2025-S15,2025-04-07,1,Catégorielle,Normandie
Épidémies Hivernales,Grippe,Niveau d'alerte épidémique,06,2025-S16,2025-04-14,4,Catégorielle,Mayotte
Épidémies Hivernales,Grippe,Niveau d'alerte épidémique,32,2025-S16,2025-04-14,1,Catégorielle,Hauts-de-France
Épidémies Hivernales,Grippe,Niveau d'alerte épidémique,04,2025-S18,2025-04-28,1,Catégorielle,La Réunion
Épidémies Hivernales,Grippe,Niveau d'alerte épidémique,03,2025-S19,2025-05-05,3,Catégorielle,Guyane
Épidémies Hivernales,Grippe,Niveau d'alerte épidémique,04,2025-S20,2025-05-12,1,Catégorielle,La Réunion
Épidémies Hivernales,Grippe,Niveau d'alerte épidémique,11,2025-S38,2025-09-15,1,Catégorielle,Île-de-France
Épidémies Hivernales,Grippe,Niveau d'alerte épidémique,01,2025-S40,2025-09-29,1,Catégorielle,Guadeloupe
Épidémies Hivernales,Grippe,Niveau d'alerte épidémique,24,2025-S40,2025-09-29,1,Catégorielle,Centre-Val de Loire
Épidémies Hivernales,Grippe,Niveau d'alerte épidémique,28,2025-S40,2025-09-29,1,Catégorielle,Normandie
Épidémies Hivernales,Grippe,Niveau d'alerte épidémique,32,2025-S40,2025-09-29,1,Catégorielle,Hauts-de-France
Épidémies Hivernales,Grippe,Niveau d'alerte épidémique,76,2025-S40,2025-09-29,1,Catégorielle,Occitanie
Épidémies Hivernales,Grippe,Niveau d'alerte épidémique,93,2025-S40,2025-09-29,1,Catégorielle,Provence-Alpes-Côte d'Azur
Épidémies Hivernales,Grippe,Niveau d'alerte épidémique,04,2025-S41,2025-10-06,4,Catégorielle,La Réunion
Épidémies Hivernales,Grippe,Niveau d'alerte épidémique,84,2025-S41,2025-10-06,1,Catégorielle,Auvergne-Rhône-Alpes
Épidémies Hivernales,Grippe,Niveau d'alerte épidémique,93,2025-S41,2025-10-06,1,Catégorielle,Provence-Alpes-Côte d'Azur
Épidémies Hivernales,Grippe,Niveau d'alerte épidémique,03,2025-S42,2025-10-13,1,Catégorielle,Guyane
Épidémies Hivernales,Grippe,Niveau d'alerte épidémique,07,2025-S42,2025-10-13,1,Catégorielle,
Épidémies Hivernales,Grippe,Niveau d'alerte épidémique,32,2025-S42,2025-10-13,1,Catégorielle,Hauts-de-France
Épidémies Hivernales,Grippe,Niveau d'alerte épidémique,52,2025-S42,2025-10-13,1,Catégorielle,Pays de la Loire
Épidémies Hivernales,Grippe,Niveau d'alerte épidémique,94,2025-S42,2025-10-13,1,Catégorielle,Corse
Épidémies Hivernales,Grippe,Niveau d'alerte épidémique,27,2025-S43,2025-10-20,1,Catégorielle,Bourgogne-Franche-Comté
Épidémies Hivernales,Grippe,Niveau d'alerte épidémique,53,2025-S43,2025-10-20,1,Catégorielle,Bretagne
Épidémies Hivernales,Grippe,Niveau d'alerte épidémique,84,2025-S43,2025-10-20,1,Catégorielle,Auvergne-Rhône-Alpes
Épidémies Hivernales,Grippe,Niveau d'alerte épidémique,93,2025-S43,2025-10-20,1,Catégorielle,Provence-Alpes-Côte d'Azur
Épidémies Hivernales,Grippe,Niveau d'alerte épidémique,94,2025-S43,2025-10-20,1,Catégorielle,Corse
Épidémies Hivernales,Grippe,Niveau d'alerte épidémique,08,2025-S44,2025-10-27,1,Catégorielle,
Épidémies Hivernales,Grippe,Niveau d'alerte épidémique,75,2025-S44,2025-10-27,1,Catégorielle,Nouvelle-Aquitaine
Épidémies Hivernales,Grippe,Niveau d'alerte épidémique,84,2025-S44,2025-10-27,1,Catégorielle,Auvergne-Rhône-Alpes
Épidémies Hivernales,Grippe,Niveau d'alerte épidémique,93,2025-S44,2025-10-27,1,Catégorielle,Provence-Alpes-Côte d'Azur
Épidémies Hivernales,Grippe,Niveau d'alerte épidémique,01,2025-S46,2025-11-10,1,Catégorielle,Guadeloupe
Épidémies Hivernales,Grippe,Niveau d'alerte épidémique,03,2025-S46,2025-11-10,1,Catégorielle,Guyane
Épidémies Hivernales,Grippe,Niveau d'alerte épidémique,07,2025-S46,2025-11-10,1,Catégorielle,
Épidémies Hivernales,Grippe,Niveau d'alerte épidémique,04,2025-S47,2025-11-17,1,Catégorielle,La Réunion
Épidémies Hivernales,Grippe,Niveau d'alerte épidémique,07,2025-S47,2025-11-17,1,Catégorielle,
Épidémies Hivernales,Grippe,Niveau d'alerte épidémique,24,2025-S47,2025-11-17,1,Catégorielle,Centre-Val de Loire
Épidémies Hivernales,Grippe,Niveau d'alerte épidémique,28,2025-S47,2025-11-17,2,Catégorielle,Normandie
Épidémies Hivernales,Grippe,Niveau d'alerte épidémique,94,2025-S47,2025-11-17,1,Catégorielle,Corse
Épidémies Hivernales,Grippe,Niveau d'alerte épidémique,03,2025-S48,2025-11-24,1,Catégorielle,Guyane
Épidémies Hivernales,Grippe,Niveau d'alerte épidémique,06,2025-S48,2025-11-24,3,Catégorielle,Mayotte
Épidémies Hivernales,Grippe,Niveau d'alerte épidémique,07,2025-S48,2025-11-24,1,Catégorielle,
Épidémies Hivernales,Grippe,Niveau d'alerte épidémique,11,2025-S48,2025-11-24,3,Catégorielle,Île-de-France
Épidémies Hivernales,Grippe,Niveau d'alerte épidémique,27,2025-S48,2025-11-24,2,Catégorielle,Bourgogne-Franche-Comté
Épidémies Hivernales,Grippe,Niveau d'alerte épidémique,53,2025-S48,2025-11-24,2,Catégorielle,Bretagne
Épidémies Hivernales,Grippe,Niveau d'alerte épidémique,76,2025-S48,2025-11-24,2,Catégorielle,Occitanie
Épidémies Hivernales,Grippe,Niveau d'alerte épidémique,94,2025-S48,2025-11-24,1,Catégorielle,Corse
Épidémies Hivernales,Grippe,Niveau d'alerte épidémique,01,2025-S49,2025-12-01,1,Catégorielle,Guadeloupe
Épidémies Hivernales,Grippe,Niveau d'alerte épidémique,03,2025-S49,2025-12-01,2,Catégorielle,Guyane
Épidémies Hivernales,Grippe,Niveau d'alerte épidémique,24,2025-S49,2025-12-01,3,Catégorielle,Centre-Val de Loire
Épidémies Hivernales,Grippe,Niveau d'alerte épidémique,28,2025-S49,2025-12-01,3,Catégorielle,Normandie
Épidémies Hivernales,Grippe,Niveau d'alerte épidémique,53,2025-S49,2025-12-01,3,Catégorielle,Bretagne
Épidémies Hivernales,Grippe,Niveau d'alerte épidémique,03,2025-S50,2025-12-08,3,Catégorielle,Guyane
Épidémies Hivernales,Grippe,Niveau d'alerte épidémique,08,2025-S50,2025-12-08,3,Catégorielle,
Épidémies Hivernales,Grippe,Niveau d'alerte épidémique,11,2025-S50,2025-12-08,3,Catégorielle,Île-de-France
Épidémies Hivernales,Grippe,Niveau d'alerte épidémique,32,2025-S50,2025-12-08,3,Catégorielle,Hauts-de-France
Épidémies Hivernales,Grippe,Niveau d'alerte épidémique,52,2025-S50,2025-12-08,3,Catégorielle,Pays de la Loire
Épidémies Hivernales,Grippe,Niveau d'alerte épidémique,75,2025-S50,2025-12-08,3,Catégorielle,Nouvelle-Aquitaine
Épidémies Hivernales,Grippe,Niveau d'alerte épidémique,76,2025-S50,2025-12-08,3,Catégorielle,Occitanie
Épidémies Hivernales,Grippe,Niveau d'alerte épidémique,84,2025-S50,2025-12-08,3,Catégorielle,Auvergne-Rhône-Alpes
Épidémies Hivernales,Grippe,Niveau d'alerte épidémique,94,2025-S50,2025-12-08,3,Catégorielle,Corse
Épidémies Hivernales,Grippe,Niveau d'alerte épidémique,02,2025-S51,2025-12-15,3,Catégorielle,Martinique
Épidémies Hivernales,Grippe,Niveau d'alerte épidémique,04,2025-S51,2025-12-15,2,Catégorielle,La Réunion
Épidémies Hivernales,Grippe,Niveau d'alerte épidémique,06,2025-S51,2025-12-15,3,Catégorielle,Mayotte
Épidémies Hivernales,Grippe,Niveau d'alerte épidémique,52,2025-S51,2025-12-15,3,Catégorielle,Pays de la Loire
Épidémies Hivernales,Grippe,Niveau d'alerte épidémique,75,2025-S51,2025-12-15,3,Catégorielle,Nouvelle-Aquitaine
Épidémies Hivernales,Grippe,Niveau d'alerte épidémique,76,2025-S51,2025-12-15,3,Catégorielle,Occitanie
Épidémies Hivernales,Grippe,Niveau d'alerte épidémique,01,2025-S52,2025-12-22,3,Catégorielle,Guadeloupe
Épidémies Hivernales,Grippe,Niveau d'alerte épidémique,02,2025-S52,2025-12-22,3,Catégorielle,Martinique
Épidémies Hivernales,Grippe,Niveau d'alerte épidémique,03,2025-S52,2025-12-22,3,Catégorielle,Guyane
Épidémies Hivernales,Grippe,Niveau d'alerte épidémique,11,2025-S52,2025-12-22,3,Catégorielle,Île-de-France
Épidémies Hivernales,Grippe,Niveau d'alerte épidémique,27,2025-S52,2025-12-22,3,Catégorielle,Bourgogne-Franche-Comté
Épidémies Hivernales,Grippe,Niveau d'alerte épidémique,32,2025-S52,2025-12-22,3,Catégorielle,Hauts-de-France
Épidémies Hivernales,Grippe,Niveau d'alerte épidémique,44,2025-S52,2025-12-22,3,Catégorielle,Grand Est
Épidémies Hivernales,Grippe,Niveau d'alerte épidémique,53,2025-S52,2025-12-22,3,Catégorielle,Bretagne
Épidémies Hivernales,Grippe,Niveau d'alerte épidémique,84,2025-S52,2025-12-22,3,Catégorielle,Auvergne-Rhône-Alpes
Épidémies Hivernales,Grippe,Niveau d'alerte épidémique,04,2026-S01,2025-12-29,2,Catégorielle,La Réunion
Épidémies Hivernales,Grippe,Niveau d'alerte épidémique,28,2026-S01,2025-12-29,3,Catégorielle,Normandie
Épidémies Hivernales,Grippe,Niveau d'alerte épidémique,44,2026-S01,2025-12-29,3,Catégorielle,Grand Est
Épidémies Hivernales,Grippe,Niveau d'alerte épidémique,53,2026-S01,2025-12-29,3,Catégorielle,Bretagne
Épidémies Hivernales,Grippe,Niveau d'alerte épidémique,94,2026-S01,2025-12-29,3,Catégorielle,Corse
Épidémies Hivernales,Grippe,Niveau d'alerte épidémique,01,2026-S02,2026-01-05,3,Catégorielle,Guadeloupe
Épidémies Hivernales,Grippe,Niveau d'alerte épidémique,03,2026-S02,2026-01-05,3,Catégorielle,Guyane
Épidémies Hivernales,Grippe,Niveau d'alerte épidémique,07,2026-S02,2026-01-05,1,Catégorielle,
Épidémies Hivernales,Grippe,Niveau d'alerte épidémique,24,2026-S02,2026-01-05,3,Catégorielle,Centre-Val de Loire
Épidémies Hivernales,Grippe,Niveau d'alerte épidémique,32,2026-S02,2026-01-05,3,Catégorielle,Hauts-de-France
Épidémies Hivernales,Grippe,Niveau d'alerte épidémique,53,2026-S02,2026-01-05,3,Catégorielle,Bretagne
Épidémies Hivernales,Grippe,Niveau d'alerte épidémique,75,2026-S02,2026-01-05,3,Catégorielle,Nouvelle-Aquitaine
Épidémies Hivernales,Grippe,Niveau d'alerte épidémique,84,2026-S02,2026-01-05,3,Catégorielle,Auvergne-Rhône-Alpes
Épidémies Hivernales,Grippe,Niveau d'alerte épidémique,93,2026-S02,2026-01-05,3,Catégorielle,Provence-Alpes-Côte d'Azur
Épidémies Hivernales,Grippe,Niveau d'alerte épidémique,94,2026-S02,2026-01-05,3,Catégorielle,Corse
Épidémies Hivernales,Grippe,Niveau d'alerte épidémique,02,2026-S03,2026-01-12,3,Catégorielle,Martinique
Épidémies Hivernales,Grippe,Niveau d'alerte épidémique,03,2026-S03,2026-01-12,3,Catégorielle,Guyane
Épidémies Hivernales,Grippe,Niveau d'alerte épidémique,04,2026-S03,2026-01-12,1,Catégorielle,La Réunion
Épidémies Hivernales,Grippe,Niveau d'alerte épidémique,06,2026-S03,2026-01-12,4,Catégorielle,Mayotte
Épidémies Hivernales,Grippe,Niveau d'alerte épidémique,11,2026-S03,2026-01-12,3,Catégorielle,Île-de-France
Épidémies Hivernales,Grippe,Niveau d'alerte épidémique,24,2026-S03,2026-01-12,3,Catégorielle,Centre-Val de Loire
Épidémies Hivernales,Grippe,Niveau d'alerte épidémique,32,2026-S03,2026-01-12,3,Catégorielle,Hauts-de-France
Épidémies Hivernales,Grippe,Niveau d'alerte épidémique,44,2026-S03,2026-01-12,3,Catégorielle,Grand Est
Épidémies Hivernales,Grippe,Niveau d'alerte épidémique,52,2026-S03,2026-01-12,3,Catégorielle,Pays de la Loire
Épidémies Hivernales,Grippe,Niveau d'alerte épidémique,75,2026-S03,2026-01-12,3,Catégorielle,Nouvelle-Aquitaine
Épidémies Hivernales,Grippe,Niveau d'alerte épidémique,84,2026-S03,2026-01-12,3,Catégorielle,Auvergne-Rhône-Alpes
Épidémies Hivernales,Grippe,Niveau d'alerte épidémique,01,2026-S04,2026-01-19,3,Catégorielle,Guadeloupe
Épidémies Hivernales,Grippe,Niveau d'alerte épidémique,24,2026-S04,2026-01-19,3,Catégorielle,Centre-Val de Loire
Épidémies Hivernales,Grippe,Niveau d'alerte épidémique,28,2026-S04,2026-01-19,3,Catégorielle,Normandie
Épidémies Hivernales,Grippe,Niveau d'alerte épidémique,76,2026-S04,2026-01-19,3,Catégorielle,Occitanie
Épidémies Hivernales,Grippe,Niveau d'alerte épidémique,94,2026-S04,2026-01-19,3,Catégorielle,Corse
Épidémies Hivernales,Grippe,Niveau d'alerte épidémique,03,2026-S05,2026-01-26,3,Catégorielle,Guyane
Épidémies Hivernales,Grippe,Niveau d'alerte épidémique,04,2026-S05,2026-01-26,1,Catégorielle,La Réunion
Épidémies Hivernales,Grippe,Niveau d'alerte épidémique,06,2026-S05,2026-01-26,4,Catégorielle,Mayotte
Épidémies Hivernales,Grippe,Niveau d'alerte épidémique,28,2026-S05,2026-01-26,3,Catégorielle,Normandie
Épidémies Hivernales,Grippe,Niveau d'alerte épidémique,44,2026-S05,2026-01-26,3,Catégorielle,Grand Est
Épidémies Hivernales,Grippe,Niveau d'alerte épidémique,76,2026-S05,2026-01-26,3,Catégorielle,Occitanie
Épidémies Hivernales,Grippe,Niveau d'alerte épidémique,84,2026-S05,2026-01-26,3,Catégorielle,Auvergne-Rhône-Alpes
Épidémies Hivernales,Grippe,Niveau d'alerte épidémique,94,2026-S05,2026-01-26,3,Catégorielle,Corse
Épidémies Hivernales,Grippe,Niveau d'alerte épidémique,08,2026-S06,2026-02-02,3,Catégorielle,
Épidémies Hivernales,Grippe,Niveau d'alerte épidémique,24,2026-S06,2026-02-02,3,Catégorielle,Centre-Val de Loire
Épidémies Hivernales,Grippe,Niveau d'alerte épidémique,28,2026-S06,2026-02-02,3,Catégorielle,Normandie
Épidémies Hivernales,Grippe,Niveau d'alerte épidémique,32,2026-S06,2026-02-02,3,Catégorielle,Hauts-de-France
Épidémies Hivernales,Grippe,Niveau d'alerte épidémique,93,2026-S06,2026-02-02,3,Catégorielle,Provence-Alpes-Côte d'Azur
Épidémies Hivernales,Grippe,Niveau d'alerte épidémique,04,2026-S07,2026-02-09,1,Catégorielle,La Réunion
Épidémies Hivernales,Grippe,Niveau d'alerte épidémique,06,2026-S07,2026-02-09,4,Catégorielle,Mayotte
Épidémies Hivernales,Grippe,Niveau d'alerte épidémique,84,2026-S07,2026-02-09,4,Catégorielle,Auvergne-Rhône-Alpes
Épidémies Hivernales,Grippe,Niveau d'alerte épidémique,01,2026-S08,2026-02-16,3,Catégorielle,Guadeloupe
Épidémies Hivernales,Grippe,Niveau d'alerte épidémique,03,2026-S08,2026-02-16,3,Catégorielle,Guyane
Épidémies Hivernales,Grippe,Niveau d'alerte épidémique,04,2026-S08,2026-02-16,1,Catégorielle,La Réunion
Épidémies Hivernales,Grippe,Niveau d'alerte épidémique,06,2026-S08,2026-02-16,4,Catégorielle,Mayotte
Épidémies Hivernales,Grippe,Niveau d'alerte épidémique,24,2026-S08,2026-02-16,1,Catégorielle,Centre-Val de Loire
Épidémies Hivernales,Grippe,Niveau d'alerte épidémique,32,2026-S08,2026-02-16,4,Catégorielle,Hauts-de-France
Épidémies Hivernales,Grippe,Niveau d'alerte épidémique,44,2026-S08,2026-02-16,4,Catégorielle,Grand Est
Épidémies Hivernales,Grippe,Niveau d'alerte épidémique,52,2026-S08,2026-02-16,4,Catégorielle,Pays de la Loire
Épidémies Hivernales,Grippe,Niveau d'alerte épidémique,94,2026-S08,2026-02-16,4,Catégorielle,Corse
Épidémies Hivernales,Grippe,Niveau d'alerte épidémique,02,2026-S09,2026-02-23,3,Catégorielle,Martinique
Épidémies Hivernales,Grippe,Niveau d'alerte épidémique,04,2026-S09,2026-02-23,1,Catégorielle,La Réunion
Épidémies Hivernales,Grippe,Niveau d'alerte épidémique,44,2026-S09,2026-02-23,1,Catégorielle,Grand Est
Épidémies Hivernales,Grippe,Niveau d'alerte épidémique,52,2026-S09,2026-02-23,1,Catégorielle,Pays de la Loire
Épidémies Hivernales,Grippe,Niveau d'alerte épidémique,53,2026-S09,2026-02-23,1,Catégorielle,Bretagne
Épidémies Hivernales,Grippe,Niveau d'alerte épidémique,84,2026-S09,2026-02-23,1,Catégorielle,Auvergne-Rhône-Alpes
Épidémies Hivernales,Grippe,Niveau d'alerte épidémique,44,2026-S10,2026-03-02,1,Catégorielle,Grand Est
Épidémies Hivernales,Grippe,Niveau d'alerte épidémique,84,2026-S10,2026-03-02,1,Catégorielle,Auvergne-Rhône-Alpes
Épidémies Hivernales,Grippe,Niveau d'alerte épidémique,94,2026-S10,2026-03-02,1,Catégorielle,Corse
Épidémies Hivernales,Grippe,Niveau d'alerte épidémique,02,2026-S11,2026-03-09,3,Catégorielle,Martinique
Épidémies Hivernales,Grippe,Niveau d'alerte épidémique,03,2026-S11,2026-03-09,1,Catégorielle,Guyane
Épidémies Hivernales,Grippe,Niveau d'alerte épidémique,11,2026-S11,2026-03-09,1,Catégorielle,Île-de-France
Épidémies Hivernales,Grippe,Niveau d'alerte épidémique,24,2026-S11,2026-03-09,1,Catégorielle,Centre-Val de Loire
Épidémies Hivernales,Grippe,Niveau d'alerte épidémique,28,2026-S11,2026-03-09,1,Catégorielle,Normandie
Épidémies Hivernales,Grippe,Niveau d'alerte épidémique,84,2026-S11,2026-03-09,1,Catégorielle,Auvergne-Rhône-Alpes
Épidémies Hivernales,Grippe,Niveau d'alerte épidémique,02,2026-S12,2026-03-16,3,Catégorielle,Martinique
Épidémies Hivernales,Grippe,Niveau d'alerte épidémique,04,2026-S12,2026-03-16,1,Catégorielle,La Réunion
Épidémies Hivernales,Grippe,Niveau d'alerte épidémique,24,2026-S12,2026-03-16,1,Catégorielle,Centre-Val de Loire
Épidémies Hivernales,Grippe,Niveau d'alerte épidémique,76,2026-S12,2026-03-16,1,Catégorielle,Occitanie
Épidémies Hivernales,Grippe,Niveau d'alerte épidémique,93,2026-S12,2026-03-16,1,Catégorielle,Provence-Alpes-Côte d'Azur
Épidémies Hivernales,Grippe,Niveau d'alerte épidémique,01,2026-S13,2026-03-23,1,Catégorielle,Guadeloupe
Épidémies Hivernales,Grippe,Niveau d'alerte épidémique,04,2026-S13,2026-03-23,1,Catégorielle,La Réunion
Épidémies Hivernales,Grippe,Niveau d'alerte épidémique,11,2026-S13,2026-03-23,1,Catégorielle,Île-de-France
Épidémies Hivernales,Grippe,Niveau d'alerte épidémique,24,2026-S13,2026-03-23,1,Catégorielle,Centre-Val de Loire
Épidémies Hivernales,Grippe,Niveau d'alerte épidémique,44,2026-S13,2026-03-23,1,Catégorielle,Grand Est
Épidémies Hivernales,Grippe,Niveau d'alerte épidémique,75,2026-S13,2026-03-23,1,Catégorielle,Nouvelle-Aquitaine
Épidémies Hivernales,Grippe,Niveau d'alerte épidémique,93,2026-S13,2026-03-23,1,Catégorielle,Provence-Alpes-Côte d'Azur
Épidémies Hivernales,Grippe,Niveau d'alerte épidémique,94,2026-S13,2026-03-23,1,Catégorielle,Corse
Épidémies Hivernales,Grippe,Niveau d'alerte épidémique,03,2026-S14,2026-03-30,1,Catégorielle,Guyane
Épidémies Hivernales,Grippe,Niveau d'alerte épidémique,24,2026-S14,2026-03-30,1,Catégorielle,Centre-Val de Loire
Épidémies Hivernales,Grippe,Niveau d'alerte épidémique,27,2026-S14,2026-03-30,1,Catégorielle,Bourgogne-Franche-Comté
Épidémies Hivernales,Grippe,Niveau d'alerte épidémique,32,2026-S14,2026-03-30,1,Catégorielle,Hauts-de-France
Épidémies Hivernales,Grippe,Niveau d'alerte épidémique,75,2026-S14,2026-03-30,1,Catégorielle,Nouvelle-Aquitaine
Épidémies Hivernales,Grippe,Niveau d'alerte épidémique,24,2026-S15,2026-04-06,1,Catégorielle,Centre-Val de Loire
Épidémies Hivernales,Grippe,Niveau d'alerte épidémique,52,2026-S15,2026-04-06,1,Catégorielle,Pays de la Loire
Épidémies Hivernales,Grippe,Niveau d'alerte épidémique,75,2026-S15,2026-04-06,1,Catégorielle,Nouvelle-Aquitaine
Épidémies Hivernales,Grippe,Niveau d'alerte épidémique,84,2026-S15,2026-04-06,1,Catégorielle,Auvergne-Rhône-Alpes
Épidémies Hivernales,Grippe,Niveau d'alerte épidémique,93,2026-S15,2026-04-06,1,Catégorielle,Provence-Alpes-Côte d'Azur
Épidémies Hivernales,Grippe,Niveau d'alerte épidémique,03,2026-S16,2026-04-13,1,Catégorielle,Guyane
Épidémies Hivernales,Grippe,Niveau d'alerte épidémique,27,2026-S16,2026-04-13,1,Catégorielle,Bourgogne-Franche-Comté
